2025-05-30 15:26:32,259 - INFO - Starting Procify application
2025-05-30 15:26:32,260 - INFO - Initializing ProcessVisualizer
2025-05-30 15:26:33,166 - INFO - Starting process visualization
2025-05-30 15:26:34,020 - INFO - Initial process node created - PID: 0, Name: System Idle Process, Parent PID: 0
2025-05-30 15:26:34,069 - INFO - Initial process node created - PID: 4, Name: System, Parent PID: 0
2025-05-30 15:26:34,117 - INFO - Initial process node created - PID: 4100, Name: IPROSetMonitor.exe, Parent PID: 828
2025-05-30 15:26:34,171 - INFO - Initial process node created - PID: 7172, Name: conhost.exe, Parent PID: 6868
2025-05-30 15:26:34,189 - INFO - Initial process node created - PID: 8196, Name: audiodg.exe, Parent PID: 2768
2025-05-30 15:26:34,242 - INFO - Initial process node created - PID: 8, Name: WUDFHost.exe, Parent PID: 828
2025-05-30 15:26:34,290 - INFO - Initial process node created - PID: 1544, Name: svchost.exe, Parent PID: 828
2025-05-30 15:26:34,301 - INFO - Initial process node created - PID: 9220, Name: python.exe, Parent PID: 5040
2025-05-30 15:26:34,348 - INFO - Initial process node created - PID: 3088, Name: esif_uf.exe, Parent PID: 828
2025-05-30 15:26:34,398 - INFO - Initial process node created - PID: 11280, Name: SupportAssistAgent.exe, Parent PID: 828
2025-05-30 15:26:34,442 - INFO - Initial process node created - PID: 2068, Name: svchost.exe, Parent PID: 828
2025-05-30 15:26:34,504 - INFO - Initial process node created - PID: 2084, Name: svchost.exe, Parent PID: 828
2025-05-30 15:26:34,558 - INFO - Initial process node created - PID: 2092, Name: svchost.exe, Parent PID: 828
2025-05-30 15:26:34,605 - INFO - Initial process node created - PID: 3116, Name: EvtEng.exe, Parent PID: 828
2025-05-30 15:26:34,652 - INFO - Initial process node created - PID: 4140, Name: svchost.exe, Parent PID: 828
2025-05-30 15:26:34,694 - INFO - Initial process node created - PID: 4652, Name: svchost.exe, Parent PID: 828
2025-05-30 15:26:34,740 - INFO - Initial process node created - PID: 560, Name: fontdrvhost.exe, Parent PID: 756
2025-05-30 15:26:34,795 - INFO - Initial process node created - PID: 1584, Name: svchost.exe, Parent PID: 828
2025-05-30 15:26:34,849 - INFO - Initial process node created - PID: 12332, Name: svchost.exe, Parent PID: 828
2025-05-30 15:26:34,869 - INFO - Initial process node created - PID: 15916, Name: firefox.exe, Parent PID: 10652
2025-05-30 15:26:34,880 - INFO - Initial process node created - PID: 4152, Name: firefox.exe, Parent PID: 10652
2025-05-30 15:26:34,933 - INFO - Initial process node created - PID: 13880, Name: DDVRulesProcessor.exe, Parent PID: 828
2025-05-30 15:26:34,956 - INFO - Initial process node created - PID: 1596, Name: firefox.exe, Parent PID: 10652
2025-05-30 15:26:35,021 - INFO - Initial process node created - PID: 4156, Name: MpDefenderCoreService.exe, Parent PID: 828
2025-05-30 15:26:35,071 - INFO - Initial process node created - PID: 576, Name: smss.exe, Parent PID: 4
2025-05-30 15:26:35,121 - INFO - Initial process node created - PID: 2112, Name: svchost.exe, Parent PID: 828
2025-05-30 15:26:35,144 - INFO - Initial process node created - PID: 13376, Name: firefox.exe, Parent PID: 10652
2025-05-30 15:26:35,194 - INFO - Initial process node created - PID: 1092, Name: svchost.exe, Parent PID: 828
2025-05-30 15:26:35,213 - INFO - Initial process node created - PID: 5188, Name: firefox.exe, Parent PID: 10652
2025-05-30 15:26:35,256 - INFO - Initial process node created - PID: 8260, Name: PresentationFontCache.exe, Parent PID: 828
2025-05-30 15:26:35,281 - INFO - Initial process node created - PID: 9284, Name: firefox.exe, Parent PID: 10652
2025-05-30 15:26:35,301 - INFO - Initial process node created - PID: 12868, Name: conhost.exe, Parent PID: 8292
2025-05-30 15:26:35,318 - INFO - Initial process node created - PID: 13892, Name: firefox.exe, Parent PID: 10652
2025-05-30 15:26:35,362 - INFO - Initial process node created - PID: 14404, Name: DDVCollectorSvcApi.exe, Parent PID: 828
2025-05-30 15:26:35,408 - INFO - Initial process node created - PID: 4684, Name: WMIRegistrationService.exe, Parent PID: 828
2025-05-30 15:26:35,456 - INFO - Initial process node created - PID: 14928, Name: SecurityHealthService.exe, Parent PID: 828
2025-05-30 15:26:35,513 - INFO - Initial process node created - PID: 16976, Name: NisSrv.exe, Parent PID: 828
2025-05-30 15:26:35,570 - INFO - Initial process node created - PID: 596, Name: svchost.exe, Parent PID: 828
2025-05-30 15:26:35,586 - INFO - Initial process node created - PID: 11348, Name: svchost.exe, Parent PID: 828
2025-05-30 15:26:35,626 - INFO - Initial process node created - PID: 1112, Name: svchost.exe, Parent PID: 828
2025-05-30 15:26:35,641 - INFO - Initial process node created - PID: 3164, Name: conhost.exe, Parent PID: 8292
2025-05-30 15:26:35,689 - INFO - Initial process node created - PID: 6236, Name: WmiPrvSE.exe, Parent PID: 596
2025-05-30 15:26:35,713 - INFO - Initial process node created - PID: 4704, Name: Cursor.exe, Parent PID: 1136
2025-05-30 15:26:35,726 - INFO - Initial process node created - PID: 15456, Name: firefox.exe, Parent PID: 10652
2025-05-30 15:26:35,767 - INFO - Initial process node created - PID: 100, Name: Registry, Parent PID: 4
2025-05-30 15:26:35,788 - INFO - Initial process node created - PID: 8292, Name: Cursor.exe, Parent PID: 1136
2025-05-30 15:26:35,830 - INFO - Initial process node created - PID: 3692, Name: AggregatorHost.exe, Parent PID: 4000
2025-05-30 15:26:35,877 - INFO - Initial process node created - PID: 4204, Name: jhi_service.exe, Parent PID: 828
2025-05-30 15:26:35,897 - INFO - Initial process node created - PID: 1136, Name: Cursor.exe, Parent PID: 8840
2025-05-30 15:26:35,936 - INFO - Initial process node created - PID: 1140, Name: svchost.exe, Parent PID: 828
2025-05-30 15:26:35,957 - INFO - Initial process node created - PID: 10868, Name: ADNotificationManager.exe, Parent PID: 15560
2025-05-30 15:26:35,976 - INFO - Initial process node created - PID: 11892, Name: GWIdlMon.exe, Parent PID: 3308
2025-05-30 15:26:36,016 - INFO - Initial process node created - PID: 13428, Name: ServiceShell.exe, Parent PID: 828
2025-05-30 15:26:36,064 - INFO - Initial process node created - PID: 2680, Name: svchost.exe, Parent PID: 828
2025-05-30 15:26:36,106 - INFO - Initial process node created - PID: 6780, Name: Dell.CoreServices.Client.exe, Parent PID: 3948
2025-05-30 15:26:36,151 - INFO - Initial process node created - PID: 8316, Name: svchost.exe, Parent PID: 828
2025-05-30 15:26:36,171 - INFO - Initial process node created - PID: 11900, Name: conhost.exe, Parent PID: 11892
2025-05-30 15:26:36,182 - INFO - Initial process node created - PID: 10368, Name: SDXHelper.exe, Parent PID: 596
2025-05-30 15:26:36,200 - INFO - Initial process node created - PID: 2180, Name: dllhost.exe, Parent PID: 596
2025-05-30 15:26:36,249 - INFO - Initial process node created - PID: 4228, Name: dasHost.exe, Parent PID: 3960
2025-05-30 15:26:36,299 - INFO - Initial process node created - PID: 7812, Name: SearchIndexer.exe, Parent PID: 828
2025-05-30 15:26:36,311 - INFO - Initial process node created - PID: 648, Name: svchost.exe, Parent PID: 828
2025-05-30 15:26:36,356 - INFO - Initial process node created - PID: 13960, Name: svchost.exe, Parent PID: 828
2025-05-30 15:26:36,407 - INFO - Initial process node created - PID: 2700, Name: conhost.exe, Parent PID: 7044
2025-05-30 15:26:36,455 - INFO - Initial process node created - PID: 8332, Name: svchost.exe, Parent PID: 828
2025-05-30 15:26:36,508 - INFO - Initial process node created - PID: 12940, Name: svchost.exe, Parent PID: 828
2025-05-30 15:26:36,527 - INFO - Initial process node created - PID: 15500, Name: AdobeCollabSync.exe, Parent PID: 15560
2025-05-30 15:26:36,575 - INFO - Initial process node created - PID: 1680, Name: svchost.exe, Parent PID: 828
2025-05-30 15:26:36,624 - INFO - Initial process node created - PID: 5776, Name: svchost.exe, Parent PID: 828
2025-05-30 15:26:36,649 - INFO - Initial process node created - PID: 14992, Name: Cursor.exe, Parent PID: 1136
2025-05-30 15:26:36,668 - INFO - Initial process node created - PID: 17036, Name: cmd.exe, Parent PID: 8488
2025-05-30 15:26:36,716 - INFO - Initial process node created - PID: 7316, Name: Dell.TechHub.DataManager.SubAgent.exe, Parent PID: 3948
2025-05-30 15:26:36,735 - INFO - Initial process node created - PID: 16532, Name: Cursor.exe, Parent PID: 14992
2025-05-30 15:26:36,780 - INFO - Initial process node created - PID: 664, Name: csrss.exe, Parent PID: 652
2025-05-30 15:26:36,792 - INFO - Initial process node created - PID: 9880, Name: RuntimeBroker.exe, Parent PID: 596
2025-05-30 15:26:36,802 - INFO - Initial process node created - PID: 11928, Name: firefox.exe, Parent PID: 10652
2025-05-30 15:26:36,830 - INFO - Initial process node created - PID: 2204, Name: StartMenuExperienceHost.exe, Parent PID: 596
2025-05-30 15:26:36,849 - INFO - Initial process node created - PID: 5280, Name: firefox.exe, Parent PID: 10652
2025-05-30 15:26:36,894 - INFO - Initial process node created - PID: 3240, Name: svchost.exe, Parent PID: 828
2025-05-30 15:26:36,944 - INFO - Initial process node created - PID: 7336, Name: Dell.TechHub.Instrumentation.SubAgent.exe, Parent PID: 3948
2025-05-30 15:26:37,019 - INFO - Initial process node created - PID: 5808, Name: svchost.exe, Parent PID: 828
2025-05-30 15:26:37,038 - INFO - Initial process node created - PID: 11440, Name: CompPkgSrv.exe, Parent PID: 596
2025-05-30 15:26:37,057 - INFO - Initial process node created - PID: 13488, Name: ApplicationFrameHost.exe, Parent PID: 596
2025-05-30 15:26:37,098 - INFO - Initial process node created - PID: 692, Name: fontdrvhost.exe, Parent PID: 892
2025-05-30 15:26:37,146 - INFO - Initial process node created - PID: 2228, Name: svchost.exe, Parent PID: 828
2025-05-30 15:26:37,202 - INFO - Initial process node created - PID: 7348, Name: conhost.exe, Parent PID: 7316
2025-05-30 15:26:37,222 - INFO - Initial process node created - PID: 9908, Name: smartscreen.exe, Parent PID: 596
2025-05-30 15:26:37,243 - INFO - Initial process node created - PID: 3256, Name: Cursor.exe, Parent PID: 1136
2025-05-30 15:26:37,299 - INFO - Initial process node created - PID: 8376, Name: svchost.exe, Parent PID: 828
2025-05-30 15:26:37,324 - INFO - Initial process node created - PID: 12468, Name: firefox.exe, Parent PID: 10652
2025-05-30 15:26:37,348 - INFO - Initial process node created - PID: 6332, Name: firefox.exe, Parent PID: 10652
2025-05-30 15:26:37,420 - INFO - Initial process node created - PID: 1732, Name: svchost.exe, Parent PID: 828
2025-05-30 15:26:37,456 - INFO - Initial process node created - PID: 4804, Name: svchost.exe, Parent PID: 828
2025-05-30 15:26:37,512 - INFO - Initial process node created - PID: 7364, Name: conhost.exe, Parent PID: 7336
2025-05-30 15:26:37,560 - INFO - Initial process node created - PID: 7876, Name: svchost.exe, Parent PID: 828
2025-05-30 15:26:37,627 - INFO - Initial process node created - PID: 3272, Name: svchost.exe, Parent PID: 828
2025-05-30 15:26:37,657 - INFO - Initial process node created - PID: 14532, Name: svchost.exe, Parent PID: 828
2025-05-30 15:26:37,691 - INFO - Initial process node created - PID: 15560, Name: AdobeCollabSync.exe, Parent PID: 9044
2025-05-30 15:26:37,749 - INFO - Initial process node created - PID: 3788, Name: svchost.exe, Parent PID: 828
2025-05-30 15:26:37,817 - INFO - Initial process node created - PID: 4300, Name: AuActMon.exe, Parent PID: 3868
2025-05-30 15:26:37,847 - INFO - Initial process node created - PID: 7164, Name: Cursor.exe, Parent PID: 1136
2025-05-30 15:26:37,902 - INFO - Initial process node created - PID: 2768, Name: svchost.exe, Parent PID: 828
2025-05-30 15:26:37,959 - INFO - Initial process node created - PID: 5840, Name: Dell.Update.SubAgent.exe, Parent PID: 3948
2025-05-30 15:26:37,987 - INFO - Initial process node created - PID: 16592, Name: firefox.exe, Parent PID: 10652
2025-05-30 15:26:38,023 - INFO - Initial process node created - PID: 6868, Name: Dell.TechHub.Analytics.SubAgent.exe, Parent PID: 3948
2025-05-30 15:26:38,046 - INFO - Initial process node created - PID: 2264, Name: MemCompression, Parent PID: 4
2025-05-30 15:26:38,052 - INFO - Initial process node created - PID: 7392, Name: firefox.exe, Parent PID: 10652
2025-05-30 15:26:38,059 - INFO - Initial process node created - PID: 11488, Name: WavesSvc64.exe, Parent PID: 8840
2025-05-30 15:26:38,085 - INFO - Initial process node created - PID: 12000, Name: svchost.exe, Parent PID: 828
2025-05-30 15:26:38,109 - INFO - Initial process node created - PID: 4328, Name: AuDBServer.exe, Parent PID: 3868
2025-05-30 15:26:38,132 - INFO - Initial process node created - PID: 4840, Name: conhost.exe, Parent PID: 5840
2025-05-30 15:26:38,156 - INFO - Initial process node created - PID: 3308, Name: GWCtlSrv.exe, Parent PID: 828
2025-05-30 15:26:38,179 - INFO - Initial process node created - PID: 7920, Name: dllhost.exe, Parent PID: 596
2025-05-30 15:26:38,202 - INFO - Initial process node created - PID: 756, Name: wininit.exe, Parent PID: 652
2025-05-30 15:26:38,227 - INFO - Initial process node created - PID: 2292, Name: svchost.exe, Parent PID: 828
2025-05-30 15:26:38,234 - INFO - Initial process node created - PID: 7416, Name: svchost.exe, Parent PID: 828
2025-05-30 15:26:38,242 - INFO - Initial process node created - PID: 8440, Name: igfxEM.exe, Parent PID: 2408
2025-05-30 15:26:38,265 - INFO - Initial process node created - PID: 764, Name: csrss.exe, Parent PID: 748
2025-05-30 15:26:38,289 - INFO - Initial process node created - PID: 5884, Name: unsecapp.exe, Parent PID: 596
2025-05-30 15:26:38,296 - INFO - Initial process node created - PID: 14076, Name: Cursor.exe, Parent PID: 14992
2025-05-30 15:26:38,320 - INFO - Initial process node created - PID: 1280, Name: svchost.exe, Parent PID: 828
2025-05-30 15:26:38,327 - INFO - Initial process node created - PID: 4864, Name: RuntimeBroker.exe, Parent PID: 596
2025-05-30 15:26:38,350 - INFO - Initial process node created - PID: 1796, Name: IntelCpHeciSvc.exe, Parent PID: 828
2025-05-30 15:26:38,378 - INFO - Initial process node created - PID: 1288, Name: svchost.exe, Parent PID: 828
2025-05-30 15:26:38,401 - INFO - Initial process node created - PID: 1292, Name: svchost.exe, Parent PID: 828
2025-05-30 15:26:38,425 - INFO - Initial process node created - PID: 3344, Name: svchost.exe, Parent PID: 828
2025-05-30 15:26:38,433 - INFO - Initial process node created - PID: 6416, Name: Cursor.exe, Parent PID: 14992
2025-05-30 15:26:38,440 - INFO - Initial process node created - PID: 792, Name: Cursor.exe, Parent PID: 1136
2025-05-30 15:26:38,447 - INFO - Initial process node created - PID: 7960, Name: taskhostw.exe, Parent PID: 1732
2025-05-30 15:26:38,454 - INFO - Initial process node created - PID: 11544, Name: RuntimeBroker.exe, Parent PID: 596
2025-05-30 15:26:38,478 - INFO - Initial process node created - PID: 3868, Name: AuWatchDogService.exe, Parent PID: 828
2025-05-30 15:26:38,502 - INFO - Initial process node created - PID: 4380, Name: svchost.exe, Parent PID: 828
2025-05-30 15:26:38,526 - INFO - Initial process node created - PID: 5916, Name: svchost.exe, Parent PID: 828
2025-05-30 15:26:38,534 - INFO - Initial process node created - PID: 13084, Name: firefox.exe, Parent PID: 10652
2025-05-30 15:26:38,558 - INFO - Initial process node created - PID: 3876, Name: armsvc.exe, Parent PID: 828
2025-05-30 15:26:38,586 - INFO - Initial process node created - PID: 7972, Name: svchost.exe, Parent PID: 828
2025-05-30 15:26:38,609 - INFO - Initial process node created - PID: 1832, Name: svchost.exe, Parent PID: 828
2025-05-30 15:26:38,632 - INFO - Initial process node created - PID: 2856, Name: svchost.exe, Parent PID: 828
2025-05-30 15:26:38,640 - INFO - Initial process node created - PID: 8488, Name: explorer.exe, Parent PID: 892
2025-05-30 15:26:38,647 - INFO - Initial process node created - PID: 17704, Name: taskhostw.exe, Parent PID: 1732
2025-05-30 15:26:38,670 - INFO - Initial process node created - PID: 3884, Name: OfficeClickToRun.exe, Parent PID: 828
2025-05-30 15:26:38,694 - INFO - Initial process node created - PID: 2864, Name: svchost.exe, Parent PID: 828
2025-05-30 15:26:38,716 - INFO - Initial process node created - PID: 3376, Name: svchost.exe, Parent PID: 828
2025-05-30 15:26:38,741 - INFO - Initial process node created - PID: 4400, Name: svchost.exe, Parent PID: 828
2025-05-30 15:26:38,764 - INFO - Initial process node created - PID: 9012, Name: svchost.exe, Parent PID: 828
2025-05-30 15:26:38,788 - INFO - Initial process node created - PID: 14132, Name: IAStorDataMgrSvc.exe, Parent PID: 828
2025-05-30 15:26:38,811 - INFO - Initial process node created - PID: 2872, Name: svchost.exe, Parent PID: 828
2025-05-30 15:26:38,836 - INFO - Initial process node created - PID: 3896, Name: svchost.exe, Parent PID: 828
2025-05-30 15:26:38,858 - INFO - Initial process node created - PID: 4408, Name: conhost.exe, Parent PID: 4328
2025-05-30 15:26:38,866 - INFO - Initial process node created - PID: 16696, Name: conhost.exe, Parent PID: 17036
2025-05-30 15:26:38,891 - INFO - Initial process node created - PID: 828, Name: services.exe, Parent PID: 756
2025-05-30 15:26:38,914 - INFO - Initial process node created - PID: 2368, Name: svchost.exe, Parent PID: 828
2025-05-30 15:26:38,921 - INFO - Initial process node created - PID: 9024, Name: Cursor.exe, Parent PID: 1136
2025-05-30 15:26:38,929 - INFO - Initial process node created - PID: 9536, Name: UserOOBEBroker.exe, Parent PID: 596
2025-05-30 15:26:38,936 - INFO - Initial process node created - PID: 13128, Name: powershell.exe, Parent PID: 8292
2025-05-30 15:26:38,944 - INFO - Initial process node created - PID: 3404, Name: firefox.exe, Parent PID: 10652
2025-05-30 15:26:38,951 - INFO - Initial process node created - PID: 12108, Name: firefox.exe, Parent PID: 10652
2025-05-30 15:26:38,974 - INFO - Initial process node created - PID: 8016, Name: Dell.TechHub.Instrumentation.UserProcess.exe, Parent PID: 7336
2025-05-30 15:26:39,000 - INFO - Initial process node created - PID: 2388, Name: svchost.exe, Parent PID: 828
2025-05-30 15:26:39,025 - INFO - Initial process node created - PID: 4440, Name: mDNSResponder.exe, Parent PID: 828
2025-05-30 15:26:39,032 - INFO - Initial process node created - PID: 9048, Name: firefox.exe, Parent PID: 10652
2025-05-30 15:26:39,055 - INFO - Initial process node created - PID: 13656, Name: svchost.exe, Parent PID: 828
2025-05-30 15:26:39,078 - INFO - Initial process node created - PID: 2908, Name: svchost.exe, Parent PID: 828
2025-05-30 15:26:39,102 - INFO - Initial process node created - PID: 8540, Name: svchost.exe, Parent PID: 828
2025-05-30 15:26:39,111 - INFO - Initial process node created - PID: 15708, Name: firefox.exe, Parent PID: 10652
2025-05-30 15:26:39,135 - INFO - Initial process node created - PID: 4448, Name: TbtP2pShortcutService.exe, Parent PID: 828
2025-05-30 15:26:39,143 - INFO - Initial process node created - PID: 9568, Name: svchost.exe, Parent PID: 828
2025-05-30 15:26:39,150 - INFO - Initial process node created - PID: 11616, Name: AuTray.exe, Parent PID: 8840
2025-05-30 15:26:39,173 - INFO - Initial process node created - PID: 2408, Name: igfxCUIService.exe, Parent PID: 828
2025-05-30 15:26:39,194 - INFO - Initial process node created - PID: 4456, Name: ThunderboltService.exe, Parent PID: 828
2025-05-30 15:26:39,215 - INFO - Initial process node created - PID: 876, Name: lsass.exe, Parent PID: 756
2025-05-30 15:26:39,236 - INFO - Initial process node created - PID: 1388, Name: dwm.exe, Parent PID: 892
2025-05-30 15:26:39,260 - INFO - Initial process node created - PID: 3948, Name: Dell.TechHub.exe, Parent PID: 828
2025-05-30 15:26:39,281 - INFO - Initial process node created - PID: 7532, Name: svchost.exe, Parent PID: 828
2025-05-30 15:26:39,302 - INFO - Initial process node created - PID: 4464, Name: svchost.exe, Parent PID: 828
2025-05-30 15:26:39,325 - INFO - Initial process node created - PID: 14192, Name: DDVDataCollector.exe, Parent PID: 828
2025-05-30 15:26:39,332 - INFO - Initial process node created - PID: 17264, Name: Cursor.exe, Parent PID: 6416
2025-05-30 15:26:39,354 - INFO - Initial process node created - PID: 1908, Name: MoUsoCoreWorker.exe, Parent PID: 596
2025-05-30 15:26:39,361 - INFO - Initial process node created - PID: 10100, Name: powershell.exe, Parent PID: 8292
2025-05-30 15:26:39,382 - INFO - Initial process node created - PID: 3960, Name: svchost.exe, Parent PID: 828
2025-05-30 15:26:39,403 - INFO - Initial process node created - PID: 4472, Name: RstMwService.exe, Parent PID: 828
2025-05-30 15:26:39,425 - INFO - Initial process node created - PID: 892, Name: winlogon.exe, Parent PID: 748
2025-05-30 15:26:39,446 - INFO - Initial process node created - PID: 5500, Name: svchost.exe, Parent PID: 828
2025-05-30 15:26:39,477 - INFO - Initial process node created - PID: 9600, Name: svchost.exe, Parent PID: 828
2025-05-30 15:26:39,501 - INFO - Initial process node created - PID: 4484, Name: svchost.exe, Parent PID: 828
2025-05-30 15:26:39,523 - INFO - Initial process node created - PID: 7044, Name: Dell.TechHub.Diagnostics.SubAgent.exe, Parent PID: 3948
2025-05-30 15:26:39,531 - INFO - Initial process node created - PID: 10628, Name: firefox.exe, Parent PID: 10652
2025-05-30 15:26:39,555 - INFO - Initial process node created - PID: 15752, Name: svchost.exe, Parent PID: 828
2025-05-30 15:26:39,563 - INFO - Initial process node created - PID: 5004, Name: SearchApp.exe, Parent PID: 596
2025-05-30 15:26:39,584 - INFO - Initial process node created - PID: 3476, Name: svchost.exe, Parent PID: 828
2025-05-30 15:26:39,591 - INFO - Initial process node created - PID: 8604, Name: ctfmon.exe, Parent PID: 8540
2025-05-30 15:26:39,597 - INFO - Initial process node created - PID: 10652, Name: firefox.exe, Parent PID: 604
2025-05-30 15:26:39,619 - INFO - Initial process node created - PID: 4000, Name: svchost.exe, Parent PID: 828
2025-05-30 15:26:39,626 - INFO - Initial process node created - PID: 13216, Name: CodeSetup-stable-0.50.7.exe, Parent PID: 1136
2025-05-30 15:26:39,646 - INFO - Initial process node created - PID: 2468, Name: svchost.exe, Parent PID: 828
2025-05-30 15:26:39,667 - INFO - Initial process node created - PID: 3496, Name: svchost.exe, Parent PID: 828
2025-05-30 15:26:39,688 - INFO - Initial process node created - PID: 1452, Name: IntelCpHDCPSvc.exe, Parent PID: 828
2025-05-30 15:26:39,710 - INFO - Initial process node created - PID: 3504, Name: svchost.exe, Parent PID: 828
2025-05-30 15:26:39,733 - INFO - Initial process node created - PID: 4016, Name: WmiPrvSE.exe, Parent PID: 596
2025-05-30 15:26:39,738 - INFO - Initial process node created - PID: 5040, Name: python.exe, Parent PID: 17036
2025-05-30 15:26:39,760 - INFO - Initial process node created - PID: 4532, Name: WavesSysSvc64.exe, Parent PID: 828
2025-05-30 15:26:39,780 - INFO - Initial process node created - PID: 4024, Name: svchost.exe, Parent PID: 828
2025-05-30 15:26:39,802 - INFO - Initial process node created - PID: 13756, Name: svchost.exe, Parent PID: 828
2025-05-30 15:26:39,809 - INFO - Initial process node created - PID: 4544, Name: Cursor.exe, Parent PID: 1136
2025-05-30 15:26:39,829 - INFO - Initial process node created - PID: 9152, Name: svchost.exe, Parent PID: 828
2025-05-30 15:26:39,837 - INFO - Initial process node created - PID: 10688, Name: RuntimeBroker.exe, Parent PID: 596
2025-05-30 15:26:39,844 - INFO - Initial process node created - PID: 1476, Name: TextInputHost.exe, Parent PID: 596
2025-05-30 15:26:39,851 - INFO - Initial process node created - PID: 9160, Name: ShellExperienceHost.exe, Parent PID: 596
2025-05-30 15:26:39,874 - INFO - Initial process node created - PID: 1996, Name: svchost.exe, Parent PID: 828
2025-05-30 15:26:39,894 - INFO - Initial process node created - PID: 8652, Name: svchost.exe, Parent PID: 828
2025-05-30 15:26:39,901 - INFO - Initial process node created - PID: 12748, Name: firefox.exe, Parent PID: 10652
2025-05-30 15:26:39,910 - INFO - Initial process node created - PID: 3536, Name: Cursor.exe, Parent PID: 14992
2025-05-30 15:26:39,917 - INFO - Initial process node created - PID: 15828, Name: taskhostw.exe, Parent PID: 1732
2025-05-30 15:26:39,924 - INFO - Initial process node created - PID: 6616, Name: sihost.exe, Parent PID: 1112
2025-05-30 15:26:39,931 - INFO - Initial process node created - PID: 7640, Name: notepad.exe, Parent PID: 6464
2025-05-30 15:26:39,955 - INFO - Initial process node created - PID: 1504, Name: svchost.exe, Parent PID: 828
2025-05-30 15:26:39,977 - INFO - Initial process node created - PID: 5088, Name: tunmgr.exe, Parent PID: 828
2025-05-30 15:26:40,001 - INFO - Initial process node created - PID: 3556, Name: spoolsv.exe, Parent PID: 828
2025-05-30 15:26:40,007 - INFO - Initial process node created - PID: 18404, Name: firefox.exe, Parent PID: 10652
2025-05-30 15:26:40,015 - INFO - Initial process node created - PID: 12776, Name: CodeSetup-stable-0.50.7.tmp, Parent PID: 13216
2025-05-30 15:26:40,060 - INFO - Initial process node created - PID: 4588, Name: MsMpEng.exe, Parent PID: 828
2025-05-30 15:26:40,108 - INFO - Initial process node created - PID: 7148, Name: BbDevMgr.exe, Parent PID: 828
2025-05-30 15:26:40,155 - INFO - Initial process node created - PID: 3056, Name: svchost.exe, Parent PID: 828
2025-05-30 15:26:40,175 - INFO - Initial process node created - PID: 1012, Name: firefox.exe, Parent PID: 10652
2025-05-30 15:26:40,219 - INFO - Initial process node created - PID: 1524, Name: svchost.exe, Parent PID: 828
2025-05-30 15:26:40,263 - INFO - Initial process node created - PID: 2548, Name: svchost.exe, Parent PID: 828
2025-05-30 15:26:40,307 - INFO - Initial process node created - PID: 10232, Name: svchost.exe, Parent PID: 828
2025-05-30 15:26:40,354 - INFO - Initial process node created - PID: 2556, Name: svchost.exe, Parent PID: 828
2025-05-30 15:26:57,459 - ERROR - Error rendering process text: invalid color argument
2025-05-30 15:26:57,508 - ERROR - Error rendering process text: invalid color argument
2025-05-30 15:26:57,564 - ERROR - Error rendering process text: invalid color argument
2025-05-30 15:26:57,613 - ERROR - Error rendering process text: invalid color argument
2025-05-30 15:26:57,663 - ERROR - Error rendering process text: invalid color argument
2025-05-30 15:26:57,713 - ERROR - Error rendering process text: invalid color argument
2025-05-30 15:26:57,763 - ERROR - Error rendering process text: invalid color argument
2025-05-30 15:26:57,815 - ERROR - Error rendering process text: invalid color argument
2025-05-30 15:26:57,865 - ERROR - Error rendering process text: invalid color argument
2025-05-30 15:26:57,917 - ERROR - Error rendering process text: invalid color argument
2025-05-30 15:26:57,967 - ERROR - Error rendering process text: invalid color argument
2025-05-30 15:26:58,016 - ERROR - Error rendering process text: invalid color argument
2025-05-30 15:26:58,068 - ERROR - Error rendering process text: invalid color argument
2025-05-30 15:26:58,117 - ERROR - Error rendering process text: invalid color argument
2025-05-30 15:26:58,167 - ERROR - Error rendering process text: invalid color argument
2025-05-30 15:26:58,219 - ERROR - Error rendering process text: invalid color argument
2025-05-30 15:26:58,279 - ERROR - Error rendering process text: invalid color argument
2025-05-30 15:26:58,324 - ERROR - Error rendering process text: invalid color argument
2025-05-30 15:26:58,374 - ERROR - Error rendering process text: invalid color argument
2025-05-30 15:26:58,424 - ERROR - Error rendering process text: invalid color argument
2025-05-30 15:26:58,472 - ERROR - Error rendering process text: invalid color argument
2025-05-30 15:26:58,522 - ERROR - Error rendering process text: invalid color argument
2025-05-30 15:26:58,577 - ERROR - Error rendering process text: invalid color argument
2025-05-30 15:26:58,626 - ERROR - Error rendering process text: invalid color argument
2025-05-30 15:26:58,674 - ERROR - Error rendering process text: invalid color argument
2025-05-30 15:26:58,724 - ERROR - Error rendering process text: invalid color argument
2025-05-30 15:26:58,776 - ERROR - Error rendering process text: invalid color argument
2025-05-30 15:26:58,827 - ERROR - Error rendering process text: invalid color argument
2025-05-30 15:26:58,876 - ERROR - Error rendering process text: invalid color argument
2025-05-30 15:26:58,927 - ERROR - Error rendering process text: invalid color argument
2025-05-30 15:26:58,978 - ERROR - Error rendering process text: invalid color argument
2025-05-30 15:26:59,028 - ERROR - Error rendering process text: invalid color argument
2025-05-30 15:26:59,077 - ERROR - Error rendering process text: invalid color argument
2025-05-30 15:26:59,123 - ERROR - Error rendering process text: invalid color argument
2025-05-30 15:26:59,174 - ERROR - Error rendering process text: invalid color argument
2025-05-30 15:26:59,230 - ERROR - Error rendering process text: invalid color argument
2025-05-30 15:26:59,278 - ERROR - Error rendering process text: invalid color argument
2025-05-30 15:26:59,330 - ERROR - Error rendering process text: invalid color argument
2025-05-30 15:26:59,380 - ERROR - Error rendering process text: invalid color argument
2025-05-30 15:26:59,430 - ERROR - Error rendering process text: invalid color argument
2025-05-30 15:27:00,185 - ERROR - Error rendering process text: invalid color argument
2025-05-30 15:27:01,158 - ERROR - Error rendering process text: invalid color argument
2025-05-30 15:27:01,492 - ERROR - Error rendering process text: invalid color argument
2025-05-30 15:27:02,420 - ERROR - Error rendering process text: invalid color argument
2025-05-30 15:27:02,434 - ERROR - Error rendering process text: invalid color argument
2025-05-30 15:27:02,436 - ERROR - Error rendering process text: invalid color argument
2025-05-30 15:27:02,482 - ERROR - Error rendering process text: invalid color argument
2025-05-30 15:27:02,485 - ERROR - Error rendering process text: invalid color argument
2025-05-30 15:27:02,537 - ERROR - Error rendering process text: invalid color argument
2025-05-30 15:27:02,541 - ERROR - Error rendering process text: invalid color argument
2025-05-30 15:27:02,589 - ERROR - Error rendering process text: invalid color argument
2025-05-30 15:27:02,593 - ERROR - Error rendering process text: invalid color argument
2025-05-30 15:27:02,640 - ERROR - Error rendering process text: invalid color argument
2025-05-30 15:27:02,645 - ERROR - Error rendering process text: invalid color argument
2025-05-30 15:27:02,690 - ERROR - Error rendering process text: invalid color argument
2025-05-30 15:27:02,697 - ERROR - Error rendering process text: invalid color argument
2025-05-30 15:27:02,745 - ERROR - Error rendering process text: invalid color argument
2025-05-30 15:27:02,749 - ERROR - Error rendering process text: invalid color argument
2025-05-30 15:27:02,790 - ERROR - Error rendering process text: invalid color argument
2025-05-30 15:27:02,798 - ERROR - Error rendering process text: invalid color argument
2025-05-30 15:27:02,836 - ERROR - Error rendering process text: invalid color argument
2025-05-30 15:27:02,840 - ERROR - Error rendering process text: invalid color argument
2025-05-30 15:27:02,892 - ERROR - Error rendering process text: invalid color argument
2025-05-30 15:27:02,898 - ERROR - Error rendering process text: invalid color argument
2025-05-30 15:27:02,942 - ERROR - Error rendering process text: invalid color argument
2025-05-30 15:27:02,949 - ERROR - Error rendering process text: invalid color argument
2025-05-30 15:27:02,994 - ERROR - Error rendering process text: invalid color argument
2025-05-30 15:27:03,000 - ERROR - Error rendering process text: invalid color argument
2025-05-30 15:27:03,045 - ERROR - Error rendering process text: invalid color argument
2025-05-30 15:27:03,051 - ERROR - Error rendering process text: invalid color argument
2025-05-30 15:27:03,094 - ERROR - Error rendering process text: invalid color argument
2025-05-30 15:27:03,101 - ERROR - Error rendering process text: invalid color argument
2025-05-30 15:27:03,145 - ERROR - Error rendering process text: invalid color argument
2025-05-30 15:27:03,151 - ERROR - Error rendering process text: invalid color argument
2025-05-30 15:27:03,195 - ERROR - Error rendering process text: invalid color argument
2025-05-30 15:27:03,201 - ERROR - Error rendering process text: invalid color argument
2025-05-30 15:27:03,247 - ERROR - Error rendering process text: invalid color argument
2025-05-30 15:27:03,251 - ERROR - Error rendering process text: invalid color argument
2025-05-30 15:27:03,298 - ERROR - Error rendering process text: invalid color argument
2025-05-30 15:27:03,305 - ERROR - Error rendering process text: invalid color argument
2025-05-30 15:27:03,350 - ERROR - Error rendering process text: invalid color argument
2025-05-30 15:27:03,355 - ERROR - Error rendering process text: invalid color argument
2025-05-30 15:27:03,400 - ERROR - Error rendering process text: invalid color argument
2025-05-30 15:27:03,408 - ERROR - Error rendering process text: invalid color argument
2025-05-30 15:27:03,444 - ERROR - Error rendering process text: invalid color argument
2025-05-30 15:27:03,448 - ERROR - Error rendering process text: invalid color argument
2025-05-30 15:27:03,512 - ERROR - Error rendering process text: invalid color argument
2025-05-30 15:27:03,516 - ERROR - Error rendering process text: invalid color argument
2025-05-30 15:27:03,547 - ERROR - Error rendering process text: invalid color argument
2025-05-30 15:27:03,551 - ERROR - Error rendering process text: invalid color argument
2025-05-30 15:27:03,596 - ERROR - Error rendering process text: invalid color argument
2025-05-30 15:27:03,600 - ERROR - Error rendering process text: invalid color argument
2025-05-30 15:27:03,646 - ERROR - Error rendering process text: invalid color argument
2025-05-30 15:27:03,651 - ERROR - Error rendering process text: invalid color argument
2025-05-30 15:27:03,700 - ERROR - Error rendering process text: invalid color argument
2025-05-30 15:27:03,706 - ERROR - Error rendering process text: invalid color argument
2025-05-30 15:27:03,751 - ERROR - Error rendering process text: invalid color argument
2025-05-30 15:27:03,757 - ERROR - Error rendering process text: invalid color argument
2025-05-30 15:27:03,800 - ERROR - Error rendering process text: invalid color argument
2025-05-30 15:27:03,807 - ERROR - Error rendering process text: invalid color argument
2025-05-30 15:27:03,851 - ERROR - Error rendering process text: invalid color argument
2025-05-30 15:27:03,858 - ERROR - Error rendering process text: invalid color argument
2025-05-30 15:27:03,902 - ERROR - Error rendering process text: invalid color argument
2025-05-30 15:27:03,908 - ERROR - Error rendering process text: invalid color argument
2025-05-30 15:27:03,952 - ERROR - Error rendering process text: invalid color argument
2025-05-30 15:27:03,960 - ERROR - Error rendering process text: invalid color argument
2025-05-30 15:27:04,001 - ERROR - Error rendering process text: invalid color argument
2025-05-30 15:27:04,008 - ERROR - Error rendering process text: invalid color argument
2025-05-30 15:27:04,052 - ERROR - Error rendering process text: invalid color argument
2025-05-30 15:27:04,059 - ERROR - Error rendering process text: invalid color argument
2025-05-30 15:27:04,106 - ERROR - Error rendering process text: invalid color argument
2025-05-30 15:27:04,112 - ERROR - Error rendering process text: invalid color argument
2025-05-30 15:27:04,153 - ERROR - Error rendering process text: invalid color argument
2025-05-30 15:27:04,158 - ERROR - Error rendering process text: invalid color argument
2025-05-30 15:27:04,204 - ERROR - Error rendering process text: invalid color argument
2025-05-30 15:27:04,210 - ERROR - Error rendering process text: invalid color argument
2025-05-30 15:27:04,253 - ERROR - Error rendering process text: invalid color argument
2025-05-30 15:27:04,260 - ERROR - Error rendering process text: invalid color argument
2025-05-30 15:27:04,304 - ERROR - Error rendering process text: invalid color argument
2025-05-30 15:27:04,311 - ERROR - Error rendering process text: invalid color argument
2025-05-30 15:27:04,365 - ERROR - Error rendering process text: invalid color argument
2025-05-30 15:27:04,378 - ERROR - Error rendering process text: invalid color argument
2025-05-30 15:27:04,411 - ERROR - Error rendering process text: invalid color argument
2025-05-30 15:27:04,415 - ERROR - Error rendering process text: invalid color argument
2025-05-30 15:27:05,378 - ERROR - Error rendering process text: invalid color argument
2025-05-30 15:27:05,592 - ERROR - Error rendering process text: invalid color argument
2025-05-30 15:27:06,523 - ERROR - Error rendering process text: invalid color argument
2025-05-30 15:27:06,776 - ERROR - Error rendering process text: invalid color argument
2025-05-30 15:27:07,200 - ERROR - Error rendering process text: invalid color argument
2025-05-30 15:27:07,202 - ERROR - Error rendering process text: invalid color argument
2025-05-30 15:27:07,217 - INFO - New process node created - PID: 10068, Name: firefox.exe, Parent PID: 10652
2025-05-30 15:27:07,225 - ERROR - Error rendering process text: invalid color argument
2025-05-30 15:27:07,227 - ERROR - Error rendering process text: invalid color argument
2025-05-30 15:27:07,270 - ERROR - Error rendering process text: invalid color argument
2025-05-30 15:27:07,274 - ERROR - Error rendering process text: invalid color argument
2025-05-30 15:27:07,320 - ERROR - Error rendering process text: invalid color argument
2025-05-30 15:27:07,326 - ERROR - Error rendering process text: invalid color argument
2025-05-30 15:27:07,369 - ERROR - Error rendering process text: invalid color argument
2025-05-30 15:27:07,374 - ERROR - Error rendering process text: invalid color argument
2025-05-30 15:27:07,420 - ERROR - Error rendering process text: invalid color argument
2025-05-30 15:27:07,425 - ERROR - Error rendering process text: invalid color argument
2025-05-30 15:27:07,469 - ERROR - Error rendering process text: invalid color argument
2025-05-30 15:27:07,474 - ERROR - Error rendering process text: invalid color argument
2025-05-30 15:27:07,519 - ERROR - Error rendering process text: invalid color argument
2025-05-30 15:27:07,524 - ERROR - Error rendering process text: invalid color argument
2025-05-30 15:27:07,571 - ERROR - Error rendering process text: invalid color argument
2025-05-30 15:27:07,576 - ERROR - Error rendering process text: invalid color argument
2025-05-30 15:27:07,622 - ERROR - Error rendering process text: invalid color argument
2025-05-30 15:27:07,630 - ERROR - Error rendering process text: invalid color argument
2025-05-30 15:27:07,667 - ERROR - Error rendering process text: invalid color argument
2025-05-30 15:27:07,671 - ERROR - Error rendering process text: invalid color argument
2025-05-30 15:27:07,720 - ERROR - Error rendering process text: invalid color argument
2025-05-30 15:27:07,725 - ERROR - Error rendering process text: invalid color argument
2025-05-30 15:27:07,771 - ERROR - Error rendering process text: invalid color argument
2025-05-30 15:27:07,777 - ERROR - Error rendering process text: invalid color argument
2025-05-30 15:27:07,822 - ERROR - Error rendering process text: invalid color argument
2025-05-30 15:27:07,829 - ERROR - Error rendering process text: invalid color argument
2025-05-30 15:27:07,874 - ERROR - Error rendering process text: invalid color argument
2025-05-30 15:27:07,880 - ERROR - Error rendering process text: invalid color argument
2025-05-30 15:27:07,922 - ERROR - Error rendering process text: invalid color argument
2025-05-30 15:27:07,928 - ERROR - Error rendering process text: invalid color argument
2025-05-30 15:27:07,973 - ERROR - Error rendering process text: invalid color argument
2025-05-30 15:27:07,980 - ERROR - Error rendering process text: invalid color argument
2025-05-30 15:27:08,023 - ERROR - Error rendering process text: invalid color argument
2025-05-30 15:27:08,029 - ERROR - Error rendering process text: invalid color argument
2025-05-30 15:27:08,072 - ERROR - Error rendering process text: invalid color argument
2025-05-30 15:27:08,079 - ERROR - Error rendering process text: invalid color argument
2025-05-30 15:27:08,122 - ERROR - Error rendering process text: invalid color argument
2025-05-30 15:27:08,128 - ERROR - Error rendering process text: invalid color argument
2025-05-30 15:27:08,172 - ERROR - Error rendering process text: invalid color argument
2025-05-30 15:27:08,178 - ERROR - Error rendering process text: invalid color argument
2025-05-30 15:27:08,222 - ERROR - Error rendering process text: invalid color argument
2025-05-30 15:27:08,229 - ERROR - Error rendering process text: invalid color argument
2025-05-30 15:27:08,272 - ERROR - Error rendering process text: invalid color argument
2025-05-30 15:27:08,279 - ERROR - Error rendering process text: invalid color argument
2025-05-30 15:27:08,324 - ERROR - Error rendering process text: invalid color argument
2025-05-30 15:27:08,331 - ERROR - Error rendering process text: invalid color argument
2025-05-30 15:27:08,376 - ERROR - Error rendering process text: invalid color argument
2025-05-30 15:27:08,384 - ERROR - Error rendering process text: invalid color argument
2025-05-30 15:27:08,427 - ERROR - Error rendering process text: invalid color argument
2025-05-30 15:27:08,434 - ERROR - Error rendering process text: invalid color argument
2025-05-30 15:27:08,478 - ERROR - Error rendering process text: invalid color argument
2025-05-30 15:27:08,484 - ERROR - Error rendering process text: invalid color argument
2025-05-30 15:27:08,531 - ERROR - Error rendering process text: invalid color argument
2025-05-30 15:27:08,538 - ERROR - Error rendering process text: invalid color argument
2025-05-30 15:27:08,583 - ERROR - Error rendering process text: invalid color argument
2025-05-30 15:27:08,592 - ERROR - Error rendering process text: invalid color argument
2025-05-30 15:27:08,630 - ERROR - Error rendering process text: invalid color argument
2025-05-30 15:27:08,637 - ERROR - Error rendering process text: invalid color argument
2025-05-30 15:27:08,678 - ERROR - Error rendering process text: invalid color argument
2025-05-30 15:27:08,683 - ERROR - Error rendering process text: invalid color argument
2025-05-30 15:27:08,724 - ERROR - Error rendering process text: invalid color argument
2025-05-30 15:27:08,729 - ERROR - Error rendering process text: invalid color argument
2025-05-30 15:27:08,775 - ERROR - Error rendering process text: invalid color argument
2025-05-30 15:27:08,779 - ERROR - Error rendering process text: invalid color argument
2025-05-30 15:27:08,825 - ERROR - Error rendering process text: invalid color argument
2025-05-30 15:27:08,829 - ERROR - Error rendering process text: invalid color argument
2025-05-30 15:27:08,874 - ERROR - Error rendering process text: invalid color argument
2025-05-30 15:27:08,878 - ERROR - Error rendering process text: invalid color argument
2025-05-30 15:27:08,928 - ERROR - Error rendering process text: invalid color argument
2025-05-30 15:27:08,934 - ERROR - Error rendering process text: invalid color argument
2025-05-30 15:27:08,982 - ERROR - Error rendering process text: invalid color argument
2025-05-30 15:27:08,989 - ERROR - Error rendering process text: invalid color argument
2025-05-30 15:27:09,031 - ERROR - Error rendering process text: invalid color argument
2025-05-30 15:27:09,038 - ERROR - Error rendering process text: invalid color argument
2025-05-30 15:27:09,083 - ERROR - Error rendering process text: invalid color argument
2025-05-30 15:27:09,090 - ERROR - Error rendering process text: invalid color argument
2025-05-30 15:27:09,129 - ERROR - Error rendering process text: invalid color argument
2025-05-30 15:27:09,134 - ERROR - Error rendering process text: invalid color argument
2025-05-30 15:27:09,179 - ERROR - Error rendering process text: invalid color argument
2025-05-30 15:27:09,185 - ERROR - Error rendering process text: invalid color argument
2025-05-30 15:27:10,111 - ERROR - Error rendering process text: invalid color argument
2025-05-30 15:27:10,314 - ERROR - Error rendering process text: invalid color argument
2025-05-30 15:27:11,402 - ERROR - Error rendering process text: invalid color argument
2025-05-30 15:27:11,604 - ERROR - Error rendering process text: invalid color argument
2025-05-30 15:27:12,184 - ERROR - Error rendering process text: invalid color argument
2025-05-30 15:27:12,187 - ERROR - Error rendering process text: invalid color argument
2025-05-30 15:27:12,201 - ERROR - Error rendering process text: invalid color argument
2025-05-30 15:27:12,204 - ERROR - Error rendering process text: invalid color argument
2025-05-30 15:27:12,253 - ERROR - Error rendering process text: invalid color argument
2025-05-30 15:27:12,257 - ERROR - Error rendering process text: invalid color argument
2025-05-30 15:27:12,304 - ERROR - Error rendering process text: invalid color argument
2025-05-30 15:27:12,310 - ERROR - Error rendering process text: invalid color argument
2025-05-30 15:27:12,355 - ERROR - Error rendering process text: invalid color argument
2025-05-30 15:27:12,361 - ERROR - Error rendering process text: invalid color argument
2025-05-30 15:27:12,405 - ERROR - Error rendering process text: invalid color argument
2025-05-30 15:27:12,411 - ERROR - Error rendering process text: invalid color argument
2025-05-30 15:27:12,455 - ERROR - Error rendering process text: invalid color argument
2025-05-30 15:27:12,461 - ERROR - Error rendering process text: invalid color argument
2025-05-30 15:27:12,504 - ERROR - Error rendering process text: invalid color argument
2025-05-30 15:27:12,510 - ERROR - Error rendering process text: invalid color argument
2025-05-30 15:27:12,554 - ERROR - Error rendering process text: invalid color argument
2025-05-30 15:27:12,560 - ERROR - Error rendering process text: invalid color argument
2025-05-30 15:27:12,605 - ERROR - Error rendering process text: invalid color argument
2025-05-30 15:27:12,612 - ERROR - Error rendering process text: invalid color argument
2025-05-30 15:27:12,654 - ERROR - Error rendering process text: invalid color argument
2025-05-30 15:27:12,660 - ERROR - Error rendering process text: invalid color argument
2025-05-30 15:27:12,706 - ERROR - Error rendering process text: invalid color argument
2025-05-30 15:27:12,712 - ERROR - Error rendering process text: invalid color argument
2025-05-30 15:27:12,757 - ERROR - Error rendering process text: invalid color argument
2025-05-30 15:27:12,763 - ERROR - Error rendering process text: invalid color argument
2025-05-30 15:27:12,807 - ERROR - Error rendering process text: invalid color argument
2025-05-30 15:27:12,814 - ERROR - Error rendering process text: invalid color argument
2025-05-30 15:27:12,859 - ERROR - Error rendering process text: invalid color argument
2025-05-30 15:27:12,865 - ERROR - Error rendering process text: invalid color argument
2025-05-30 15:27:12,908 - ERROR - Error rendering process text: invalid color argument
2025-05-30 15:27:12,914 - ERROR - Error rendering process text: invalid color argument
2025-05-30 15:27:12,960 - ERROR - Error rendering process text: invalid color argument
2025-05-30 15:27:12,968 - ERROR - Error rendering process text: invalid color argument
2025-05-30 15:27:13,005 - ERROR - Error rendering process text: invalid color argument
2025-05-30 15:27:13,009 - ERROR - Error rendering process text: invalid color argument
2025-05-30 15:27:13,060 - ERROR - Error rendering process text: invalid color argument
2025-05-30 15:27:13,066 - ERROR - Error rendering process text: invalid color argument
2025-05-30 15:27:13,110 - ERROR - Error rendering process text: invalid color argument
2025-05-30 15:27:13,115 - ERROR - Error rendering process text: invalid color argument
2025-05-30 15:27:13,161 - ERROR - Error rendering process text: invalid color argument
2025-05-30 15:27:13,168 - ERROR - Error rendering process text: invalid color argument
2025-05-30 15:27:13,210 - ERROR - Error rendering process text: invalid color argument
2025-05-30 15:27:13,218 - ERROR - Error rendering process text: invalid color argument
2025-05-30 15:27:13,261 - ERROR - Error rendering process text: invalid color argument
2025-05-30 15:27:13,268 - ERROR - Error rendering process text: invalid color argument
2025-05-30 15:27:13,312 - ERROR - Error rendering process text: invalid color argument
2025-05-30 15:27:13,318 - ERROR - Error rendering process text: invalid color argument
2025-05-30 15:27:13,363 - ERROR - Error rendering process text: invalid color argument
2025-05-30 15:27:13,369 - ERROR - Error rendering process text: invalid color argument
2025-05-30 15:27:13,413 - ERROR - Error rendering process text: invalid color argument
2025-05-30 15:27:13,420 - ERROR - Error rendering process text: invalid color argument
2025-05-30 15:27:13,465 - ERROR - Error rendering process text: invalid color argument
2025-05-30 15:27:13,471 - ERROR - Error rendering process text: invalid color argument
2025-05-30 15:27:13,514 - ERROR - Error rendering process text: invalid color argument
2025-05-30 15:27:13,520 - ERROR - Error rendering process text: invalid color argument
2025-05-30 15:27:13,567 - ERROR - Error rendering process text: invalid color argument
2025-05-30 15:27:13,575 - ERROR - Error rendering process text: invalid color argument
2025-05-30 15:27:13,615 - ERROR - Error rendering process text: invalid color argument
2025-05-30 15:27:13,622 - ERROR - Error rendering process text: invalid color argument
2025-05-30 15:27:13,665 - ERROR - Error rendering process text: invalid color argument
2025-05-30 15:27:13,674 - ERROR - Error rendering process text: invalid color argument
2025-05-30 15:27:13,716 - ERROR - Error rendering process text: invalid color argument
2025-05-30 15:27:13,724 - ERROR - Error rendering process text: invalid color argument
2025-05-30 15:27:13,767 - ERROR - Error rendering process text: invalid color argument
2025-05-30 15:27:13,775 - ERROR - Error rendering process text: invalid color argument
2025-05-30 15:27:13,817 - ERROR - Error rendering process text: invalid color argument
2025-05-30 15:27:13,824 - ERROR - Error rendering process text: invalid color argument
2025-05-30 15:27:13,867 - ERROR - Error rendering process text: invalid color argument
2025-05-30 15:27:13,875 - ERROR - Error rendering process text: invalid color argument
2025-05-30 15:27:13,916 - ERROR - Error rendering process text: invalid color argument
2025-05-30 15:27:13,923 - ERROR - Error rendering process text: invalid color argument
2025-05-30 15:27:13,966 - ERROR - Error rendering process text: invalid color argument
2025-05-30 15:27:13,973 - ERROR - Error rendering process text: invalid color argument
2025-05-30 15:27:14,018 - ERROR - Error rendering process text: invalid color argument
2025-05-30 15:27:14,027 - ERROR - Error rendering process text: invalid color argument
2025-05-30 15:27:14,067 - ERROR - Error rendering process text: invalid color argument
2025-05-30 15:27:14,073 - ERROR - Error rendering process text: invalid color argument
2025-05-30 15:27:14,118 - ERROR - Error rendering process text: invalid color argument
2025-05-30 15:27:14,127 - ERROR - Error rendering process text: invalid color argument
2025-05-30 15:27:14,165 - ERROR - Error rendering process text: invalid color argument
2025-05-30 15:27:14,169 - ERROR - Error rendering process text: invalid color argument
2025-05-30 15:27:15,093 - ERROR - Error rendering process text: invalid color argument
2025-05-30 15:27:15,305 - ERROR - Error rendering process text: invalid color argument
2025-05-30 15:27:16,086 - ERROR - Error rendering process text: invalid color argument
2025-05-30 15:27:16,304 - ERROR - Error rendering process text: invalid color argument
2025-05-30 15:27:16,953 - ERROR - Error rendering process text: invalid color argument
2025-05-30 15:27:16,955 - ERROR - Error rendering process text: invalid color argument
2025-05-30 15:27:16,969 - ERROR - Error rendering process text: invalid color argument
2025-05-30 15:27:16,971 - ERROR - Error rendering process text: invalid color argument
2025-05-30 15:27:17,023 - ERROR - Error rendering process text: invalid color argument
2025-05-30 15:27:17,028 - ERROR - Error rendering process text: invalid color argument
2025-05-30 15:27:17,074 - ERROR - Error rendering process text: invalid color argument
2025-05-30 15:27:17,080 - ERROR - Error rendering process text: invalid color argument
2025-05-30 15:27:17,125 - ERROR - Error rendering process text: invalid color argument
2025-05-30 15:27:17,131 - ERROR - Error rendering process text: invalid color argument
2025-05-30 15:27:17,174 - ERROR - Error rendering process text: invalid color argument
2025-05-30 15:27:17,179 - ERROR - Error rendering process text: invalid color argument
2025-05-30 15:27:17,225 - ERROR - Error rendering process text: invalid color argument
2025-05-30 15:27:17,231 - ERROR - Error rendering process text: invalid color argument
2025-05-30 15:27:17,275 - ERROR - Error rendering process text: invalid color argument
2025-05-30 15:27:17,280 - ERROR - Error rendering process text: invalid color argument
2025-05-30 15:27:17,328 - ERROR - Error rendering process text: invalid color argument
2025-05-30 15:27:17,333 - ERROR - Error rendering process text: invalid color argument
2025-05-30 15:27:17,376 - ERROR - Error rendering process text: invalid color argument
2025-05-30 15:27:17,381 - ERROR - Error rendering process text: invalid color argument
2025-05-30 15:27:17,429 - ERROR - Error rendering process text: invalid color argument
2025-05-30 15:27:17,433 - ERROR - Error rendering process text: invalid color argument
2025-05-30 15:27:17,478 - ERROR - Error rendering process text: invalid color argument
2025-05-30 15:27:17,484 - ERROR - Error rendering process text: invalid color argument
2025-05-30 15:27:17,530 - ERROR - Error rendering process text: invalid color argument
2025-05-30 15:27:17,535 - ERROR - Error rendering process text: invalid color argument
2025-05-30 15:27:17,580 - ERROR - Error rendering process text: invalid color argument
2025-05-30 15:27:17,585 - ERROR - Error rendering process text: invalid color argument
2025-05-30 15:27:17,630 - ERROR - Error rendering process text: invalid color argument
2025-05-30 15:27:17,635 - ERROR - Error rendering process text: invalid color argument
2025-05-30 15:27:17,680 - ERROR - Error rendering process text: invalid color argument
2025-05-30 15:27:17,686 - ERROR - Error rendering process text: invalid color argument
2025-05-30 15:27:17,730 - ERROR - Error rendering process text: invalid color argument
2025-05-30 15:27:17,736 - ERROR - Error rendering process text: invalid color argument
2025-05-30 15:27:17,781 - ERROR - Error rendering process text: invalid color argument
2025-05-30 15:27:17,786 - ERROR - Error rendering process text: invalid color argument
2025-05-30 15:27:17,833 - ERROR - Error rendering process text: invalid color argument
2025-05-30 15:27:17,840 - ERROR - Error rendering process text: invalid color argument
2025-05-30 15:27:17,881 - ERROR - Error rendering process text: invalid color argument
2025-05-30 15:27:17,887 - ERROR - Error rendering process text: invalid color argument
2025-05-30 15:27:17,932 - ERROR - Error rendering process text: invalid color argument
2025-05-30 15:27:17,938 - ERROR - Error rendering process text: invalid color argument
2025-05-30 15:27:17,982 - ERROR - Error rendering process text: invalid color argument
2025-05-30 15:27:17,988 - ERROR - Error rendering process text: invalid color argument
2025-05-30 15:27:18,033 - ERROR - Error rendering process text: invalid color argument
2025-05-30 15:27:18,039 - ERROR - Error rendering process text: invalid color argument
2025-05-30 15:27:18,084 - ERROR - Error rendering process text: invalid color argument
2025-05-30 15:27:18,090 - ERROR - Error rendering process text: invalid color argument
2025-05-30 15:27:18,136 - ERROR - Error rendering process text: invalid color argument
2025-05-30 15:27:18,143 - ERROR - Error rendering process text: invalid color argument
2025-05-30 15:27:18,187 - ERROR - Error rendering process text: invalid color argument
2025-05-30 15:27:18,192 - ERROR - Error rendering process text: invalid color argument
2025-05-30 15:27:18,236 - ERROR - Error rendering process text: invalid color argument
2025-05-30 15:27:18,241 - ERROR - Error rendering process text: invalid color argument
2025-05-30 15:27:18,286 - ERROR - Error rendering process text: invalid color argument
2025-05-30 15:27:18,292 - ERROR - Error rendering process text: invalid color argument
2025-05-30 15:27:18,338 - ERROR - Error rendering process text: invalid color argument
2025-05-30 15:27:18,347 - ERROR - Error rendering process text: invalid color argument
2025-05-30 15:27:18,390 - ERROR - Error rendering process text: invalid color argument
2025-05-30 15:27:18,398 - ERROR - Error rendering process text: invalid color argument
2025-05-30 15:27:18,439 - ERROR - Error rendering process text: invalid color argument
2025-05-30 15:27:18,446 - ERROR - Error rendering process text: invalid color argument
2025-05-30 15:27:18,489 - ERROR - Error rendering process text: invalid color argument
2025-05-30 15:27:18,498 - ERROR - Error rendering process text: invalid color argument
2025-05-30 15:27:18,540 - ERROR - Error rendering process text: invalid color argument
2025-05-30 15:27:18,548 - ERROR - Error rendering process text: invalid color argument
2025-05-30 15:27:18,589 - ERROR - Error rendering process text: invalid color argument
2025-05-30 15:27:18,594 - ERROR - Error rendering process text: invalid color argument
2025-05-30 15:27:18,640 - ERROR - Error rendering process text: invalid color argument
2025-05-30 15:27:18,648 - ERROR - Error rendering process text: invalid color argument
2025-05-30 15:27:18,690 - ERROR - Error rendering process text: invalid color argument
2025-05-30 15:27:18,697 - ERROR - Error rendering process text: invalid color argument
2025-05-30 15:27:18,736 - ERROR - Error rendering process text: invalid color argument
2025-05-30 15:27:18,740 - ERROR - Error rendering process text: invalid color argument
2025-05-30 15:27:18,790 - ERROR - Error rendering process text: invalid color argument
2025-05-30 15:27:18,799 - ERROR - Error rendering process text: invalid color argument
2025-05-30 15:27:18,840 - ERROR - Error rendering process text: invalid color argument
2025-05-30 15:27:18,848 - ERROR - Error rendering process text: invalid color argument
2025-05-30 15:27:18,891 - ERROR - Error rendering process text: invalid color argument
2025-05-30 15:27:18,898 - ERROR - Error rendering process text: invalid color argument
2025-05-30 15:27:18,940 - ERROR - Error rendering process text: invalid color argument
2025-05-30 15:27:18,948 - ERROR - Error rendering process text: invalid color argument
2025-05-30 15:27:20,041 - ERROR - Error rendering process text: invalid color argument
2025-05-30 15:27:20,251 - ERROR - Error rendering process text: invalid color argument
2025-05-30 15:27:21,432 - ERROR - Error rendering process text: invalid color argument
2025-05-30 15:27:21,578 - ERROR - Error rendering process text: invalid color argument
2025-05-30 15:27:21,697 - ERROR - Error rendering process text: invalid color argument
2025-05-30 15:27:21,703 - ERROR - Error rendering process text: invalid color argument
2025-05-30 15:27:21,723 - ERROR - Error rendering process text: invalid color argument
2025-05-30 15:27:21,725 - ERROR - Error rendering process text: invalid color argument
2025-05-30 15:27:21,770 - ERROR - Error rendering process text: invalid color argument
2025-05-30 15:27:21,774 - ERROR - Error rendering process text: invalid color argument
2025-05-30 15:27:21,820 - ERROR - Error rendering process text: invalid color argument
2025-05-30 15:27:21,822 - ERROR - Error rendering process text: invalid color argument
2025-05-30 15:27:21,871 - ERROR - Error rendering process text: invalid color argument
2025-05-30 15:27:21,873 - ERROR - Error rendering process text: invalid color argument
2025-05-30 15:27:21,920 - ERROR - Error rendering process text: invalid color argument
2025-05-30 15:27:21,922 - ERROR - Error rendering process text: invalid color argument
2025-05-30 15:27:21,977 - ERROR - Error rendering process text: invalid color argument
2025-05-30 15:27:21,981 - ERROR - Error rendering process text: invalid color argument
2025-05-30 15:27:22,027 - ERROR - Error rendering process text: invalid color argument
2025-05-30 15:27:22,032 - ERROR - Error rendering process text: invalid color argument
2025-05-30 15:27:22,075 - ERROR - Error rendering process text: invalid color argument
2025-05-30 15:27:22,079 - ERROR - Error rendering process text: invalid color argument
2025-05-30 15:27:22,125 - ERROR - Error rendering process text: invalid color argument
2025-05-30 15:27:22,131 - ERROR - Error rendering process text: invalid color argument
2025-05-30 15:27:22,178 - ERROR - Error rendering process text: invalid color argument
2025-05-30 15:27:22,183 - ERROR - Error rendering process text: invalid color argument
2025-05-30 15:27:22,227 - ERROR - Error rendering process text: invalid color argument
2025-05-30 15:27:22,232 - ERROR - Error rendering process text: invalid color argument
2025-05-30 15:27:22,278 - ERROR - Error rendering process text: invalid color argument
2025-05-30 15:27:22,283 - ERROR - Error rendering process text: invalid color argument
2025-05-30 15:27:22,329 - ERROR - Error rendering process text: invalid color argument
2025-05-30 15:27:22,335 - ERROR - Error rendering process text: invalid color argument
2025-05-30 15:27:22,381 - ERROR - Error rendering process text: invalid color argument
2025-05-30 15:27:22,387 - ERROR - Error rendering process text: invalid color argument
2025-05-30 15:27:22,430 - ERROR - Error rendering process text: invalid color argument
2025-05-30 15:27:22,439 - ERROR - Error rendering process text: invalid color argument
2025-05-30 15:27:22,486 - ERROR - Error rendering process text: invalid color argument
2025-05-30 15:27:22,491 - ERROR - Error rendering process text: invalid color argument
2025-05-30 15:27:22,534 - ERROR - Error rendering process text: invalid color argument
2025-05-30 15:27:22,541 - ERROR - Error rendering process text: invalid color argument
2025-05-30 15:27:22,579 - ERROR - Error rendering process text: invalid color argument
2025-05-30 15:27:22,585 - ERROR - Error rendering process text: invalid color argument
2025-05-30 15:27:22,628 - ERROR - Error rendering process text: invalid color argument
2025-05-30 15:27:22,634 - ERROR - Error rendering process text: invalid color argument
2025-05-30 15:27:22,682 - ERROR - Error rendering process text: invalid color argument
2025-05-30 15:27:22,688 - ERROR - Error rendering process text: invalid color argument
2025-05-30 15:27:22,729 - ERROR - Error rendering process text: invalid color argument
2025-05-30 15:27:22,734 - ERROR - Error rendering process text: invalid color argument
2025-05-30 15:27:22,777 - ERROR - Error rendering process text: invalid color argument
2025-05-30 15:27:22,780 - ERROR - Error rendering process text: invalid color argument
2025-05-30 15:27:22,839 - ERROR - Error rendering process text: invalid color argument
2025-05-30 15:27:22,845 - ERROR - Error rendering process text: invalid color argument
2025-05-30 15:27:22,891 - ERROR - Error rendering process text: invalid color argument
2025-05-30 15:27:22,898 - ERROR - Error rendering process text: invalid color argument
2025-05-30 15:27:22,942 - ERROR - Error rendering process text: invalid color argument
2025-05-30 15:27:22,951 - ERROR - Error rendering process text: invalid color argument
2025-05-30 15:27:22,991 - ERROR - Error rendering process text: invalid color argument
2025-05-30 15:27:23,002 - ERROR - Error rendering process text: invalid color argument
2025-05-30 15:27:23,041 - ERROR - Error rendering process text: invalid color argument
2025-05-30 15:27:23,049 - ERROR - Error rendering process text: invalid color argument
2025-05-30 15:27:23,093 - ERROR - Error rendering process text: invalid color argument
2025-05-30 15:27:23,101 - ERROR - Error rendering process text: invalid color argument
2025-05-30 15:27:23,138 - ERROR - Error rendering process text: invalid color argument
2025-05-30 15:27:23,143 - ERROR - Error rendering process text: invalid color argument
2025-05-30 15:27:23,185 - ERROR - Error rendering process text: invalid color argument
2025-05-30 15:27:23,190 - ERROR - Error rendering process text: invalid color argument
2025-05-30 15:27:23,239 - ERROR - Error rendering process text: invalid color argument
2025-05-30 15:27:23,246 - ERROR - Error rendering process text: invalid color argument
2025-05-30 15:27:23,293 - ERROR - Error rendering process text: invalid color argument
2025-05-30 15:27:23,303 - ERROR - Error rendering process text: invalid color argument
2025-05-30 15:27:23,346 - ERROR - Error rendering process text: invalid color argument
2025-05-30 15:27:23,358 - ERROR - Error rendering process text: invalid color argument
2025-05-30 15:27:23,390 - ERROR - Error rendering process text: invalid color argument
2025-05-30 15:27:23,394 - ERROR - Error rendering process text: invalid color argument
2025-05-30 15:27:23,439 - ERROR - Error rendering process text: invalid color argument
2025-05-30 15:27:23,443 - ERROR - Error rendering process text: invalid color argument
2025-05-30 15:27:23,489 - ERROR - Error rendering process text: invalid color argument
2025-05-30 15:27:23,497 - ERROR - Error rendering process text: invalid color argument
2025-05-30 15:27:23,545 - ERROR - Error rendering process text: invalid color argument
2025-05-30 15:27:23,552 - ERROR - Error rendering process text: invalid color argument
2025-05-30 15:27:23,595 - ERROR - Error rendering process text: invalid color argument
2025-05-30 15:27:23,602 - ERROR - Error rendering process text: invalid color argument
2025-05-30 15:27:23,643 - ERROR - Error rendering process text: invalid color argument
2025-05-30 15:27:23,648 - ERROR - Error rendering process text: invalid color argument
2025-05-30 15:27:23,692 - ERROR - Error rendering process text: invalid color argument
2025-05-30 15:27:23,696 - ERROR - Error rendering process text: invalid color argument
2025-05-30 15:27:24,723 - ERROR - Error rendering process text: invalid color argument
2025-05-30 15:27:24,931 - ERROR - Error rendering process text: invalid color argument
2025-05-30 15:27:26,578 - ERROR - Error rendering process text: invalid color argument
2025-05-30 15:27:26,846 - ERROR - Error rendering process text: invalid color argument
2025-05-30 15:27:27,544 - ERROR - Error rendering process text: invalid color argument
2025-05-30 15:27:27,546 - ERROR - Error rendering process text: invalid color argument
2025-05-30 15:27:27,565 - ERROR - Error rendering process text: invalid color argument
2025-05-30 15:27:27,568 - ERROR - Error rendering process text: invalid color argument
2025-05-30 15:27:27,610 - ERROR - Error rendering process text: invalid color argument
2025-05-30 15:27:27,614 - ERROR - Error rendering process text: invalid color argument
2025-05-30 15:27:27,666 - ERROR - Error rendering process text: invalid color argument
2025-05-30 15:27:27,675 - ERROR - Error rendering process text: invalid color argument
2025-05-30 15:27:27,722 - ERROR - Error rendering process text: invalid color argument
2025-05-30 15:27:27,732 - ERROR - Error rendering process text: invalid color argument
2025-05-30 15:27:27,771 - ERROR - Error rendering process text: invalid color argument
2025-05-30 15:27:27,782 - ERROR - Error rendering process text: invalid color argument
2025-05-30 15:27:27,828 - ERROR - Error rendering process text: invalid color argument
2025-05-30 15:27:27,836 - ERROR - Error rendering process text: invalid color argument
2025-05-30 15:27:27,879 - ERROR - Error rendering process text: invalid color argument
2025-05-30 15:27:27,886 - ERROR - Error rendering process text: invalid color argument
2025-05-30 15:27:27,922 - ERROR - Error rendering process text: invalid color argument
2025-05-30 15:27:27,925 - ERROR - Error rendering process text: invalid color argument
2025-05-30 15:27:27,975 - ERROR - Error rendering process text: invalid color argument
2025-05-30 15:27:27,979 - ERROR - Error rendering process text: invalid color argument
2025-05-30 15:27:28,026 - ERROR - Error rendering process text: invalid color argument
2025-05-30 15:27:28,031 - ERROR - Error rendering process text: invalid color argument
2025-05-30 15:27:28,076 - ERROR - Error rendering process text: invalid color argument
2025-05-30 15:27:28,082 - ERROR - Error rendering process text: invalid color argument
2025-05-30 15:27:28,130 - ERROR - Error rendering process text: invalid color argument
2025-05-30 15:27:28,139 - ERROR - Error rendering process text: invalid color argument
2025-05-30 15:27:28,192 - ERROR - Error rendering process text: invalid color argument
2025-05-30 15:27:28,210 - ERROR - Error rendering process text: invalid color argument
2025-05-30 15:27:28,277 - ERROR - Error rendering process text: invalid color argument
2025-05-30 15:27:28,292 - ERROR - Error rendering process text: invalid color argument
2025-05-30 15:27:28,335 - ERROR - Error rendering process text: invalid color argument
2025-05-30 15:27:28,349 - ERROR - Error rendering process text: invalid color argument
2025-05-30 15:27:28,384 - ERROR - Error rendering process text: invalid color argument
2025-05-30 15:27:28,400 - ERROR - Error rendering process text: invalid color argument
2025-05-30 15:27:28,435 - ERROR - Error rendering process text: invalid color argument
2025-05-30 15:27:28,447 - ERROR - Error rendering process text: invalid color argument
2025-05-30 15:27:28,481 - ERROR - Error rendering process text: invalid color argument
2025-05-30 15:27:28,486 - ERROR - Error rendering process text: invalid color argument
2025-05-30 15:27:28,529 - ERROR - Error rendering process text: invalid color argument
2025-05-30 15:27:28,532 - ERROR - Error rendering process text: invalid color argument
2025-05-30 15:27:28,583 - ERROR - Error rendering process text: invalid color argument
2025-05-30 15:27:28,586 - ERROR - Error rendering process text: invalid color argument
2025-05-30 15:27:28,633 - ERROR - Error rendering process text: invalid color argument
2025-05-30 15:27:28,639 - ERROR - Error rendering process text: invalid color argument
2025-05-30 15:27:28,686 - ERROR - Error rendering process text: invalid color argument
2025-05-30 15:27:28,691 - ERROR - Error rendering process text: invalid color argument
2025-05-30 15:27:28,736 - ERROR - Error rendering process text: invalid color argument
2025-05-30 15:27:28,741 - ERROR - Error rendering process text: invalid color argument
2025-05-30 15:27:28,789 - ERROR - Error rendering process text: invalid color argument
2025-05-30 15:27:28,796 - ERROR - Error rendering process text: invalid color argument
2025-05-30 15:27:28,839 - ERROR - Error rendering process text: invalid color argument
2025-05-30 15:27:28,845 - ERROR - Error rendering process text: invalid color argument
2025-05-30 15:27:28,888 - ERROR - Error rendering process text: invalid color argument
2025-05-30 15:27:28,891 - ERROR - Error rendering process text: invalid color argument
2025-05-30 15:27:28,934 - ERROR - Error rendering process text: invalid color argument
2025-05-30 15:27:28,938 - ERROR - Error rendering process text: invalid color argument
2025-05-30 15:27:28,985 - ERROR - Error rendering process text: invalid color argument
2025-05-30 15:27:28,988 - ERROR - Error rendering process text: invalid color argument
2025-05-30 15:27:29,038 - ERROR - Error rendering process text: invalid color argument
2025-05-30 15:27:29,043 - ERROR - Error rendering process text: invalid color argument
2025-05-30 15:27:29,085 - ERROR - Error rendering process text: invalid color argument
2025-05-30 15:27:29,088 - ERROR - Error rendering process text: invalid color argument
2025-05-30 15:27:29,141 - ERROR - Error rendering process text: invalid color argument
2025-05-30 15:27:29,147 - ERROR - Error rendering process text: invalid color argument
2025-05-30 15:27:29,192 - ERROR - Error rendering process text: invalid color argument
2025-05-30 15:27:29,200 - ERROR - Error rendering process text: invalid color argument
2025-05-30 15:27:29,244 - ERROR - Error rendering process text: invalid color argument
2025-05-30 15:27:29,249 - ERROR - Error rendering process text: invalid color argument
2025-05-30 15:27:29,294 - ERROR - Error rendering process text: invalid color argument
2025-05-30 15:27:29,300 - ERROR - Error rendering process text: invalid color argument
2025-05-30 15:27:29,344 - ERROR - Error rendering process text: invalid color argument
2025-05-30 15:27:29,349 - ERROR - Error rendering process text: invalid color argument
2025-05-30 15:27:29,396 - ERROR - Error rendering process text: invalid color argument
2025-05-30 15:27:29,403 - ERROR - Error rendering process text: invalid color argument
2025-05-30 15:27:29,445 - ERROR - Error rendering process text: invalid color argument
2025-05-30 15:27:29,452 - ERROR - Error rendering process text: invalid color argument
2025-05-30 15:27:29,498 - ERROR - Error rendering process text: invalid color argument
2025-05-30 15:27:29,503 - ERROR - Error rendering process text: invalid color argument
2025-05-30 15:27:29,548 - ERROR - Error rendering process text: invalid color argument
2025-05-30 15:27:29,554 - ERROR - Error rendering process text: invalid color argument
2025-05-30 15:27:30,589 - ERROR - Error rendering process text: invalid color argument
2025-05-30 15:27:30,778 - ERROR - Error rendering process text: invalid color argument
2025-05-30 15:27:31,804 - ERROR - Error rendering process text: invalid color argument
2025-05-30 15:27:32,018 - ERROR - Error rendering process text: invalid color argument
2025-05-30 15:27:32,837 - ERROR - Error rendering process text: invalid color argument
2025-05-30 15:27:32,841 - ERROR - Error rendering process text: invalid color argument
2025-05-30 15:27:32,854 - ERROR - Error rendering process text: invalid color argument
2025-05-30 15:27:32,858 - ERROR - Error rendering process text: invalid color argument
2025-05-30 15:27:32,908 - ERROR - Error rendering process text: invalid color argument
2025-05-30 15:27:32,913 - ERROR - Error rendering process text: invalid color argument
2025-05-30 15:27:32,959 - ERROR - Error rendering process text: invalid color argument
2025-05-30 15:27:32,963 - ERROR - Error rendering process text: invalid color argument
2025-05-30 15:27:33,009 - ERROR - Error rendering process text: invalid color argument
2025-05-30 15:27:33,014 - ERROR - Error rendering process text: invalid color argument
2025-05-30 15:27:33,060 - ERROR - Error rendering process text: invalid color argument
2025-05-30 15:27:33,065 - ERROR - Error rendering process text: invalid color argument
2025-05-30 15:27:33,115 - ERROR - Error rendering process text: invalid color argument
2025-05-30 15:27:33,117 - ERROR - Error rendering process text: invalid color argument
2025-05-30 15:27:33,158 - ERROR - Error rendering process text: invalid color argument
2025-05-30 15:27:33,162 - ERROR - Error rendering process text: invalid color argument
2025-05-30 15:27:33,207 - ERROR - Error rendering process text: invalid color argument
2025-05-30 15:27:33,211 - ERROR - Error rendering process text: invalid color argument
2025-05-30 15:27:33,258 - ERROR - Error rendering process text: invalid color argument
2025-05-30 15:27:33,261 - ERROR - Error rendering process text: invalid color argument
2025-05-30 15:27:33,313 - ERROR - Error rendering process text: invalid color argument
2025-05-30 15:27:33,316 - ERROR - Error rendering process text: invalid color argument
2025-05-30 15:27:33,369 - ERROR - Error rendering process text: invalid color argument
2025-05-30 15:27:33,378 - ERROR - Error rendering process text: invalid color argument
2025-05-30 15:27:33,416 - ERROR - Error rendering process text: invalid color argument
2025-05-30 15:27:33,422 - ERROR - Error rendering process text: invalid color argument
2025-05-30 15:27:33,464 - ERROR - Error rendering process text: invalid color argument
2025-05-30 15:27:33,470 - ERROR - Error rendering process text: invalid color argument
2025-05-30 15:27:33,515 - ERROR - Error rendering process text: invalid color argument
2025-05-30 15:27:33,521 - ERROR - Error rendering process text: invalid color argument
2025-05-30 15:27:33,565 - ERROR - Error rendering process text: invalid color argument
2025-05-30 15:27:33,570 - ERROR - Error rendering process text: invalid color argument
2025-05-30 15:27:33,621 - ERROR - Error rendering process text: invalid color argument
2025-05-30 15:27:33,628 - ERROR - Error rendering process text: invalid color argument
2025-05-30 15:27:33,669 - ERROR - Error rendering process text: invalid color argument
2025-05-30 15:27:33,674 - ERROR - Error rendering process text: invalid color argument
2025-05-30 15:27:33,719 - ERROR - Error rendering process text: invalid color argument
2025-05-30 15:27:33,724 - ERROR - Error rendering process text: invalid color argument
2025-05-30 15:27:33,767 - ERROR - Error rendering process text: invalid color argument
2025-05-30 15:27:33,772 - ERROR - Error rendering process text: invalid color argument
2025-05-30 15:27:33,822 - ERROR - Error rendering process text: invalid color argument
2025-05-30 15:27:33,830 - ERROR - Error rendering process text: invalid color argument
2025-05-30 15:27:33,871 - ERROR - Error rendering process text: invalid color argument
2025-05-30 15:27:33,884 - ERROR - Error rendering process text: invalid color argument
2025-05-30 15:27:33,921 - ERROR - Error rendering process text: invalid color argument
2025-05-30 15:27:33,929 - ERROR - Error rendering process text: invalid color argument
2025-05-30 15:27:33,981 - ERROR - Error rendering process text: invalid color argument
2025-05-30 15:27:33,990 - ERROR - Error rendering process text: invalid color argument
2025-05-30 15:27:34,025 - ERROR - Error rendering process text: invalid color argument
2025-05-30 15:27:34,035 - ERROR - Error rendering process text: invalid color argument
2025-05-30 15:27:34,080 - ERROR - Error rendering process text: invalid color argument
2025-05-30 15:27:34,087 - ERROR - Error rendering process text: invalid color argument
2025-05-30 15:27:34,128 - ERROR - Error rendering process text: invalid color argument
2025-05-30 15:27:34,132 - ERROR - Error rendering process text: invalid color argument
2025-05-30 15:27:34,172 - ERROR - Error rendering process text: invalid color argument
2025-05-30 15:27:34,178 - ERROR - Error rendering process text: invalid color argument
2025-05-30 15:27:34,223 - ERROR - Error rendering process text: invalid color argument
2025-05-30 15:27:34,230 - ERROR - Error rendering process text: invalid color argument
2025-05-30 15:27:34,273 - ERROR - Error rendering process text: invalid color argument
2025-05-30 15:27:34,279 - ERROR - Error rendering process text: invalid color argument
2025-05-30 15:27:34,332 - ERROR - Error rendering process text: invalid color argument
2025-05-30 15:27:34,341 - ERROR - Error rendering process text: invalid color argument
2025-05-30 15:27:34,382 - ERROR - Error rendering process text: invalid color argument
2025-05-30 15:27:34,388 - ERROR - Error rendering process text: invalid color argument
2025-05-30 15:27:34,424 - ERROR - Error rendering process text: invalid color argument
2025-05-30 15:27:34,428 - ERROR - Error rendering process text: invalid color argument
2025-05-30 15:27:34,479 - ERROR - Error rendering process text: invalid color argument
2025-05-30 15:27:34,484 - ERROR - Error rendering process text: invalid color argument
2025-05-30 15:27:34,530 - ERROR - Error rendering process text: invalid color argument
2025-05-30 15:27:34,540 - ERROR - Error rendering process text: invalid color argument
2025-05-30 15:27:34,579 - ERROR - Error rendering process text: invalid color argument
2025-05-30 15:27:34,586 - ERROR - Error rendering process text: invalid color argument
2025-05-30 15:27:34,632 - ERROR - Error rendering process text: invalid color argument
2025-05-30 15:27:34,642 - ERROR - Error rendering process text: invalid color argument
2025-05-30 15:27:34,682 - ERROR - Error rendering process text: invalid color argument
2025-05-30 15:27:34,689 - ERROR - Error rendering process text: invalid color argument
2025-05-30 15:27:34,731 - ERROR - Error rendering process text: invalid color argument
2025-05-30 15:27:34,736 - ERROR - Error rendering process text: invalid color argument
2025-05-30 15:27:34,786 - ERROR - Error rendering process text: invalid color argument
2025-05-30 15:27:34,792 - ERROR - Error rendering process text: invalid color argument
2025-05-30 15:27:34,833 - ERROR - Error rendering process text: invalid color argument
2025-05-30 15:27:34,841 - ERROR - Error rendering process text: invalid color argument
2025-05-30 15:27:35,869 - ERROR - Error rendering process text: invalid color argument
2025-05-30 15:27:36,056 - ERROR - Error rendering process text: invalid color argument
2025-05-30 15:27:37,103 - ERROR - Error rendering process text: invalid color argument
2025-05-30 15:27:37,313 - ERROR - Error rendering process text: invalid color argument
2025-05-30 15:27:37,767 - ERROR - Error rendering process text: invalid color argument
2025-05-30 15:27:37,773 - ERROR - Error rendering process text: invalid color argument
2025-05-30 15:27:37,790 - ERROR - Error rendering process text: invalid color argument
2025-05-30 15:27:37,791 - ERROR - Error rendering process text: invalid color argument
2025-05-30 15:27:37,794 - ERROR - Error rendering process text: invalid color argument
2025-05-30 15:27:37,799 - ERROR - Error rendering process text: invalid color argument
2025-05-30 15:27:37,837 - ERROR - Error rendering process text: invalid color argument
2025-05-30 15:27:37,838 - ERROR - Error rendering process text: invalid color argument
2025-05-30 15:27:37,842 - ERROR - Error rendering process text: invalid color argument
2025-05-30 15:27:37,845 - ERROR - Error rendering process text: invalid color argument
2025-05-30 15:27:37,887 - ERROR - Error rendering process text: invalid color argument
2025-05-30 15:27:37,889 - ERROR - Error rendering process text: invalid color argument
2025-05-30 15:27:37,892 - ERROR - Error rendering process text: invalid color argument
2025-05-30 15:27:37,894 - ERROR - Error rendering process text: invalid color argument
2025-05-30 15:27:37,938 - ERROR - Error rendering process text: invalid color argument
2025-05-30 15:27:37,939 - ERROR - Error rendering process text: invalid color argument
2025-05-30 15:27:37,942 - ERROR - Error rendering process text: invalid color argument
2025-05-30 15:27:37,944 - ERROR - Error rendering process text: invalid color argument
2025-05-30 15:27:37,987 - ERROR - Error rendering process text: invalid color argument
2025-05-30 15:27:37,989 - ERROR - Error rendering process text: invalid color argument
2025-05-30 15:27:37,992 - ERROR - Error rendering process text: invalid color argument
2025-05-30 15:27:37,994 - ERROR - Error rendering process text: invalid color argument
2025-05-30 15:27:38,037 - ERROR - Error rendering process text: invalid color argument
2025-05-30 15:27:38,039 - ERROR - Error rendering process text: invalid color argument
2025-05-30 15:27:38,042 - ERROR - Error rendering process text: invalid color argument
2025-05-30 15:27:38,045 - ERROR - Error rendering process text: invalid color argument
2025-05-30 15:27:38,088 - ERROR - Error rendering process text: invalid color argument
2025-05-30 15:27:38,089 - ERROR - Error rendering process text: invalid color argument
2025-05-30 15:27:38,093 - ERROR - Error rendering process text: invalid color argument
2025-05-30 15:27:38,095 - ERROR - Error rendering process text: invalid color argument
2025-05-30 15:27:38,137 - ERROR - Error rendering process text: invalid color argument
2025-05-30 15:27:38,138 - ERROR - Error rendering process text: invalid color argument
2025-05-30 15:27:38,144 - ERROR - Error rendering process text: invalid color argument
2025-05-30 15:27:38,148 - ERROR - Error rendering process text: invalid color argument
2025-05-30 15:27:38,189 - ERROR - Error rendering process text: invalid color argument
2025-05-30 15:27:38,191 - ERROR - Error rendering process text: invalid color argument
2025-05-30 15:27:38,192 - ERROR - Error rendering process text: invalid color argument
2025-05-30 15:27:38,195 - ERROR - Error rendering process text: invalid color argument
2025-05-30 15:27:38,238 - ERROR - Error rendering process text: invalid color argument
2025-05-30 15:27:38,240 - ERROR - Error rendering process text: invalid color argument
2025-05-30 15:27:38,242 - ERROR - Error rendering process text: invalid color argument
2025-05-30 15:27:38,245 - ERROR - Error rendering process text: invalid color argument
2025-05-30 15:27:38,292 - ERROR - Error rendering process text: invalid color argument
2025-05-30 15:27:38,295 - ERROR - Error rendering process text: invalid color argument
2025-05-30 15:27:38,297 - ERROR - Error rendering process text: invalid color argument
2025-05-30 15:27:38,301 - ERROR - Error rendering process text: invalid color argument
2025-05-30 15:27:38,338 - ERROR - Error rendering process text: invalid color argument
2025-05-30 15:27:38,339 - ERROR - Error rendering process text: invalid color argument
2025-05-30 15:27:38,341 - ERROR - Error rendering process text: invalid color argument
2025-05-30 15:27:38,345 - ERROR - Error rendering process text: invalid color argument
2025-05-30 15:27:38,389 - ERROR - Error rendering process text: invalid color argument
2025-05-30 15:27:38,391 - ERROR - Error rendering process text: invalid color argument
2025-05-30 15:27:38,393 - ERROR - Error rendering process text: invalid color argument
2025-05-30 15:27:38,398 - ERROR - Error rendering process text: invalid color argument
2025-05-30 15:27:38,439 - ERROR - Error rendering process text: invalid color argument
2025-05-30 15:27:38,441 - ERROR - Error rendering process text: invalid color argument
2025-05-30 15:27:38,442 - ERROR - Error rendering process text: invalid color argument
2025-05-30 15:27:38,446 - ERROR - Error rendering process text: invalid color argument
2025-05-30 15:27:38,490 - ERROR - Error rendering process text: invalid color argument
2025-05-30 15:27:38,492 - ERROR - Error rendering process text: invalid color argument
2025-05-30 15:27:38,494 - ERROR - Error rendering process text: invalid color argument
2025-05-30 15:27:38,497 - ERROR - Error rendering process text: invalid color argument
2025-05-30 15:27:38,543 - ERROR - Error rendering process text: invalid color argument
2025-05-30 15:27:38,545 - ERROR - Error rendering process text: invalid color argument
2025-05-30 15:27:38,547 - ERROR - Error rendering process text: invalid color argument
2025-05-30 15:27:38,550 - ERROR - Error rendering process text: invalid color argument
2025-05-30 15:27:38,596 - ERROR - Error rendering process text: invalid color argument
2025-05-30 15:27:38,599 - ERROR - Error rendering process text: invalid color argument
2025-05-30 15:27:38,601 - ERROR - Error rendering process text: invalid color argument
2025-05-30 15:27:38,606 - ERROR - Error rendering process text: invalid color argument
2025-05-30 15:27:38,641 - ERROR - Error rendering process text: invalid color argument
2025-05-30 15:27:38,643 - ERROR - Error rendering process text: invalid color argument
2025-05-30 15:27:38,645 - ERROR - Error rendering process text: invalid color argument
2025-05-30 15:27:38,649 - ERROR - Error rendering process text: invalid color argument
2025-05-30 15:27:38,692 - ERROR - Error rendering process text: invalid color argument
2025-05-30 15:27:38,692 - ERROR - Error rendering process text: invalid color argument
2025-05-30 15:27:38,696 - ERROR - Error rendering process text: invalid color argument
2025-05-30 15:27:38,699 - ERROR - Error rendering process text: invalid color argument
2025-05-30 15:27:38,742 - ERROR - Error rendering process text: invalid color argument
2025-05-30 15:27:38,744 - ERROR - Error rendering process text: invalid color argument
2025-05-30 15:27:38,746 - ERROR - Error rendering process text: invalid color argument
2025-05-30 15:27:38,750 - ERROR - Error rendering process text: invalid color argument
2025-05-30 15:27:38,793 - ERROR - Error rendering process text: invalid color argument
2025-05-30 15:27:38,795 - ERROR - Error rendering process text: invalid color argument
2025-05-30 15:27:38,798 - ERROR - Error rendering process text: invalid color argument
2025-05-30 15:27:38,802 - ERROR - Error rendering process text: invalid color argument
2025-05-30 15:27:38,844 - ERROR - Error rendering process text: invalid color argument
2025-05-30 15:27:38,845 - ERROR - Error rendering process text: invalid color argument
2025-05-30 15:27:38,847 - ERROR - Error rendering process text: invalid color argument
2025-05-30 15:27:38,851 - ERROR - Error rendering process text: invalid color argument
2025-05-30 15:27:38,893 - ERROR - Error rendering process text: invalid color argument
2025-05-30 15:27:38,894 - ERROR - Error rendering process text: invalid color argument
2025-05-30 15:27:38,897 - ERROR - Error rendering process text: invalid color argument
2025-05-30 15:27:38,900 - ERROR - Error rendering process text: invalid color argument
2025-05-30 15:27:38,945 - ERROR - Error rendering process text: invalid color argument
2025-05-30 15:27:38,947 - ERROR - Error rendering process text: invalid color argument
2025-05-30 15:27:38,950 - ERROR - Error rendering process text: invalid color argument
2025-05-30 15:27:38,952 - ERROR - Error rendering process text: invalid color argument
2025-05-30 15:27:38,994 - ERROR - Error rendering process text: invalid color argument
2025-05-30 15:27:38,997 - ERROR - Error rendering process text: invalid color argument
2025-05-30 15:27:38,999 - ERROR - Error rendering process text: invalid color argument
2025-05-30 15:27:39,001 - ERROR - Error rendering process text: invalid color argument
2025-05-30 15:27:39,046 - ERROR - Error rendering process text: invalid color argument
2025-05-30 15:27:39,048 - ERROR - Error rendering process text: invalid color argument
2025-05-30 15:27:39,049 - ERROR - Error rendering process text: invalid color argument
2025-05-30 15:27:39,053 - ERROR - Error rendering process text: invalid color argument
2025-05-30 15:27:39,097 - ERROR - Error rendering process text: invalid color argument
2025-05-30 15:27:39,099 - ERROR - Error rendering process text: invalid color argument
2025-05-30 15:27:39,102 - ERROR - Error rendering process text: invalid color argument
2025-05-30 15:27:39,106 - ERROR - Error rendering process text: invalid color argument
2025-05-30 15:27:39,148 - ERROR - Error rendering process text: invalid color argument
2025-05-30 15:27:39,149 - ERROR - Error rendering process text: invalid color argument
2025-05-30 15:27:39,151 - ERROR - Error rendering process text: invalid color argument
2025-05-30 15:27:39,154 - ERROR - Error rendering process text: invalid color argument
2025-05-30 15:27:39,197 - ERROR - Error rendering process text: invalid color argument
2025-05-30 15:27:39,199 - ERROR - Error rendering process text: invalid color argument
2025-05-30 15:27:39,201 - ERROR - Error rendering process text: invalid color argument
2025-05-30 15:27:39,204 - ERROR - Error rendering process text: invalid color argument
2025-05-30 15:27:39,250 - ERROR - Error rendering process text: invalid color argument
2025-05-30 15:27:39,251 - ERROR - Error rendering process text: invalid color argument
2025-05-30 15:27:39,253 - ERROR - Error rendering process text: invalid color argument
2025-05-30 15:27:39,257 - ERROR - Error rendering process text: invalid color argument
2025-05-30 15:27:39,299 - ERROR - Error rendering process text: invalid color argument
2025-05-30 15:27:39,300 - ERROR - Error rendering process text: invalid color argument
2025-05-30 15:27:39,302 - ERROR - Error rendering process text: invalid color argument
2025-05-30 15:27:39,306 - ERROR - Error rendering process text: invalid color argument
2025-05-30 15:27:39,350 - ERROR - Error rendering process text: invalid color argument
2025-05-30 15:27:39,352 - ERROR - Error rendering process text: invalid color argument
2025-05-30 15:27:39,353 - ERROR - Error rendering process text: invalid color argument
2025-05-30 15:27:39,356 - ERROR - Error rendering process text: invalid color argument
2025-05-30 15:27:39,400 - ERROR - Error rendering process text: invalid color argument
2025-05-30 15:27:39,401 - ERROR - Error rendering process text: invalid color argument
2025-05-30 15:27:39,403 - ERROR - Error rendering process text: invalid color argument
2025-05-30 15:27:39,407 - ERROR - Error rendering process text: invalid color argument
2025-05-30 15:27:39,451 - ERROR - Error rendering process text: invalid color argument
2025-05-30 15:27:39,452 - ERROR - Error rendering process text: invalid color argument
2025-05-30 15:27:39,454 - ERROR - Error rendering process text: invalid color argument
2025-05-30 15:27:39,458 - ERROR - Error rendering process text: invalid color argument
2025-05-30 15:27:39,500 - ERROR - Error rendering process text: invalid color argument
2025-05-30 15:27:39,501 - ERROR - Error rendering process text: invalid color argument
2025-05-30 15:27:39,503 - ERROR - Error rendering process text: invalid color argument
2025-05-30 15:27:39,507 - ERROR - Error rendering process text: invalid color argument
2025-05-30 15:27:39,551 - ERROR - Error rendering process text: invalid color argument
2025-05-30 15:27:39,552 - ERROR - Error rendering process text: invalid color argument
2025-05-30 15:27:39,554 - ERROR - Error rendering process text: invalid color argument
2025-05-30 15:27:39,557 - ERROR - Error rendering process text: invalid color argument
2025-05-30 15:27:39,601 - ERROR - Error rendering process text: invalid color argument
2025-05-30 15:27:39,602 - ERROR - Error rendering process text: invalid color argument
2025-05-30 15:27:39,606 - ERROR - Error rendering process text: invalid color argument
2025-05-30 15:27:39,608 - ERROR - Error rendering process text: invalid color argument
2025-05-30 15:27:39,651 - ERROR - Error rendering process text: invalid color argument
2025-05-30 15:27:39,653 - ERROR - Error rendering process text: invalid color argument
2025-05-30 15:27:39,654 - ERROR - Error rendering process text: invalid color argument
2025-05-30 15:27:39,656 - ERROR - Error rendering process text: invalid color argument
2025-05-30 15:27:39,705 - ERROR - Error rendering process text: invalid color argument
2025-05-30 15:27:39,707 - ERROR - Error rendering process text: invalid color argument
2025-05-30 15:27:39,711 - ERROR - Error rendering process text: invalid color argument
2025-05-30 15:27:39,715 - ERROR - Error rendering process text: invalid color argument
2025-05-30 15:27:39,756 - ERROR - Error rendering process text: invalid color argument
2025-05-30 15:27:39,758 - ERROR - Error rendering process text: invalid color argument
2025-05-30 15:27:39,761 - ERROR - Error rendering process text: invalid color argument
2025-05-30 15:27:39,765 - ERROR - Error rendering process text: invalid color argument
2025-05-30 15:27:40,588 - ERROR - Error rendering process text: invalid color argument
2025-05-30 15:27:40,708 - ERROR - Error rendering process text: invalid color argument
2025-05-30 15:27:40,792 - ERROR - Error rendering process text: invalid color argument
2025-05-30 15:27:40,979 - ERROR - Error rendering process text: invalid color argument
2025-05-30 15:27:42,233 - ERROR - Error rendering process text: invalid color argument
2025-05-30 15:27:42,323 - ERROR - Error rendering process text: invalid color argument
2025-05-30 15:27:42,406 - ERROR - Error rendering process text: invalid color argument
2025-05-30 15:27:42,579 - ERROR - Error rendering process text: invalid color argument
2025-05-30 15:27:43,148 - ERROR - Error rendering process text: invalid color argument
2025-05-30 15:27:43,150 - ERROR - Error rendering process text: invalid color argument
2025-05-30 15:27:43,152 - ERROR - Error rendering process text: invalid color argument
2025-05-30 15:27:43,156 - ERROR - Error rendering process text: invalid color argument
2025-05-30 15:27:43,170 - ERROR - Error rendering process text: invalid color argument
2025-05-30 15:27:43,172 - ERROR - Error rendering process text: invalid color argument
2025-05-30 15:27:43,173 - ERROR - Error rendering process text: invalid color argument
2025-05-30 15:27:43,176 - ERROR - Error rendering process text: invalid color argument
2025-05-30 15:27:43,218 - ERROR - Error rendering process text: invalid color argument
2025-05-30 15:27:43,220 - ERROR - Error rendering process text: invalid color argument
2025-05-30 15:27:43,223 - ERROR - Error rendering process text: invalid color argument
2025-05-30 15:27:43,225 - ERROR - Error rendering process text: invalid color argument
2025-05-30 15:27:43,275 - ERROR - Error rendering process text: invalid color argument
2025-05-30 15:27:43,278 - ERROR - Error rendering process text: invalid color argument
2025-05-30 15:27:43,280 - ERROR - Error rendering process text: invalid color argument
2025-05-30 15:27:43,286 - ERROR - Error rendering process text: invalid color argument
2025-05-30 15:27:43,325 - ERROR - Error rendering process text: invalid color argument
2025-05-30 15:27:43,327 - ERROR - Error rendering process text: invalid color argument
2025-05-30 15:27:43,330 - ERROR - Error rendering process text: invalid color argument
2025-05-30 15:27:43,334 - ERROR - Error rendering process text: invalid color argument
2025-05-30 15:27:43,374 - ERROR - Error rendering process text: invalid color argument
2025-05-30 15:27:43,376 - ERROR - Error rendering process text: invalid color argument
2025-05-30 15:27:43,380 - ERROR - Error rendering process text: invalid color argument
2025-05-30 15:27:43,387 - ERROR - Error rendering process text: invalid color argument
2025-05-30 15:27:43,427 - ERROR - Error rendering process text: invalid color argument
2025-05-30 15:27:43,430 - ERROR - Error rendering process text: invalid color argument
2025-05-30 15:27:43,433 - ERROR - Error rendering process text: invalid color argument
2025-05-30 15:27:43,440 - ERROR - Error rendering process text: invalid color argument
2025-05-30 15:27:43,474 - ERROR - Error rendering process text: invalid color argument
2025-05-30 15:27:43,477 - ERROR - Error rendering process text: invalid color argument
2025-05-30 15:27:43,480 - ERROR - Error rendering process text: invalid color argument
2025-05-30 15:27:43,488 - ERROR - Error rendering process text: invalid color argument
2025-05-30 15:27:43,527 - ERROR - Error rendering process text: invalid color argument
2025-05-30 15:27:43,529 - ERROR - Error rendering process text: invalid color argument
2025-05-30 15:27:43,532 - ERROR - Error rendering process text: invalid color argument
2025-05-30 15:27:43,540 - ERROR - Error rendering process text: invalid color argument
2025-05-30 15:27:43,579 - ERROR - Error rendering process text: invalid color argument
2025-05-30 15:27:43,581 - ERROR - Error rendering process text: invalid color argument
2025-05-30 15:27:43,586 - ERROR - Error rendering process text: invalid color argument
2025-05-30 15:27:43,591 - ERROR - Error rendering process text: invalid color argument
2025-05-30 15:27:43,627 - ERROR - Error rendering process text: invalid color argument
2025-05-30 15:27:43,629 - ERROR - Error rendering process text: invalid color argument
2025-05-30 15:27:43,633 - ERROR - Error rendering process text: invalid color argument
2025-05-30 15:27:43,639 - ERROR - Error rendering process text: invalid color argument
2025-05-30 15:27:43,677 - ERROR - Error rendering process text: invalid color argument
2025-05-30 15:27:43,681 - ERROR - Error rendering process text: invalid color argument
2025-05-30 15:27:43,683 - ERROR - Error rendering process text: invalid color argument
2025-05-30 15:27:43,691 - ERROR - Error rendering process text: invalid color argument
2025-05-30 15:27:43,730 - ERROR - Error rendering process text: invalid color argument
2025-05-30 15:27:43,732 - ERROR - Error rendering process text: invalid color argument
2025-05-30 15:27:43,736 - ERROR - Error rendering process text: invalid color argument
2025-05-30 15:27:43,743 - ERROR - Error rendering process text: invalid color argument
2025-05-30 15:27:43,783 - ERROR - Error rendering process text: invalid color argument
2025-05-30 15:27:43,790 - ERROR - Error rendering process text: invalid color argument
2025-05-30 15:27:43,794 - ERROR - Error rendering process text: invalid color argument
2025-05-30 15:27:43,799 - ERROR - Error rendering process text: invalid color argument
2025-05-30 15:27:43,830 - ERROR - Error rendering process text: invalid color argument
2025-05-30 15:27:43,832 - ERROR - Error rendering process text: invalid color argument
2025-05-30 15:27:43,837 - ERROR - Error rendering process text: invalid color argument
2025-05-30 15:27:43,841 - ERROR - Error rendering process text: invalid color argument
2025-05-30 15:27:43,879 - ERROR - Error rendering process text: invalid color argument
2025-05-30 15:27:43,882 - ERROR - Error rendering process text: invalid color argument
2025-05-30 15:27:43,885 - ERROR - Error rendering process text: invalid color argument
2025-05-30 15:27:43,890 - ERROR - Error rendering process text: invalid color argument
2025-05-30 15:27:43,929 - ERROR - Error rendering process text: invalid color argument
2025-05-30 15:27:43,932 - ERROR - Error rendering process text: invalid color argument
2025-05-30 15:27:43,936 - ERROR - Error rendering process text: invalid color argument
2025-05-30 15:27:43,941 - ERROR - Error rendering process text: invalid color argument
2025-05-30 15:27:43,979 - ERROR - Error rendering process text: invalid color argument
2025-05-30 15:27:43,981 - ERROR - Error rendering process text: invalid color argument
2025-05-30 15:27:43,986 - ERROR - Error rendering process text: invalid color argument
2025-05-30 15:27:43,991 - ERROR - Error rendering process text: invalid color argument
2025-05-30 15:27:44,030 - ERROR - Error rendering process text: invalid color argument
2025-05-30 15:27:44,033 - ERROR - Error rendering process text: invalid color argument
2025-05-30 15:27:44,037 - ERROR - Error rendering process text: invalid color argument
2025-05-30 15:27:44,042 - ERROR - Error rendering process text: invalid color argument
2025-05-30 15:27:44,080 - ERROR - Error rendering process text: invalid color argument
2025-05-30 15:27:44,083 - ERROR - Error rendering process text: invalid color argument
2025-05-30 15:27:44,087 - ERROR - Error rendering process text: invalid color argument
2025-05-30 15:27:44,092 - ERROR - Error rendering process text: invalid color argument
2025-05-30 15:27:44,131 - ERROR - Error rendering process text: invalid color argument
2025-05-30 15:27:44,134 - ERROR - Error rendering process text: invalid color argument
2025-05-30 15:27:44,137 - ERROR - Error rendering process text: invalid color argument
2025-05-30 15:27:44,142 - ERROR - Error rendering process text: invalid color argument
2025-05-30 15:27:44,179 - ERROR - Error rendering process text: invalid color argument
2025-05-30 15:27:44,182 - ERROR - Error rendering process text: invalid color argument
2025-05-30 15:27:44,186 - ERROR - Error rendering process text: invalid color argument
2025-05-30 15:27:44,191 - ERROR - Error rendering process text: invalid color argument
2025-05-30 15:27:44,230 - ERROR - Error rendering process text: invalid color argument
2025-05-30 15:27:44,233 - ERROR - Error rendering process text: invalid color argument
2025-05-30 15:27:44,239 - ERROR - Error rendering process text: invalid color argument
2025-05-30 15:27:44,247 - ERROR - Error rendering process text: invalid color argument
2025-05-30 15:27:44,287 - ERROR - Error rendering process text: invalid color argument
2025-05-30 15:27:44,292 - ERROR - Error rendering process text: invalid color argument
2025-05-30 15:27:44,295 - ERROR - Error rendering process text: invalid color argument
2025-05-30 15:27:44,304 - ERROR - Error rendering process text: invalid color argument
2025-05-30 15:27:44,338 - ERROR - Error rendering process text: invalid color argument
2025-05-30 15:27:44,340 - ERROR - Error rendering process text: invalid color argument
2025-05-30 15:27:44,346 - ERROR - Error rendering process text: invalid color argument
2025-05-30 15:27:44,351 - ERROR - Error rendering process text: invalid color argument
2025-05-30 15:27:44,392 - ERROR - Error rendering process text: invalid color argument
2025-05-30 15:27:44,396 - ERROR - Error rendering process text: invalid color argument
2025-05-30 15:27:44,399 - ERROR - Error rendering process text: invalid color argument
2025-05-30 15:27:44,405 - ERROR - Error rendering process text: invalid color argument
2025-05-30 15:27:44,442 - ERROR - Error rendering process text: invalid color argument
2025-05-30 15:27:44,446 - ERROR - Error rendering process text: invalid color argument
2025-05-30 15:27:44,449 - ERROR - Error rendering process text: invalid color argument
2025-05-30 15:27:44,455 - ERROR - Error rendering process text: invalid color argument
2025-05-30 15:27:44,500 - ERROR - Error rendering process text: invalid color argument
2025-05-30 15:27:44,503 - ERROR - Error rendering process text: invalid color argument
2025-05-30 15:27:44,507 - ERROR - Error rendering process text: invalid color argument
2025-05-30 15:27:44,513 - ERROR - Error rendering process text: invalid color argument
2025-05-30 15:27:44,553 - ERROR - Error rendering process text: invalid color argument
2025-05-30 15:27:44,556 - ERROR - Error rendering process text: invalid color argument
2025-05-30 15:27:44,561 - ERROR - Error rendering process text: invalid color argument
2025-05-30 15:27:44,567 - ERROR - Error rendering process text: invalid color argument
2025-05-30 15:27:44,606 - ERROR - Error rendering process text: invalid color argument
2025-05-30 15:27:44,609 - ERROR - Error rendering process text: invalid color argument
2025-05-30 15:27:44,613 - ERROR - Error rendering process text: invalid color argument
2025-05-30 15:27:44,619 - ERROR - Error rendering process text: invalid color argument
2025-05-30 15:27:44,665 - ERROR - Error rendering process text: invalid color argument
2025-05-30 15:27:44,668 - ERROR - Error rendering process text: invalid color argument
2025-05-30 15:27:44,670 - ERROR - Error rendering process text: invalid color argument
2025-05-30 15:27:44,673 - ERROR - Error rendering process text: invalid color argument
2025-05-30 15:27:44,704 - ERROR - Error rendering process text: invalid color argument
2025-05-30 15:27:44,705 - ERROR - Error rendering process text: invalid color argument
2025-05-30 15:27:44,706 - ERROR - Error rendering process text: invalid color argument
2025-05-30 15:27:44,709 - ERROR - Error rendering process text: invalid color argument
2025-05-30 15:27:44,763 - ERROR - Error rendering process text: invalid color argument
2025-05-30 15:27:44,765 - ERROR - Error rendering process text: invalid color argument
2025-05-30 15:27:44,769 - ERROR - Error rendering process text: invalid color argument
2025-05-30 15:27:44,774 - ERROR - Error rendering process text: invalid color argument
2025-05-30 15:27:44,812 - ERROR - Error rendering process text: invalid color argument
2025-05-30 15:27:44,815 - ERROR - Error rendering process text: invalid color argument
2025-05-30 15:27:44,819 - ERROR - Error rendering process text: invalid color argument
2025-05-30 15:27:44,825 - ERROR - Error rendering process text: invalid color argument
2025-05-30 15:27:44,866 - ERROR - Error rendering process text: invalid color argument
2025-05-30 15:27:44,870 - ERROR - Error rendering process text: invalid color argument
2025-05-30 15:27:44,874 - ERROR - Error rendering process text: invalid color argument
2025-05-30 15:27:44,880 - ERROR - Error rendering process text: invalid color argument
2025-05-30 15:27:44,914 - ERROR - Error rendering process text: invalid color argument
2025-05-30 15:27:44,916 - ERROR - Error rendering process text: invalid color argument
2025-05-30 15:27:44,921 - ERROR - Error rendering process text: invalid color argument
2025-05-30 15:27:44,926 - ERROR - Error rendering process text: invalid color argument
2025-05-30 15:27:44,964 - ERROR - Error rendering process text: invalid color argument
2025-05-30 15:27:44,966 - ERROR - Error rendering process text: invalid color argument
2025-05-30 15:27:44,970 - ERROR - Error rendering process text: invalid color argument
2025-05-30 15:27:44,976 - ERROR - Error rendering process text: invalid color argument
2025-05-30 15:27:45,013 - ERROR - Error rendering process text: invalid color argument
2025-05-30 15:27:45,015 - ERROR - Error rendering process text: invalid color argument
2025-05-30 15:27:45,020 - ERROR - Error rendering process text: invalid color argument
2025-05-30 15:27:45,025 - ERROR - Error rendering process text: invalid color argument
2025-05-30 15:27:45,064 - ERROR - Error rendering process text: invalid color argument
2025-05-30 15:27:45,067 - ERROR - Error rendering process text: invalid color argument
2025-05-30 15:27:45,071 - ERROR - Error rendering process text: invalid color argument
2025-05-30 15:27:45,077 - ERROR - Error rendering process text: invalid color argument
2025-05-30 15:27:45,115 - ERROR - Error rendering process text: invalid color argument
2025-05-30 15:27:45,119 - ERROR - Error rendering process text: invalid color argument
2025-05-30 15:27:45,124 - ERROR - Error rendering process text: invalid color argument
2025-05-30 15:27:45,128 - ERROR - Error rendering process text: invalid color argument
2025-05-30 15:27:45,166 - ERROR - Error rendering process text: invalid color argument
2025-05-30 15:27:45,169 - ERROR - Error rendering process text: invalid color argument
2025-05-30 15:27:45,174 - ERROR - Error rendering process text: invalid color argument
2025-05-30 15:27:45,179 - ERROR - Error rendering process text: invalid color argument
2025-05-30 15:27:46,332 - ERROR - Error rendering process text: invalid color argument
2025-05-30 15:27:46,402 - ERROR - Error rendering process text: invalid color argument
2025-05-30 15:27:46,505 - ERROR - Error rendering process text: invalid color argument
2025-05-30 15:27:46,632 - ERROR - Error rendering process text: invalid color argument
2025-05-30 15:27:47,527 - ERROR - Error rendering process text: invalid color argument
2025-05-30 15:27:47,589 - ERROR - Error rendering process text: invalid color argument
2025-05-30 15:27:47,690 - ERROR - Error rendering process text: invalid color argument
2025-05-30 15:27:47,856 - ERROR - Error rendering process text: invalid color argument
2025-05-30 15:27:48,000 - ERROR - Error rendering process text: invalid color argument
2025-05-30 15:27:48,001 - ERROR - Error rendering process text: invalid color argument
2025-05-30 15:27:48,002 - ERROR - Error rendering process text: invalid color argument
2025-05-30 15:27:48,005 - ERROR - Error rendering process text: invalid color argument
2025-05-30 15:27:48,015 - ERROR - Error rendering process text: invalid color argument
2025-05-30 15:27:48,018 - ERROR - Error rendering process text: invalid color argument
2025-05-30 15:27:48,019 - ERROR - Error rendering process text: invalid color argument
2025-05-30 15:27:48,022 - ERROR - Error rendering process text: invalid color argument
2025-05-30 15:27:48,069 - ERROR - Error rendering process text: invalid color argument
2025-05-30 15:27:48,072 - ERROR - Error rendering process text: invalid color argument
2025-05-30 15:27:48,075 - ERROR - Error rendering process text: invalid color argument
2025-05-30 15:27:48,078 - ERROR - Error rendering process text: invalid color argument
2025-05-30 15:27:48,118 - ERROR - Error rendering process text: invalid color argument
2025-05-30 15:27:48,120 - ERROR - Error rendering process text: invalid color argument
2025-05-30 15:27:48,124 - ERROR - Error rendering process text: invalid color argument
2025-05-30 15:27:48,128 - ERROR - Error rendering process text: invalid color argument
2025-05-30 15:27:48,169 - ERROR - Error rendering process text: invalid color argument
2025-05-30 15:27:48,171 - ERROR - Error rendering process text: invalid color argument
2025-05-30 15:27:48,174 - ERROR - Error rendering process text: invalid color argument
2025-05-30 15:27:48,178 - ERROR - Error rendering process text: invalid color argument
2025-05-30 15:27:48,220 - ERROR - Error rendering process text: invalid color argument
2025-05-30 15:27:48,222 - ERROR - Error rendering process text: invalid color argument
2025-05-30 15:27:48,225 - ERROR - Error rendering process text: invalid color argument
2025-05-30 15:27:48,230 - ERROR - Error rendering process text: invalid color argument
2025-05-30 15:27:48,271 - ERROR - Error rendering process text: invalid color argument
2025-05-30 15:27:48,272 - ERROR - Error rendering process text: invalid color argument
2025-05-30 15:27:48,276 - ERROR - Error rendering process text: invalid color argument
2025-05-30 15:27:48,279 - ERROR - Error rendering process text: invalid color argument
2025-05-30 15:27:48,321 - ERROR - Error rendering process text: invalid color argument
2025-05-30 15:27:48,324 - ERROR - Error rendering process text: invalid color argument
2025-05-30 15:27:48,326 - ERROR - Error rendering process text: invalid color argument
2025-05-30 15:27:48,330 - ERROR - Error rendering process text: invalid color argument
2025-05-30 15:27:48,373 - ERROR - Error rendering process text: invalid color argument
2025-05-30 15:27:48,376 - ERROR - Error rendering process text: invalid color argument
2025-05-30 15:27:48,379 - ERROR - Error rendering process text: invalid color argument
2025-05-30 15:27:48,384 - ERROR - Error rendering process text: invalid color argument
2025-05-30 15:27:48,421 - ERROR - Error rendering process text: invalid color argument
2025-05-30 15:27:48,424 - ERROR - Error rendering process text: invalid color argument
2025-05-30 15:27:48,426 - ERROR - Error rendering process text: invalid color argument
2025-05-30 15:27:48,431 - ERROR - Error rendering process text: invalid color argument
2025-05-30 15:27:48,472 - ERROR - Error rendering process text: invalid color argument
2025-05-30 15:27:48,474 - ERROR - Error rendering process text: invalid color argument
2025-05-30 15:27:48,476 - ERROR - Error rendering process text: invalid color argument
2025-05-30 15:27:48,480 - ERROR - Error rendering process text: invalid color argument
2025-05-30 15:27:48,523 - ERROR - Error rendering process text: invalid color argument
2025-05-30 15:27:48,526 - ERROR - Error rendering process text: invalid color argument
2025-05-30 15:27:48,528 - ERROR - Error rendering process text: invalid color argument
2025-05-30 15:27:48,532 - ERROR - Error rendering process text: invalid color argument
2025-05-30 15:27:48,574 - ERROR - Error rendering process text: invalid color argument
2025-05-30 15:27:48,576 - ERROR - Error rendering process text: invalid color argument
2025-05-30 15:27:48,579 - ERROR - Error rendering process text: invalid color argument
2025-05-30 15:27:48,584 - ERROR - Error rendering process text: invalid color argument
2025-05-30 15:27:48,624 - ERROR - Error rendering process text: invalid color argument
2025-05-30 15:27:48,625 - ERROR - Error rendering process text: invalid color argument
2025-05-30 15:27:48,629 - ERROR - Error rendering process text: invalid color argument
2025-05-30 15:27:48,633 - ERROR - Error rendering process text: invalid color argument
2025-05-30 15:27:48,674 - ERROR - Error rendering process text: invalid color argument
2025-05-30 15:27:48,676 - ERROR - Error rendering process text: invalid color argument
2025-05-30 15:27:48,679 - ERROR - Error rendering process text: invalid color argument
2025-05-30 15:27:48,684 - ERROR - Error rendering process text: invalid color argument
2025-05-30 15:27:48,725 - ERROR - Error rendering process text: invalid color argument
2025-05-30 15:27:48,727 - ERROR - Error rendering process text: invalid color argument
2025-05-30 15:27:48,730 - ERROR - Error rendering process text: invalid color argument
2025-05-30 15:27:48,735 - ERROR - Error rendering process text: invalid color argument
2025-05-30 15:27:48,774 - ERROR - Error rendering process text: invalid color argument
2025-05-30 15:27:48,777 - ERROR - Error rendering process text: invalid color argument
2025-05-30 15:27:48,780 - ERROR - Error rendering process text: invalid color argument
2025-05-30 15:27:48,784 - ERROR - Error rendering process text: invalid color argument
2025-05-30 15:27:48,824 - ERROR - Error rendering process text: invalid color argument
2025-05-30 15:27:48,827 - ERROR - Error rendering process text: invalid color argument
2025-05-30 15:27:48,831 - ERROR - Error rendering process text: invalid color argument
2025-05-30 15:27:48,836 - ERROR - Error rendering process text: invalid color argument
2025-05-30 15:27:48,877 - ERROR - Error rendering process text: invalid color argument
2025-05-30 15:27:48,879 - ERROR - Error rendering process text: invalid color argument
2025-05-30 15:27:48,883 - ERROR - Error rendering process text: invalid color argument
2025-05-30 15:27:48,888 - ERROR - Error rendering process text: invalid color argument
2025-05-30 15:27:48,925 - ERROR - Error rendering process text: invalid color argument
2025-05-30 15:27:48,928 - ERROR - Error rendering process text: invalid color argument
2025-05-30 15:27:48,930 - ERROR - Error rendering process text: invalid color argument
2025-05-30 15:27:48,935 - ERROR - Error rendering process text: invalid color argument
2025-05-30 15:27:48,976 - ERROR - Error rendering process text: invalid color argument
2025-05-30 15:27:48,979 - ERROR - Error rendering process text: invalid color argument
2025-05-30 15:27:48,983 - ERROR - Error rendering process text: invalid color argument
2025-05-30 15:27:48,988 - ERROR - Error rendering process text: invalid color argument
2025-05-30 15:27:49,026 - ERROR - Error rendering process text: invalid color argument
2025-05-30 15:27:49,029 - ERROR - Error rendering process text: invalid color argument
2025-05-30 15:27:49,032 - ERROR - Error rendering process text: invalid color argument
2025-05-30 15:27:49,037 - ERROR - Error rendering process text: invalid color argument
2025-05-30 15:27:49,077 - ERROR - Error rendering process text: invalid color argument
2025-05-30 15:27:49,079 - ERROR - Error rendering process text: invalid color argument
2025-05-30 15:27:49,083 - ERROR - Error rendering process text: invalid color argument
2025-05-30 15:27:49,087 - ERROR - Error rendering process text: invalid color argument
2025-05-30 15:27:49,125 - ERROR - Error rendering process text: invalid color argument
2025-05-30 15:27:49,128 - ERROR - Error rendering process text: invalid color argument
2025-05-30 15:27:49,131 - ERROR - Error rendering process text: invalid color argument
2025-05-30 15:27:49,134 - ERROR - Error rendering process text: invalid color argument
2025-05-30 15:27:49,177 - ERROR - Error rendering process text: invalid color argument
2025-05-30 15:27:49,179 - ERROR - Error rendering process text: invalid color argument
2025-05-30 15:27:49,182 - ERROR - Error rendering process text: invalid color argument
2025-05-30 15:27:49,187 - ERROR - Error rendering process text: invalid color argument
2025-05-30 15:27:49,228 - ERROR - Error rendering process text: invalid color argument
2025-05-30 15:27:49,230 - ERROR - Error rendering process text: invalid color argument
2025-05-30 15:27:49,234 - ERROR - Error rendering process text: invalid color argument
2025-05-30 15:27:49,239 - ERROR - Error rendering process text: invalid color argument
2025-05-30 15:27:49,277 - ERROR - Error rendering process text: invalid color argument
2025-05-30 15:27:49,279 - ERROR - Error rendering process text: invalid color argument
2025-05-30 15:27:49,283 - ERROR - Error rendering process text: invalid color argument
2025-05-30 15:27:49,287 - ERROR - Error rendering process text: invalid color argument
2025-05-30 15:27:49,326 - ERROR - Error rendering process text: invalid color argument
2025-05-30 15:27:49,329 - ERROR - Error rendering process text: invalid color argument
2025-05-30 15:27:49,333 - ERROR - Error rendering process text: invalid color argument
2025-05-30 15:27:49,338 - ERROR - Error rendering process text: invalid color argument
2025-05-30 15:27:49,379 - ERROR - Error rendering process text: invalid color argument
2025-05-30 15:27:49,381 - ERROR - Error rendering process text: invalid color argument
2025-05-30 15:27:49,384 - ERROR - Error rendering process text: invalid color argument
2025-05-30 15:27:49,389 - ERROR - Error rendering process text: invalid color argument
2025-05-30 15:27:49,428 - ERROR - Error rendering process text: invalid color argument
2025-05-30 15:27:49,430 - ERROR - Error rendering process text: invalid color argument
2025-05-30 15:27:49,435 - ERROR - Error rendering process text: invalid color argument
2025-05-30 15:27:49,439 - ERROR - Error rendering process text: invalid color argument
2025-05-30 15:27:49,477 - ERROR - Error rendering process text: invalid color argument
2025-05-30 15:27:49,480 - ERROR - Error rendering process text: invalid color argument
2025-05-30 15:27:49,484 - ERROR - Error rendering process text: invalid color argument
2025-05-30 15:27:49,489 - ERROR - Error rendering process text: invalid color argument
2025-05-30 15:27:49,528 - ERROR - Error rendering process text: invalid color argument
2025-05-30 15:27:49,530 - ERROR - Error rendering process text: invalid color argument
2025-05-30 15:27:49,533 - ERROR - Error rendering process text: invalid color argument
2025-05-30 15:27:49,537 - ERROR - Error rendering process text: invalid color argument
2025-05-30 15:27:49,577 - ERROR - Error rendering process text: invalid color argument
2025-05-30 15:27:49,579 - ERROR - Error rendering process text: invalid color argument
2025-05-30 15:27:49,583 - ERROR - Error rendering process text: invalid color argument
2025-05-30 15:27:49,588 - ERROR - Error rendering process text: invalid color argument
2025-05-30 15:27:49,628 - ERROR - Error rendering process text: invalid color argument
2025-05-30 15:27:49,631 - ERROR - Error rendering process text: invalid color argument
2025-05-30 15:27:49,634 - ERROR - Error rendering process text: invalid color argument
2025-05-30 15:27:49,639 - ERROR - Error rendering process text: invalid color argument
2025-05-30 15:27:49,679 - ERROR - Error rendering process text: invalid color argument
2025-05-30 15:27:49,681 - ERROR - Error rendering process text: invalid color argument
2025-05-30 15:27:49,685 - ERROR - Error rendering process text: invalid color argument
2025-05-30 15:27:49,691 - ERROR - Error rendering process text: invalid color argument
2025-05-30 15:27:49,730 - ERROR - Error rendering process text: invalid color argument
2025-05-30 15:27:49,733 - ERROR - Error rendering process text: invalid color argument
2025-05-30 15:27:49,737 - ERROR - Error rendering process text: invalid color argument
2025-05-30 15:27:49,742 - ERROR - Error rendering process text: invalid color argument
2025-05-30 15:27:49,780 - ERROR - Error rendering process text: invalid color argument
2025-05-30 15:27:49,784 - ERROR - Error rendering process text: invalid color argument
2025-05-30 15:27:49,787 - ERROR - Error rendering process text: invalid color argument
2025-05-30 15:27:49,792 - ERROR - Error rendering process text: invalid color argument
2025-05-30 15:27:49,829 - ERROR - Error rendering process text: invalid color argument
2025-05-30 15:27:49,832 - ERROR - Error rendering process text: invalid color argument
2025-05-30 15:27:49,835 - ERROR - Error rendering process text: invalid color argument
2025-05-30 15:27:49,840 - ERROR - Error rendering process text: invalid color argument
2025-05-30 15:27:49,880 - ERROR - Error rendering process text: invalid color argument
2025-05-30 15:27:49,884 - ERROR - Error rendering process text: invalid color argument
2025-05-30 15:27:49,890 - ERROR - Error rendering process text: invalid color argument
2025-05-30 15:27:49,901 - ERROR - Error rendering process text: invalid color argument
2025-05-30 15:27:49,931 - ERROR - Error rendering process text: invalid color argument
2025-05-30 15:27:49,933 - ERROR - Error rendering process text: invalid color argument
2025-05-30 15:27:49,935 - ERROR - Error rendering process text: invalid color argument
2025-05-30 15:27:49,938 - ERROR - Error rendering process text: invalid color argument
2025-05-30 15:27:49,979 - ERROR - Error rendering process text: invalid color argument
2025-05-30 15:27:49,980 - ERROR - Error rendering process text: invalid color argument
2025-05-30 15:27:49,983 - ERROR - Error rendering process text: invalid color argument
2025-05-30 15:27:49,987 - ERROR - Error rendering process text: invalid color argument
2025-05-30 15:27:51,156 - ERROR - Error rendering process text: invalid color argument
2025-05-30 15:27:51,203 - ERROR - Error rendering process text: invalid color argument
2025-05-30 15:27:51,312 - ERROR - Error rendering process text: invalid color argument
2025-05-30 15:27:51,462 - ERROR - Error rendering process text: invalid color argument
2025-05-30 15:27:52,631 - ERROR - Error rendering process text: invalid color argument
2025-05-30 15:27:52,733 - ERROR - Error rendering process text: invalid color argument
2025-05-30 15:27:52,744 - ERROR - Error rendering process text: invalid color argument
2025-05-30 15:27:52,746 - ERROR - Error rendering process text: invalid color argument
2025-05-30 15:27:52,759 - ERROR - Error rendering process text: invalid color argument
2025-05-30 15:27:52,761 - ERROR - Error rendering process text: invalid color argument
2025-05-30 15:27:52,763 - ERROR - Error rendering process text: invalid color argument
2025-05-30 15:27:52,765 - ERROR - Error rendering process text: invalid color argument
2025-05-30 15:27:52,810 - ERROR - Error rendering process text: invalid color argument
2025-05-30 15:27:52,812 - ERROR - Error rendering process text: invalid color argument
2025-05-30 15:27:52,816 - ERROR - Error rendering process text: invalid color argument
2025-05-30 15:27:52,818 - ERROR - Error rendering process text: invalid color argument
2025-05-30 15:27:52,863 - ERROR - Error rendering process text: invalid color argument
2025-05-30 15:27:52,864 - ERROR - Error rendering process text: invalid color argument
2025-05-30 15:27:52,867 - ERROR - Error rendering process text: invalid color argument
2025-05-30 15:27:52,871 - ERROR - Error rendering process text: invalid color argument
2025-05-30 15:27:52,911 - ERROR - Error rendering process text: invalid color argument
2025-05-30 15:27:52,914 - ERROR - Error rendering process text: invalid color argument
2025-05-30 15:27:52,917 - ERROR - Error rendering process text: invalid color argument
2025-05-30 15:27:52,921 - ERROR - Error rendering process text: invalid color argument
2025-05-30 15:27:52,962 - ERROR - Error rendering process text: invalid color argument
2025-05-30 15:27:52,965 - ERROR - Error rendering process text: invalid color argument
2025-05-30 15:27:52,968 - ERROR - Error rendering process text: invalid color argument
2025-05-30 15:27:52,971 - ERROR - Error rendering process text: invalid color argument
2025-05-30 15:27:53,012 - ERROR - Error rendering process text: invalid color argument
2025-05-30 15:27:53,015 - ERROR - Error rendering process text: invalid color argument
2025-05-30 15:27:53,017 - ERROR - Error rendering process text: invalid color argument
2025-05-30 15:27:53,021 - ERROR - Error rendering process text: invalid color argument
2025-05-30 15:27:53,061 - ERROR - Error rendering process text: invalid color argument
2025-05-30 15:27:53,065 - ERROR - Error rendering process text: invalid color argument
2025-05-30 15:27:53,067 - ERROR - Error rendering process text: invalid color argument
2025-05-30 15:27:53,072 - ERROR - Error rendering process text: invalid color argument
2025-05-30 15:27:53,113 - ERROR - Error rendering process text: invalid color argument
2025-05-30 15:27:53,115 - ERROR - Error rendering process text: invalid color argument
2025-05-30 15:27:53,121 - ERROR - Error rendering process text: invalid color argument
2025-05-30 15:27:53,127 - ERROR - Error rendering process text: invalid color argument
2025-05-30 15:27:53,167 - ERROR - Error rendering process text: invalid color argument
2025-05-30 15:27:53,170 - ERROR - Error rendering process text: invalid color argument
2025-05-30 15:27:53,174 - ERROR - Error rendering process text: invalid color argument
2025-05-30 15:27:53,182 - ERROR - Error rendering process text: invalid color argument
2025-05-30 15:27:53,218 - ERROR - Error rendering process text: invalid color argument
2025-05-30 15:27:53,221 - ERROR - Error rendering process text: invalid color argument
2025-05-30 15:27:53,227 - ERROR - Error rendering process text: invalid color argument
2025-05-30 15:27:53,233 - ERROR - Error rendering process text: invalid color argument
2025-05-30 15:27:53,269 - ERROR - Error rendering process text: invalid color argument
2025-05-30 15:27:53,272 - ERROR - Error rendering process text: invalid color argument
2025-05-30 15:27:53,276 - ERROR - Error rendering process text: invalid color argument
2025-05-30 15:27:53,280 - ERROR - Error rendering process text: invalid color argument
2025-05-30 15:27:53,312 - ERROR - Error rendering process text: invalid color argument
2025-05-30 15:27:53,315 - ERROR - Error rendering process text: invalid color argument
2025-05-30 15:27:53,316 - ERROR - Error rendering process text: invalid color argument
2025-05-30 15:27:53,320 - ERROR - Error rendering process text: invalid color argument
2025-05-30 15:27:53,363 - ERROR - Error rendering process text: invalid color argument
2025-05-30 15:27:53,366 - ERROR - Error rendering process text: invalid color argument
2025-05-30 15:27:53,368 - ERROR - Error rendering process text: invalid color argument
2025-05-30 15:27:53,373 - ERROR - Error rendering process text: invalid color argument
2025-05-30 15:27:53,413 - ERROR - Error rendering process text: invalid color argument
2025-05-30 15:27:53,415 - ERROR - Error rendering process text: invalid color argument
2025-05-30 15:27:53,418 - ERROR - Error rendering process text: invalid color argument
2025-05-30 15:27:53,422 - ERROR - Error rendering process text: invalid color argument
2025-05-30 15:27:53,462 - ERROR - Error rendering process text: invalid color argument
2025-05-30 15:27:53,464 - ERROR - Error rendering process text: invalid color argument
2025-05-30 15:27:53,466 - ERROR - Error rendering process text: invalid color argument
2025-05-30 15:27:53,469 - ERROR - Error rendering process text: invalid color argument
2025-05-30 15:27:53,514 - ERROR - Error rendering process text: invalid color argument
2025-05-30 15:27:53,515 - ERROR - Error rendering process text: invalid color argument
2025-05-30 15:27:53,516 - ERROR - Error rendering process text: invalid color argument
2025-05-30 15:27:53,521 - ERROR - Error rendering process text: invalid color argument
2025-05-30 15:27:53,564 - ERROR - Error rendering process text: invalid color argument
2025-05-30 15:27:53,566 - ERROR - Error rendering process text: invalid color argument
2025-05-30 15:27:53,567 - ERROR - Error rendering process text: invalid color argument
2025-05-30 15:27:53,571 - ERROR - Error rendering process text: invalid color argument
2025-05-30 15:27:53,612 - ERROR - Error rendering process text: invalid color argument
2025-05-30 15:27:53,614 - ERROR - Error rendering process text: invalid color argument
2025-05-30 15:27:53,615 - ERROR - Error rendering process text: invalid color argument
2025-05-30 15:27:53,618 - ERROR - Error rendering process text: invalid color argument
2025-05-30 15:27:53,667 - ERROR - Error rendering process text: invalid color argument
2025-05-30 15:27:53,669 - ERROR - Error rendering process text: invalid color argument
2025-05-30 15:27:53,671 - ERROR - Error rendering process text: invalid color argument
2025-05-30 15:27:53,675 - ERROR - Error rendering process text: invalid color argument
2025-05-30 15:27:53,714 - ERROR - Error rendering process text: invalid color argument
2025-05-30 15:27:53,715 - ERROR - Error rendering process text: invalid color argument
2025-05-30 15:27:53,718 - ERROR - Error rendering process text: invalid color argument
2025-05-30 15:27:53,721 - ERROR - Error rendering process text: invalid color argument
2025-05-30 15:27:53,768 - ERROR - Error rendering process text: invalid color argument
2025-05-30 15:27:53,772 - ERROR - Error rendering process text: invalid color argument
2025-05-30 15:27:53,777 - ERROR - Error rendering process text: invalid color argument
2025-05-30 15:27:53,784 - ERROR - Error rendering process text: invalid color argument
2025-05-30 15:27:53,821 - ERROR - Error rendering process text: invalid color argument
2025-05-30 15:27:53,823 - ERROR - Error rendering process text: invalid color argument
2025-05-30 15:27:53,826 - ERROR - Error rendering process text: invalid color argument
2025-05-30 15:27:53,831 - ERROR - Error rendering process text: invalid color argument
2025-05-30 15:27:53,870 - ERROR - Error rendering process text: invalid color argument
2025-05-30 15:27:53,873 - ERROR - Error rendering process text: invalid color argument
2025-05-30 15:27:53,875 - ERROR - Error rendering process text: invalid color argument
2025-05-30 15:27:53,880 - ERROR - Error rendering process text: invalid color argument
2025-05-30 15:27:53,919 - ERROR - Error rendering process text: invalid color argument
2025-05-30 15:27:53,925 - ERROR - Error rendering process text: invalid color argument
2025-05-30 15:27:53,930 - ERROR - Error rendering process text: invalid color argument
2025-05-30 15:27:53,935 - ERROR - Error rendering process text: invalid color argument
2025-05-30 15:27:53,971 - ERROR - Error rendering process text: invalid color argument
2025-05-30 15:27:53,973 - ERROR - Error rendering process text: invalid color argument
2025-05-30 15:27:53,977 - ERROR - Error rendering process text: invalid color argument
2025-05-30 15:27:53,982 - ERROR - Error rendering process text: invalid color argument
2025-05-30 15:27:54,023 - ERROR - Error rendering process text: invalid color argument
2025-05-30 15:27:54,026 - ERROR - Error rendering process text: invalid color argument
2025-05-30 15:27:54,029 - ERROR - Error rendering process text: invalid color argument
2025-05-30 15:27:54,034 - ERROR - Error rendering process text: invalid color argument
2025-05-30 15:27:54,071 - ERROR - Error rendering process text: invalid color argument
2025-05-30 15:27:54,074 - ERROR - Error rendering process text: invalid color argument
2025-05-30 15:27:54,077 - ERROR - Error rendering process text: invalid color argument
2025-05-30 15:27:54,082 - ERROR - Error rendering process text: invalid color argument
2025-05-30 15:27:54,125 - ERROR - Error rendering process text: invalid color argument
2025-05-30 15:27:54,127 - ERROR - Error rendering process text: invalid color argument
2025-05-30 15:27:54,131 - ERROR - Error rendering process text: invalid color argument
2025-05-30 15:27:54,136 - ERROR - Error rendering process text: invalid color argument
2025-05-30 15:27:54,171 - ERROR - Error rendering process text: invalid color argument
2025-05-30 15:27:54,174 - ERROR - Error rendering process text: invalid color argument
2025-05-30 15:27:54,177 - ERROR - Error rendering process text: invalid color argument
2025-05-30 15:27:54,181 - ERROR - Error rendering process text: invalid color argument
2025-05-30 15:27:54,230 - ERROR - Error rendering process text: invalid color argument
2025-05-30 15:27:54,236 - ERROR - Error rendering process text: invalid color argument
2025-05-30 15:27:54,240 - ERROR - Error rendering process text: invalid color argument
2025-05-30 15:27:54,245 - ERROR - Error rendering process text: invalid color argument
2025-05-30 15:27:54,277 - ERROR - Error rendering process text: invalid color argument
2025-05-30 15:27:54,279 - ERROR - Error rendering process text: invalid color argument
2025-05-30 15:27:54,282 - ERROR - Error rendering process text: invalid color argument
2025-05-30 15:27:54,285 - ERROR - Error rendering process text: invalid color argument
2025-05-30 15:27:54,327 - ERROR - Error rendering process text: invalid color argument
2025-05-30 15:27:54,329 - ERROR - Error rendering process text: invalid color argument
2025-05-30 15:27:54,331 - ERROR - Error rendering process text: invalid color argument
2025-05-30 15:27:54,336 - ERROR - Error rendering process text: invalid color argument
2025-05-30 15:27:54,383 - ERROR - Error rendering process text: invalid color argument
2025-05-30 15:27:54,387 - ERROR - Error rendering process text: invalid color argument
2025-05-30 15:27:54,393 - ERROR - Error rendering process text: invalid color argument
2025-05-30 15:27:54,401 - ERROR - Error rendering process text: invalid color argument
2025-05-30 15:27:54,444 - ERROR - Error rendering process text: invalid color argument
2025-05-30 15:27:54,447 - ERROR - Error rendering process text: invalid color argument
2025-05-30 15:27:54,451 - ERROR - Error rendering process text: invalid color argument
2025-05-30 15:27:54,457 - ERROR - Error rendering process text: invalid color argument
2025-05-30 15:27:54,489 - ERROR - Error rendering process text: invalid color argument
2025-05-30 15:27:54,492 - ERROR - Error rendering process text: invalid color argument
2025-05-30 15:27:54,496 - ERROR - Error rendering process text: invalid color argument
2025-05-30 15:27:54,501 - ERROR - Error rendering process text: invalid color argument
2025-05-30 15:27:54,538 - ERROR - Error rendering process text: invalid color argument
2025-05-30 15:27:54,542 - ERROR - Error rendering process text: invalid color argument
2025-05-30 15:27:54,547 - ERROR - Error rendering process text: invalid color argument
2025-05-30 15:27:54,555 - ERROR - Error rendering process text: invalid color argument
2025-05-30 15:27:54,590 - ERROR - Error rendering process text: invalid color argument
2025-05-30 15:27:54,593 - ERROR - Error rendering process text: invalid color argument
2025-05-30 15:27:54,599 - ERROR - Error rendering process text: invalid color argument
2025-05-30 15:27:54,608 - ERROR - Error rendering process text: invalid color argument
2025-05-30 15:27:54,644 - ERROR - Error rendering process text: invalid color argument
2025-05-30 15:27:54,650 - ERROR - Error rendering process text: invalid color argument
2025-05-30 15:27:54,656 - ERROR - Error rendering process text: invalid color argument
2025-05-30 15:27:54,664 - ERROR - Error rendering process text: invalid color argument
2025-05-30 15:27:54,691 - ERROR - Error rendering process text: invalid color argument
2025-05-30 15:27:54,694 - ERROR - Error rendering process text: invalid color argument
2025-05-30 15:27:54,697 - ERROR - Error rendering process text: invalid color argument
2025-05-30 15:27:54,700 - ERROR - Error rendering process text: invalid color argument
2025-05-30 15:27:54,742 - ERROR - Error rendering process text: invalid color argument
2025-05-30 15:27:54,745 - ERROR - Error rendering process text: invalid color argument
2025-05-30 15:27:54,748 - ERROR - Error rendering process text: invalid color argument
2025-05-30 15:27:54,753 - ERROR - Error rendering process text: invalid color argument
2025-05-30 15:27:55,753 - ERROR - Error rendering process text: invalid color argument
2025-05-30 15:27:55,814 - ERROR - Error rendering process text: invalid color argument
2025-05-30 15:27:55,892 - ERROR - Error rendering process text: invalid color argument
2025-05-30 15:27:56,044 - ERROR - Error rendering process text: invalid color argument
2025-05-30 15:27:56,965 - ERROR - Error rendering process text: invalid color argument
2025-05-30 15:27:57,080 - ERROR - Error rendering process text: invalid color argument
2025-05-30 15:27:57,166 - ERROR - Error rendering process text: invalid color argument
2025-05-30 15:27:57,350 - ERROR - Error rendering process text: invalid color argument
2025-05-30 15:27:57,773 - ERROR - Error rendering process text: invalid color argument
2025-05-30 15:27:57,774 - ERROR - Error rendering process text: invalid color argument
2025-05-30 15:27:57,776 - ERROR - Error rendering process text: invalid color argument
2025-05-30 15:27:57,777 - ERROR - Error rendering process text: invalid color argument
2025-05-30 15:27:57,801 - ERROR - Error rendering process text: invalid color argument
2025-05-30 15:27:57,803 - ERROR - Error rendering process text: invalid color argument
2025-05-30 15:27:57,805 - ERROR - Error rendering process text: invalid color argument
2025-05-30 15:27:57,809 - ERROR - Error rendering process text: invalid color argument
2025-05-30 15:27:57,849 - ERROR - Error rendering process text: invalid color argument
2025-05-30 15:27:57,851 - ERROR - Error rendering process text: invalid color argument
2025-05-30 15:27:57,854 - ERROR - Error rendering process text: invalid color argument
2025-05-30 15:27:57,858 - ERROR - Error rendering process text: invalid color argument
2025-05-30 15:27:57,900 - ERROR - Error rendering process text: invalid color argument
2025-05-30 15:27:57,902 - ERROR - Error rendering process text: invalid color argument
2025-05-30 15:27:57,905 - ERROR - Error rendering process text: invalid color argument
2025-05-30 15:27:57,910 - ERROR - Error rendering process text: invalid color argument
2025-05-30 15:27:57,949 - ERROR - Error rendering process text: invalid color argument
2025-05-30 15:27:57,951 - ERROR - Error rendering process text: invalid color argument
2025-05-30 15:27:57,955 - ERROR - Error rendering process text: invalid color argument
2025-05-30 15:27:57,959 - ERROR - Error rendering process text: invalid color argument
2025-05-30 15:27:58,001 - ERROR - Error rendering process text: invalid color argument
2025-05-30 15:27:58,004 - ERROR - Error rendering process text: invalid color argument
2025-05-30 15:27:58,007 - ERROR - Error rendering process text: invalid color argument
2025-05-30 15:27:58,012 - ERROR - Error rendering process text: invalid color argument
2025-05-30 15:27:58,051 - ERROR - Error rendering process text: invalid color argument
2025-05-30 15:27:58,052 - ERROR - Error rendering process text: invalid color argument
2025-05-30 15:27:58,058 - ERROR - Error rendering process text: invalid color argument
2025-05-30 15:27:58,062 - ERROR - Error rendering process text: invalid color argument
2025-05-30 15:27:58,101 - ERROR - Error rendering process text: invalid color argument
2025-05-30 15:27:58,102 - ERROR - Error rendering process text: invalid color argument
2025-05-30 15:27:58,108 - ERROR - Error rendering process text: invalid color argument
2025-05-30 15:27:58,111 - ERROR - Error rendering process text: invalid color argument
2025-05-30 15:27:58,153 - ERROR - Error rendering process text: invalid color argument
2025-05-30 15:27:58,156 - ERROR - Error rendering process text: invalid color argument
2025-05-30 15:27:58,159 - ERROR - Error rendering process text: invalid color argument
2025-05-30 15:27:58,163 - ERROR - Error rendering process text: invalid color argument
2025-05-30 15:27:58,205 - ERROR - Error rendering process text: invalid color argument
2025-05-30 15:27:58,207 - ERROR - Error rendering process text: invalid color argument
2025-05-30 15:27:58,209 - ERROR - Error rendering process text: invalid color argument
2025-05-30 15:27:58,214 - ERROR - Error rendering process text: invalid color argument
2025-05-30 15:27:58,248 - ERROR - Error rendering process text: invalid color argument
2025-05-30 15:27:58,250 - ERROR - Error rendering process text: invalid color argument
2025-05-30 15:27:58,252 - ERROR - Error rendering process text: invalid color argument
2025-05-30 15:27:58,254 - ERROR - Error rendering process text: invalid color argument
2025-05-30 15:27:58,302 - ERROR - Error rendering process text: invalid color argument
2025-05-30 15:27:58,305 - ERROR - Error rendering process text: invalid color argument
2025-05-30 15:27:58,306 - ERROR - Error rendering process text: invalid color argument
2025-05-30 15:27:58,311 - ERROR - Error rendering process text: invalid color argument
2025-05-30 15:27:58,351 - ERROR - Error rendering process text: invalid color argument
2025-05-30 15:27:58,355 - ERROR - Error rendering process text: invalid color argument
2025-05-30 15:27:58,359 - ERROR - Error rendering process text: invalid color argument
2025-05-30 15:27:58,363 - ERROR - Error rendering process text: invalid color argument
2025-05-30 15:27:58,405 - ERROR - Error rendering process text: invalid color argument
2025-05-30 15:27:58,408 - ERROR - Error rendering process text: invalid color argument
2025-05-30 15:27:58,411 - ERROR - Error rendering process text: invalid color argument
2025-05-30 15:27:58,415 - ERROR - Error rendering process text: invalid color argument
2025-05-30 15:27:58,454 - ERROR - Error rendering process text: invalid color argument
2025-05-30 15:27:58,455 - ERROR - Error rendering process text: invalid color argument
2025-05-30 15:27:58,460 - ERROR - Error rendering process text: invalid color argument
2025-05-30 15:27:58,464 - ERROR - Error rendering process text: invalid color argument
2025-05-30 15:27:58,499 - ERROR - Error rendering process text: invalid color argument
2025-05-30 15:27:58,501 - ERROR - Error rendering process text: invalid color argument
2025-05-30 15:27:58,503 - ERROR - Error rendering process text: invalid color argument
2025-05-30 15:27:58,507 - ERROR - Error rendering process text: invalid color argument
2025-05-30 15:27:58,548 - ERROR - Error rendering process text: invalid color argument
2025-05-30 15:27:58,550 - ERROR - Error rendering process text: invalid color argument
2025-05-30 15:27:58,552 - ERROR - Error rendering process text: invalid color argument
2025-05-30 15:27:58,554 - ERROR - Error rendering process text: invalid color argument
2025-05-30 15:27:58,603 - ERROR - Error rendering process text: invalid color argument
2025-05-30 15:27:58,605 - ERROR - Error rendering process text: invalid color argument
2025-05-30 15:27:58,609 - ERROR - Error rendering process text: invalid color argument
2025-05-30 15:27:58,612 - ERROR - Error rendering process text: invalid color argument
2025-05-30 15:27:58,656 - ERROR - Error rendering process text: invalid color argument
2025-05-30 15:27:58,658 - ERROR - Error rendering process text: invalid color argument
2025-05-30 15:27:58,661 - ERROR - Error rendering process text: invalid color argument
2025-05-30 15:27:58,668 - ERROR - Error rendering process text: invalid color argument
2025-05-30 15:27:58,703 - ERROR - Error rendering process text: invalid color argument
2025-05-30 15:27:58,706 - ERROR - Error rendering process text: invalid color argument
2025-05-30 15:27:58,709 - ERROR - Error rendering process text: invalid color argument
2025-05-30 15:27:58,714 - ERROR - Error rendering process text: invalid color argument
2025-05-30 15:27:58,756 - ERROR - Error rendering process text: invalid color argument
2025-05-30 15:27:58,762 - ERROR - Error rendering process text: invalid color argument
2025-05-30 15:27:58,765 - ERROR - Error rendering process text: invalid color argument
2025-05-30 15:27:58,771 - ERROR - Error rendering process text: invalid color argument
2025-05-30 15:27:58,804 - ERROR - Error rendering process text: invalid color argument
2025-05-30 15:27:58,806 - ERROR - Error rendering process text: invalid color argument
2025-05-30 15:27:58,810 - ERROR - Error rendering process text: invalid color argument
2025-05-30 15:27:58,815 - ERROR - Error rendering process text: invalid color argument
2025-05-30 15:27:58,855 - ERROR - Error rendering process text: invalid color argument
2025-05-30 15:27:58,857 - ERROR - Error rendering process text: invalid color argument
2025-05-30 15:27:58,860 - ERROR - Error rendering process text: invalid color argument
2025-05-30 15:27:58,865 - ERROR - Error rendering process text: invalid color argument
2025-05-30 15:27:58,905 - ERROR - Error rendering process text: invalid color argument
2025-05-30 15:27:58,908 - ERROR - Error rendering process text: invalid color argument
2025-05-30 15:27:58,912 - ERROR - Error rendering process text: invalid color argument
2025-05-30 15:27:58,917 - ERROR - Error rendering process text: invalid color argument
2025-05-30 15:27:58,956 - ERROR - Error rendering process text: invalid color argument
2025-05-30 15:27:58,959 - ERROR - Error rendering process text: invalid color argument
2025-05-30 15:27:58,962 - ERROR - Error rendering process text: invalid color argument
2025-05-30 15:27:58,968 - ERROR - Error rendering process text: invalid color argument
2025-05-30 15:27:59,008 - ERROR - Error rendering process text: invalid color argument
2025-05-30 15:27:59,011 - ERROR - Error rendering process text: invalid color argument
2025-05-30 15:27:59,015 - ERROR - Error rendering process text: invalid color argument
2025-05-30 15:27:59,021 - ERROR - Error rendering process text: invalid color argument
2025-05-30 15:27:59,059 - ERROR - Error rendering process text: invalid color argument
2025-05-30 15:27:59,061 - ERROR - Error rendering process text: invalid color argument
2025-05-30 15:27:59,065 - ERROR - Error rendering process text: invalid color argument
2025-05-30 15:27:59,071 - ERROR - Error rendering process text: invalid color argument
2025-05-30 15:27:59,109 - ERROR - Error rendering process text: invalid color argument
2025-05-30 15:27:59,113 - ERROR - Error rendering process text: invalid color argument
2025-05-30 15:27:59,119 - ERROR - Error rendering process text: invalid color argument
2025-05-30 15:27:59,125 - ERROR - Error rendering process text: invalid color argument
2025-05-30 15:27:59,159 - ERROR - Error rendering process text: invalid color argument
2025-05-30 15:27:59,162 - ERROR - Error rendering process text: invalid color argument
2025-05-30 15:27:59,165 - ERROR - Error rendering process text: invalid color argument
2025-05-30 15:27:59,170 - ERROR - Error rendering process text: invalid color argument
2025-05-30 15:27:59,219 - ERROR - Error rendering process text: invalid color argument
2025-05-30 15:27:59,222 - ERROR - Error rendering process text: invalid color argument
2025-05-30 15:27:59,224 - ERROR - Error rendering process text: invalid color argument
2025-05-30 15:27:59,228 - ERROR - Error rendering process text: invalid color argument
2025-05-30 15:27:59,257 - ERROR - Error rendering process text: invalid color argument
2025-05-30 15:27:59,257 - ERROR - Error rendering process text: invalid color argument
2025-05-30 15:27:59,261 - ERROR - Error rendering process text: invalid color argument
2025-05-30 15:27:59,263 - ERROR - Error rendering process text: invalid color argument
2025-05-30 15:27:59,304 - ERROR - Error rendering process text: invalid color argument
2025-05-30 15:27:59,306 - ERROR - Error rendering process text: invalid color argument
2025-05-30 15:27:59,309 - ERROR - Error rendering process text: invalid color argument
2025-05-30 15:27:59,315 - ERROR - Error rendering process text: invalid color argument
2025-05-30 15:27:59,360 - ERROR - Error rendering process text: invalid color argument
2025-05-30 15:27:59,362 - ERROR - Error rendering process text: invalid color argument
2025-05-30 15:27:59,366 - ERROR - Error rendering process text: invalid color argument
2025-05-30 15:27:59,372 - ERROR - Error rendering process text: invalid color argument
2025-05-30 15:27:59,415 - ERROR - Error rendering process text: invalid color argument
2025-05-30 15:27:59,422 - ERROR - Error rendering process text: invalid color argument
2025-05-30 15:27:59,425 - ERROR - Error rendering process text: invalid color argument
2025-05-30 15:27:59,430 - ERROR - Error rendering process text: invalid color argument
2025-05-30 15:27:59,473 - ERROR - Error rendering process text: invalid color argument
2025-05-30 15:27:59,479 - ERROR - Error rendering process text: invalid color argument
2025-05-30 15:27:59,482 - ERROR - Error rendering process text: invalid color argument
2025-05-30 15:27:59,489 - ERROR - Error rendering process text: invalid color argument
2025-05-30 15:27:59,526 - ERROR - Error rendering process text: invalid color argument
2025-05-30 15:27:59,530 - ERROR - Error rendering process text: invalid color argument
2025-05-30 15:27:59,536 - ERROR - Error rendering process text: invalid color argument
2025-05-30 15:27:59,546 - ERROR - Error rendering process text: invalid color argument
2025-05-30 15:27:59,580 - ERROR - Error rendering process text: invalid color argument
2025-05-30 15:27:59,586 - ERROR - Error rendering process text: invalid color argument
2025-05-30 15:27:59,590 - ERROR - Error rendering process text: invalid color argument
2025-05-30 15:27:59,596 - ERROR - Error rendering process text: invalid color argument
2025-05-30 15:27:59,626 - ERROR - Error rendering process text: invalid color argument
2025-05-30 15:27:59,635 - ERROR - Error rendering process text: invalid color argument
2025-05-30 15:27:59,640 - ERROR - Error rendering process text: invalid color argument
2025-05-30 15:27:59,645 - ERROR - Error rendering process text: invalid color argument
2025-05-30 15:27:59,675 - ERROR - Error rendering process text: invalid color argument
2025-05-30 15:27:59,677 - ERROR - Error rendering process text: invalid color argument
2025-05-30 15:27:59,679 - ERROR - Error rendering process text: invalid color argument
2025-05-30 15:27:59,683 - ERROR - Error rendering process text: invalid color argument
2025-05-30 15:27:59,722 - ERROR - Error rendering process text: invalid color argument
2025-05-30 15:27:59,725 - ERROR - Error rendering process text: invalid color argument
2025-05-30 15:27:59,727 - ERROR - Error rendering process text: invalid color argument
2025-05-30 15:27:59,732 - ERROR - Error rendering process text: invalid color argument
2025-05-30 15:27:59,777 - ERROR - Error rendering process text: invalid color argument
2025-05-30 15:27:59,780 - ERROR - Error rendering process text: invalid color argument
2025-05-30 15:27:59,784 - ERROR - Error rendering process text: invalid color argument
2025-05-30 15:27:59,789 - ERROR - Error rendering process text: invalid color argument
2025-05-30 15:28:00,512 - ERROR - Error rendering process text: invalid color argument
2025-05-30 15:28:00,553 - ERROR - Error rendering process text: invalid color argument
2025-05-30 15:28:00,653 - ERROR - Error rendering process text: invalid color argument
2025-05-30 15:28:00,831 - ERROR - Error rendering process text: invalid color argument
2025-05-30 15:28:01,804 - ERROR - Error rendering process text: invalid color argument
2025-05-30 15:28:01,906 - ERROR - Error rendering process text: invalid color argument
2025-05-30 15:28:01,966 - ERROR - Error rendering process text: invalid color argument
2025-05-30 15:28:02,095 - ERROR - Error rendering process text: invalid color argument
2025-05-30 15:28:02,818 - ERROR - Error rendering process text: invalid color argument
2025-05-30 15:28:02,819 - ERROR - Error rendering process text: invalid color argument
2025-05-30 15:28:02,822 - ERROR - Error rendering process text: invalid color argument
2025-05-30 15:28:02,826 - ERROR - Error rendering process text: invalid color argument
2025-05-30 15:28:02,849 - ERROR - Error rendering process text: invalid color argument
2025-05-30 15:28:02,852 - ERROR - Error rendering process text: invalid color argument
2025-05-30 15:28:02,854 - ERROR - Error rendering process text: invalid color argument
2025-05-30 15:28:02,859 - ERROR - Error rendering process text: invalid color argument
2025-05-30 15:28:02,898 - ERROR - Error rendering process text: invalid color argument
2025-05-30 15:28:02,900 - ERROR - Error rendering process text: invalid color argument
2025-05-30 15:28:02,903 - ERROR - Error rendering process text: invalid color argument
2025-05-30 15:28:02,907 - ERROR - Error rendering process text: invalid color argument
2025-05-30 15:28:02,948 - ERROR - Error rendering process text: invalid color argument
2025-05-30 15:28:02,951 - ERROR - Error rendering process text: invalid color argument
2025-05-30 15:28:02,954 - ERROR - Error rendering process text: invalid color argument
2025-05-30 15:28:02,958 - ERROR - Error rendering process text: invalid color argument
2025-05-30 15:28:02,999 - ERROR - Error rendering process text: invalid color argument
2025-05-30 15:28:03,001 - ERROR - Error rendering process text: invalid color argument
2025-05-30 15:28:03,003 - ERROR - Error rendering process text: invalid color argument
2025-05-30 15:28:03,007 - ERROR - Error rendering process text: invalid color argument
2025-05-30 15:28:03,049 - ERROR - Error rendering process text: invalid color argument
2025-05-30 15:28:03,051 - ERROR - Error rendering process text: invalid color argument
2025-05-30 15:28:03,054 - ERROR - Error rendering process text: invalid color argument
2025-05-30 15:28:03,058 - ERROR - Error rendering process text: invalid color argument
2025-05-30 15:28:03,101 - ERROR - Error rendering process text: invalid color argument
2025-05-30 15:28:03,103 - ERROR - Error rendering process text: invalid color argument
2025-05-30 15:28:03,107 - ERROR - Error rendering process text: invalid color argument
2025-05-30 15:28:03,110 - ERROR - Error rendering process text: invalid color argument
2025-05-30 15:28:03,151 - ERROR - Error rendering process text: invalid color argument
2025-05-30 15:28:03,155 - ERROR - Error rendering process text: invalid color argument
2025-05-30 15:28:03,157 - ERROR - Error rendering process text: invalid color argument
2025-05-30 15:28:03,161 - ERROR - Error rendering process text: invalid color argument
2025-05-30 15:28:03,201 - ERROR - Error rendering process text: invalid color argument
2025-05-30 15:28:03,203 - ERROR - Error rendering process text: invalid color argument
2025-05-30 15:28:03,206 - ERROR - Error rendering process text: invalid color argument
2025-05-30 15:28:03,211 - ERROR - Error rendering process text: invalid color argument
2025-05-30 15:28:03,252 - ERROR - Error rendering process text: invalid color argument
2025-05-30 15:28:03,254 - ERROR - Error rendering process text: invalid color argument
2025-05-30 15:28:03,257 - ERROR - Error rendering process text: invalid color argument
2025-05-30 15:28:03,260 - ERROR - Error rendering process text: invalid color argument
2025-05-30 15:28:03,304 - ERROR - Error rendering process text: invalid color argument
2025-05-30 15:28:03,307 - ERROR - Error rendering process text: invalid color argument
2025-05-30 15:28:03,310 - ERROR - Error rendering process text: invalid color argument
2025-05-30 15:28:03,313 - ERROR - Error rendering process text: invalid color argument
2025-05-30 15:28:03,354 - ERROR - Error rendering process text: invalid color argument
2025-05-30 15:28:03,356 - ERROR - Error rendering process text: invalid color argument
2025-05-30 15:28:03,358 - ERROR - Error rendering process text: invalid color argument
2025-05-30 15:28:03,362 - ERROR - Error rendering process text: invalid color argument
2025-05-30 15:28:03,404 - ERROR - Error rendering process text: invalid color argument
2025-05-30 15:28:03,407 - ERROR - Error rendering process text: invalid color argument
2025-05-30 15:28:03,410 - ERROR - Error rendering process text: invalid color argument
2025-05-30 15:28:03,414 - ERROR - Error rendering process text: invalid color argument
2025-05-30 15:28:03,454 - ERROR - Error rendering process text: invalid color argument
2025-05-30 15:28:03,457 - ERROR - Error rendering process text: invalid color argument
2025-05-30 15:28:03,459 - ERROR - Error rendering process text: invalid color argument
2025-05-30 15:28:03,464 - ERROR - Error rendering process text: invalid color argument
2025-05-30 15:28:03,506 - ERROR - Error rendering process text: invalid color argument
2025-05-30 15:28:03,509 - ERROR - Error rendering process text: invalid color argument
2025-05-30 15:28:03,512 - ERROR - Error rendering process text: invalid color argument
2025-05-30 15:28:03,516 - ERROR - Error rendering process text: invalid color argument
2025-05-30 15:28:03,556 - ERROR - Error rendering process text: invalid color argument
2025-05-30 15:28:03,558 - ERROR - Error rendering process text: invalid color argument
2025-05-30 15:28:03,561 - ERROR - Error rendering process text: invalid color argument
2025-05-30 15:28:03,566 - ERROR - Error rendering process text: invalid color argument
2025-05-30 15:28:03,607 - ERROR - Error rendering process text: invalid color argument
2025-05-30 15:28:03,610 - ERROR - Error rendering process text: invalid color argument
2025-05-30 15:28:03,613 - ERROR - Error rendering process text: invalid color argument
2025-05-30 15:28:03,618 - ERROR - Error rendering process text: invalid color argument
2025-05-30 15:28:03,654 - ERROR - Error rendering process text: invalid color argument
2025-05-30 15:28:03,656 - ERROR - Error rendering process text: invalid color argument
2025-05-30 15:28:03,657 - ERROR - Error rendering process text: invalid color argument
2025-05-30 15:28:03,661 - ERROR - Error rendering process text: invalid color argument
2025-05-30 15:28:03,707 - ERROR - Error rendering process text: invalid color argument
2025-05-30 15:28:03,709 - ERROR - Error rendering process text: invalid color argument
2025-05-30 15:28:03,712 - ERROR - Error rendering process text: invalid color argument
2025-05-30 15:28:03,716 - ERROR - Error rendering process text: invalid color argument
2025-05-30 15:28:03,757 - ERROR - Error rendering process text: invalid color argument
2025-05-30 15:28:03,759 - ERROR - Error rendering process text: invalid color argument
2025-05-30 15:28:03,762 - ERROR - Error rendering process text: invalid color argument
2025-05-30 15:28:03,766 - ERROR - Error rendering process text: invalid color argument
2025-05-30 15:28:03,807 - ERROR - Error rendering process text: invalid color argument
2025-05-30 15:28:03,810 - ERROR - Error rendering process text: invalid color argument
2025-05-30 15:28:03,813 - ERROR - Error rendering process text: invalid color argument
2025-05-30 15:28:03,817 - ERROR - Error rendering process text: invalid color argument
2025-05-30 15:28:03,858 - ERROR - Error rendering process text: invalid color argument
2025-05-30 15:28:03,861 - ERROR - Error rendering process text: invalid color argument
2025-05-30 15:28:03,863 - ERROR - Error rendering process text: invalid color argument
2025-05-30 15:28:03,868 - ERROR - Error rendering process text: invalid color argument
2025-05-30 15:28:03,908 - ERROR - Error rendering process text: invalid color argument
2025-05-30 15:28:03,910 - ERROR - Error rendering process text: invalid color argument
2025-05-30 15:28:03,914 - ERROR - Error rendering process text: invalid color argument
2025-05-30 15:28:03,918 - ERROR - Error rendering process text: invalid color argument
2025-05-30 15:28:03,960 - ERROR - Error rendering process text: invalid color argument
2025-05-30 15:28:03,962 - ERROR - Error rendering process text: invalid color argument
2025-05-30 15:28:03,965 - ERROR - Error rendering process text: invalid color argument
2025-05-30 15:28:03,969 - ERROR - Error rendering process text: invalid color argument
2025-05-30 15:28:04,009 - ERROR - Error rendering process text: invalid color argument
2025-05-30 15:28:04,011 - ERROR - Error rendering process text: invalid color argument
2025-05-30 15:28:04,014 - ERROR - Error rendering process text: invalid color argument
2025-05-30 15:28:04,018 - ERROR - Error rendering process text: invalid color argument
2025-05-30 15:28:04,062 - ERROR - Error rendering process text: invalid color argument
2025-05-30 15:28:04,064 - ERROR - Error rendering process text: invalid color argument
2025-05-30 15:28:04,067 - ERROR - Error rendering process text: invalid color argument
2025-05-30 15:28:04,071 - ERROR - Error rendering process text: invalid color argument
2025-05-30 15:28:04,111 - ERROR - Error rendering process text: invalid color argument
2025-05-30 15:28:04,115 - ERROR - Error rendering process text: invalid color argument
2025-05-30 15:28:04,117 - ERROR - Error rendering process text: invalid color argument
2025-05-30 15:28:04,122 - ERROR - Error rendering process text: invalid color argument
2025-05-30 15:28:04,160 - ERROR - Error rendering process text: invalid color argument
2025-05-30 15:28:04,163 - ERROR - Error rendering process text: invalid color argument
2025-05-30 15:28:04,167 - ERROR - Error rendering process text: invalid color argument
2025-05-30 15:28:04,171 - ERROR - Error rendering process text: invalid color argument
2025-05-30 15:28:04,210 - ERROR - Error rendering process text: invalid color argument
2025-05-30 15:28:04,212 - ERROR - Error rendering process text: invalid color argument
2025-05-30 15:28:04,215 - ERROR - Error rendering process text: invalid color argument
2025-05-30 15:28:04,220 - ERROR - Error rendering process text: invalid color argument
2025-05-30 15:28:04,265 - ERROR - Error rendering process text: invalid color argument
2025-05-30 15:28:04,266 - ERROR - Error rendering process text: invalid color argument
2025-05-30 15:28:04,271 - ERROR - Error rendering process text: invalid color argument
2025-05-30 15:28:04,275 - ERROR - Error rendering process text: invalid color argument
2025-05-30 15:28:04,308 - ERROR - Error rendering process text: invalid color argument
2025-05-30 15:28:04,310 - ERROR - Error rendering process text: invalid color argument
2025-05-30 15:28:04,312 - ERROR - Error rendering process text: invalid color argument
2025-05-30 15:28:04,314 - ERROR - Error rendering process text: invalid color argument
2025-05-30 15:28:04,363 - ERROR - Error rendering process text: invalid color argument
2025-05-30 15:28:04,367 - ERROR - Error rendering process text: invalid color argument
2025-05-30 15:28:04,370 - ERROR - Error rendering process text: invalid color argument
2025-05-30 15:28:04,376 - ERROR - Error rendering process text: invalid color argument
2025-05-30 15:28:04,413 - ERROR - Error rendering process text: invalid color argument
2025-05-30 15:28:04,415 - ERROR - Error rendering process text: invalid color argument
2025-05-30 15:28:04,418 - ERROR - Error rendering process text: invalid color argument
2025-05-30 15:28:04,422 - ERROR - Error rendering process text: invalid color argument
2025-05-30 15:28:04,465 - ERROR - Error rendering process text: invalid color argument
2025-05-30 15:28:04,468 - ERROR - Error rendering process text: invalid color argument
2025-05-30 15:28:04,472 - ERROR - Error rendering process text: invalid color argument
2025-05-30 15:28:04,478 - ERROR - Error rendering process text: invalid color argument
2025-05-30 15:28:04,515 - ERROR - Error rendering process text: invalid color argument
2025-05-30 15:28:04,518 - ERROR - Error rendering process text: invalid color argument
2025-05-30 15:28:04,521 - ERROR - Error rendering process text: invalid color argument
2025-05-30 15:28:04,526 - ERROR - Error rendering process text: invalid color argument
2025-05-30 15:28:04,566 - ERROR - Error rendering process text: invalid color argument
2025-05-30 15:28:04,569 - ERROR - Error rendering process text: invalid color argument
2025-05-30 15:28:04,573 - ERROR - Error rendering process text: invalid color argument
2025-05-30 15:28:04,577 - ERROR - Error rendering process text: invalid color argument
2025-05-30 15:28:04,616 - ERROR - Error rendering process text: invalid color argument
2025-05-30 15:28:04,619 - ERROR - Error rendering process text: invalid color argument
2025-05-30 15:28:04,623 - ERROR - Error rendering process text: invalid color argument
2025-05-30 15:28:04,628 - ERROR - Error rendering process text: invalid color argument
2025-05-30 15:28:04,668 - ERROR - Error rendering process text: invalid color argument
2025-05-30 15:28:04,672 - ERROR - Error rendering process text: invalid color argument
2025-05-30 15:28:04,678 - ERROR - Error rendering process text: invalid color argument
2025-05-30 15:28:04,684 - ERROR - Error rendering process text: invalid color argument
2025-05-30 15:28:04,719 - ERROR - Error rendering process text: invalid color argument
2025-05-30 15:28:04,724 - ERROR - Error rendering process text: invalid color argument
2025-05-30 15:28:04,730 - ERROR - Error rendering process text: invalid color argument
2025-05-30 15:28:04,735 - ERROR - Error rendering process text: invalid color argument
2025-05-30 15:28:04,770 - ERROR - Error rendering process text: invalid color argument
2025-05-30 15:28:04,771 - ERROR - Error rendering process text: invalid color argument
2025-05-30 15:28:04,776 - ERROR - Error rendering process text: invalid color argument
2025-05-30 15:28:04,779 - ERROR - Error rendering process text: invalid color argument
2025-05-30 15:28:04,814 - ERROR - Error rendering process text: invalid color argument
2025-05-30 15:28:04,816 - ERROR - Error rendering process text: invalid color argument
2025-05-30 15:28:04,818 - ERROR - Error rendering process text: invalid color argument
2025-05-30 15:28:04,821 - ERROR - Error rendering process text: invalid color argument
2025-05-30 15:28:05,779 - ERROR - Error rendering process text: invalid color argument
2025-05-30 15:28:05,829 - ERROR - Error rendering process text: invalid color argument
2025-05-30 15:28:05,947 - ERROR - Error rendering process text: invalid color argument
2025-05-30 15:28:06,083 - ERROR - Error rendering process text: invalid color argument
2025-05-30 15:28:07,167 - ERROR - Error rendering process text: invalid color argument
2025-05-30 15:28:07,217 - ERROR - Error rendering process text: invalid color argument
2025-05-30 15:28:07,263 - ERROR - Error rendering process text: invalid color argument
2025-05-30 15:28:07,372 - ERROR - Error rendering process text: invalid color argument
2025-05-30 15:28:07,818 - ERROR - Error rendering process text: invalid color argument
2025-05-30 15:28:07,820 - ERROR - Error rendering process text: invalid color argument
2025-05-30 15:28:07,822 - ERROR - Error rendering process text: invalid color argument
2025-05-30 15:28:07,824 - ERROR - Error rendering process text: invalid color argument
2025-05-30 15:28:07,840 - ERROR - Error rendering process text: invalid color argument
2025-05-30 15:28:07,841 - ERROR - Error rendering process text: invalid color argument
2025-05-30 15:28:07,845 - ERROR - Error rendering process text: invalid color argument
2025-05-30 15:28:07,848 - ERROR - Error rendering process text: invalid color argument
2025-05-30 15:28:07,888 - ERROR - Error rendering process text: invalid color argument
2025-05-30 15:28:07,890 - ERROR - Error rendering process text: invalid color argument
2025-05-30 15:28:07,892 - ERROR - Error rendering process text: invalid color argument
2025-05-30 15:28:07,895 - ERROR - Error rendering process text: invalid color argument
2025-05-30 15:28:07,938 - ERROR - Error rendering process text: invalid color argument
2025-05-30 15:28:07,940 - ERROR - Error rendering process text: invalid color argument
2025-05-30 15:28:07,942 - ERROR - Error rendering process text: invalid color argument
2025-05-30 15:28:07,945 - ERROR - Error rendering process text: invalid color argument
2025-05-30 15:28:07,987 - ERROR - Error rendering process text: invalid color argument
2025-05-30 15:28:07,989 - ERROR - Error rendering process text: invalid color argument
2025-05-30 15:28:07,992 - ERROR - Error rendering process text: invalid color argument
2025-05-30 15:28:07,994 - ERROR - Error rendering process text: invalid color argument
2025-05-30 15:28:08,042 - ERROR - Error rendering process text: invalid color argument
2025-05-30 15:28:08,045 - ERROR - Error rendering process text: invalid color argument
2025-05-30 15:28:08,048 - ERROR - Error rendering process text: invalid color argument
2025-05-30 15:28:08,052 - ERROR - Error rendering process text: invalid color argument
2025-05-30 15:28:08,092 - ERROR - Error rendering process text: invalid color argument
2025-05-30 15:28:08,095 - ERROR - Error rendering process text: invalid color argument
2025-05-30 15:28:08,098 - ERROR - Error rendering process text: invalid color argument
2025-05-30 15:28:08,102 - ERROR - Error rendering process text: invalid color argument
2025-05-30 15:28:08,142 - ERROR - Error rendering process text: invalid color argument
2025-05-30 15:28:08,144 - ERROR - Error rendering process text: invalid color argument
2025-05-30 15:28:08,147 - ERROR - Error rendering process text: invalid color argument
2025-05-30 15:28:08,151 - ERROR - Error rendering process text: invalid color argument
2025-05-30 15:28:08,192 - ERROR - Error rendering process text: invalid color argument
2025-05-30 15:28:08,196 - ERROR - Error rendering process text: invalid color argument
2025-05-30 15:28:08,198 - ERROR - Error rendering process text: invalid color argument
2025-05-30 15:28:08,202 - ERROR - Error rendering process text: invalid color argument
2025-05-30 15:28:08,244 - ERROR - Error rendering process text: invalid color argument
2025-05-30 15:28:08,247 - ERROR - Error rendering process text: invalid color argument
2025-05-30 15:28:08,250 - ERROR - Error rendering process text: invalid color argument
2025-05-30 15:28:08,255 - ERROR - Error rendering process text: invalid color argument
2025-05-30 15:28:08,293 - ERROR - Error rendering process text: invalid color argument
2025-05-30 15:28:08,298 - ERROR - Error rendering process text: invalid color argument
2025-05-30 15:28:08,301 - ERROR - Error rendering process text: invalid color argument
2025-05-30 15:28:08,305 - ERROR - Error rendering process text: invalid color argument
2025-05-30 15:28:08,347 - ERROR - Error rendering process text: invalid color argument
2025-05-30 15:28:08,349 - ERROR - Error rendering process text: invalid color argument
2025-05-30 15:28:08,352 - ERROR - Error rendering process text: invalid color argument
2025-05-30 15:28:08,357 - ERROR - Error rendering process text: invalid color argument
2025-05-30 15:28:08,396 - ERROR - Error rendering process text: invalid color argument
2025-05-30 15:28:08,399 - ERROR - Error rendering process text: invalid color argument
2025-05-30 15:28:08,402 - ERROR - Error rendering process text: invalid color argument
2025-05-30 15:28:08,406 - ERROR - Error rendering process text: invalid color argument
2025-05-30 15:28:08,451 - ERROR - Error rendering process text: invalid color argument
2025-05-30 15:28:08,458 - ERROR - Error rendering process text: invalid color argument
2025-05-30 15:28:08,462 - ERROR - Error rendering process text: invalid color argument
2025-05-30 15:28:08,466 - ERROR - Error rendering process text: invalid color argument
2025-05-30 15:28:08,498 - ERROR - Error rendering process text: invalid color argument
2025-05-30 15:28:08,500 - ERROR - Error rendering process text: invalid color argument
2025-05-30 15:28:08,503 - ERROR - Error rendering process text: invalid color argument
2025-05-30 15:28:08,508 - ERROR - Error rendering process text: invalid color argument
2025-05-30 15:28:08,547 - ERROR - Error rendering process text: invalid color argument
2025-05-30 15:28:08,550 - ERROR - Error rendering process text: invalid color argument
2025-05-30 15:28:08,554 - ERROR - Error rendering process text: invalid color argument
2025-05-30 15:28:08,562 - ERROR - Error rendering process text: invalid color argument
2025-05-30 15:28:08,603 - ERROR - Error rendering process text: invalid color argument
2025-05-30 15:28:08,606 - ERROR - Error rendering process text: invalid color argument
2025-05-30 15:28:08,609 - ERROR - Error rendering process text: invalid color argument
2025-05-30 15:28:08,614 - ERROR - Error rendering process text: invalid color argument
2025-05-30 15:28:08,654 - ERROR - Error rendering process text: invalid color argument
2025-05-30 15:28:08,656 - ERROR - Error rendering process text: invalid color argument
2025-05-30 15:28:08,663 - ERROR - Error rendering process text: invalid color argument
2025-05-30 15:28:08,670 - ERROR - Error rendering process text: invalid color argument
2025-05-30 15:28:08,698 - ERROR - Error rendering process text: invalid color argument
2025-05-30 15:28:08,700 - ERROR - Error rendering process text: invalid color argument
2025-05-30 15:28:08,704 - ERROR - Error rendering process text: invalid color argument
2025-05-30 15:28:08,709 - ERROR - Error rendering process text: invalid color argument
2025-05-30 15:28:08,750 - ERROR - Error rendering process text: invalid color argument
2025-05-30 15:28:08,752 - ERROR - Error rendering process text: invalid color argument
2025-05-30 15:28:08,756 - ERROR - Error rendering process text: invalid color argument
2025-05-30 15:28:08,759 - ERROR - Error rendering process text: invalid color argument
2025-05-30 15:28:08,798 - ERROR - Error rendering process text: invalid color argument
2025-05-30 15:28:08,802 - ERROR - Error rendering process text: invalid color argument
2025-05-30 15:28:08,805 - ERROR - Error rendering process text: invalid color argument
2025-05-30 15:28:08,810 - ERROR - Error rendering process text: invalid color argument
2025-05-30 15:28:08,849 - ERROR - Error rendering process text: invalid color argument
2025-05-30 15:28:08,853 - ERROR - Error rendering process text: invalid color argument
2025-05-30 15:28:08,855 - ERROR - Error rendering process text: invalid color argument
2025-05-30 15:28:08,860 - ERROR - Error rendering process text: invalid color argument
2025-05-30 15:28:08,900 - ERROR - Error rendering process text: invalid color argument
2025-05-30 15:28:08,903 - ERROR - Error rendering process text: invalid color argument
2025-05-30 15:28:08,906 - ERROR - Error rendering process text: invalid color argument
2025-05-30 15:28:08,911 - ERROR - Error rendering process text: invalid color argument
2025-05-30 15:28:08,948 - ERROR - Error rendering process text: invalid color argument
2025-05-30 15:28:08,951 - ERROR - Error rendering process text: invalid color argument
2025-05-30 15:28:08,955 - ERROR - Error rendering process text: invalid color argument
2025-05-30 15:28:08,960 - ERROR - Error rendering process text: invalid color argument
2025-05-30 15:28:08,998 - ERROR - Error rendering process text: invalid color argument
2025-05-30 15:28:09,000 - ERROR - Error rendering process text: invalid color argument
2025-05-30 15:28:09,005 - ERROR - Error rendering process text: invalid color argument
2025-05-30 15:28:09,008 - ERROR - Error rendering process text: invalid color argument
2025-05-30 15:28:09,049 - ERROR - Error rendering process text: invalid color argument
2025-05-30 15:28:09,052 - ERROR - Error rendering process text: invalid color argument
2025-05-30 15:28:09,057 - ERROR - Error rendering process text: invalid color argument
2025-05-30 15:28:09,063 - ERROR - Error rendering process text: invalid color argument
2025-05-30 15:28:09,099 - ERROR - Error rendering process text: invalid color argument
2025-05-30 15:28:09,103 - ERROR - Error rendering process text: invalid color argument
2025-05-30 15:28:09,106 - ERROR - Error rendering process text: invalid color argument
2025-05-30 15:28:09,111 - ERROR - Error rendering process text: invalid color argument
2025-05-30 15:28:09,149 - ERROR - Error rendering process text: invalid color argument
2025-05-30 15:28:09,152 - ERROR - Error rendering process text: invalid color argument
2025-05-30 15:28:09,155 - ERROR - Error rendering process text: invalid color argument
2025-05-30 15:28:09,161 - ERROR - Error rendering process text: invalid color argument
2025-05-30 15:28:09,199 - ERROR - Error rendering process text: invalid color argument
2025-05-30 15:28:09,202 - ERROR - Error rendering process text: invalid color argument
2025-05-30 15:28:09,206 - ERROR - Error rendering process text: invalid color argument
2025-05-30 15:28:09,210 - ERROR - Error rendering process text: invalid color argument
2025-05-30 15:28:09,250 - ERROR - Error rendering process text: invalid color argument
2025-05-30 15:28:09,254 - ERROR - Error rendering process text: invalid color argument
2025-05-30 15:28:09,257 - ERROR - Error rendering process text: invalid color argument
2025-05-30 15:28:09,262 - ERROR - Error rendering process text: invalid color argument
2025-05-30 15:28:09,303 - ERROR - Error rendering process text: invalid color argument
2025-05-30 15:28:09,306 - ERROR - Error rendering process text: invalid color argument
2025-05-30 15:28:09,309 - ERROR - Error rendering process text: invalid color argument
2025-05-30 15:28:09,314 - ERROR - Error rendering process text: invalid color argument
2025-05-30 15:28:09,352 - ERROR - Error rendering process text: invalid color argument
2025-05-30 15:28:09,355 - ERROR - Error rendering process text: invalid color argument
2025-05-30 15:28:09,358 - ERROR - Error rendering process text: invalid color argument
2025-05-30 15:28:09,364 - ERROR - Error rendering process text: invalid color argument
2025-05-30 15:28:09,402 - ERROR - Error rendering process text: invalid color argument
2025-05-30 15:28:09,405 - ERROR - Error rendering process text: invalid color argument
2025-05-30 15:28:09,409 - ERROR - Error rendering process text: invalid color argument
2025-05-30 15:28:09,414 - ERROR - Error rendering process text: invalid color argument
2025-05-30 15:28:09,453 - ERROR - Error rendering process text: invalid color argument
2025-05-30 15:28:09,455 - ERROR - Error rendering process text: invalid color argument
2025-05-30 15:28:09,459 - ERROR - Error rendering process text: invalid color argument
2025-05-30 15:28:09,464 - ERROR - Error rendering process text: invalid color argument
2025-05-30 15:28:09,502 - ERROR - Error rendering process text: invalid color argument
2025-05-30 15:28:09,504 - ERROR - Error rendering process text: invalid color argument
2025-05-30 15:28:09,508 - ERROR - Error rendering process text: invalid color argument
2025-05-30 15:28:09,513 - ERROR - Error rendering process text: invalid color argument
2025-05-30 15:28:09,554 - ERROR - Error rendering process text: invalid color argument
2025-05-30 15:28:09,557 - ERROR - Error rendering process text: invalid color argument
2025-05-30 15:28:09,560 - ERROR - Error rendering process text: invalid color argument
2025-05-30 15:28:09,565 - ERROR - Error rendering process text: invalid color argument
2025-05-30 15:28:09,604 - ERROR - Error rendering process text: invalid color argument
2025-05-30 15:28:09,607 - ERROR - Error rendering process text: invalid color argument
2025-05-30 15:28:09,610 - ERROR - Error rendering process text: invalid color argument
2025-05-30 15:28:09,616 - ERROR - Error rendering process text: invalid color argument
2025-05-30 15:28:09,654 - ERROR - Error rendering process text: invalid color argument
2025-05-30 15:28:09,656 - ERROR - Error rendering process text: invalid color argument
2025-05-30 15:28:09,662 - ERROR - Error rendering process text: invalid color argument
2025-05-30 15:28:09,667 - ERROR - Error rendering process text: invalid color argument
2025-05-30 15:28:09,704 - ERROR - Error rendering process text: invalid color argument
2025-05-30 15:28:09,708 - ERROR - Error rendering process text: invalid color argument
2025-05-30 15:28:09,710 - ERROR - Error rendering process text: invalid color argument
2025-05-30 15:28:09,715 - ERROR - Error rendering process text: invalid color argument
2025-05-30 15:28:09,752 - ERROR - Error rendering process text: invalid color argument
2025-05-30 15:28:09,755 - ERROR - Error rendering process text: invalid color argument
2025-05-30 15:28:09,758 - ERROR - Error rendering process text: invalid color argument
2025-05-30 15:28:09,764 - ERROR - Error rendering process text: invalid color argument
2025-05-30 15:28:09,807 - ERROR - Error rendering process text: invalid color argument
2025-05-30 15:28:09,809 - ERROR - Error rendering process text: invalid color argument
2025-05-30 15:28:09,813 - ERROR - Error rendering process text: invalid color argument
2025-05-30 15:28:09,819 - ERROR - Error rendering process text: invalid color argument
2025-05-30 15:28:10,529 - ERROR - Error rendering process text: invalid color argument
2025-05-30 15:28:10,641 - ERROR - Error rendering process text: invalid color argument
2025-05-30 15:28:10,662 - ERROR - Error rendering process text: invalid color argument
2025-05-30 15:28:10,702 - ERROR - Error rendering process text: invalid color argument
2025-05-30 15:28:10,809 - ERROR - Error rendering process text: invalid color argument
2025-05-30 15:28:10,833 - ERROR - Error rendering process text: invalid color argument
2025-05-30 15:28:10,937 - ERROR - Error rendering process text: invalid color argument
2025-05-30 15:28:11,031 - ERROR - Error rendering process text: invalid color argument
2025-05-30 15:28:11,127 - ERROR - Error rendering process text: invalid color argument
2025-05-30 15:28:11,142 - ERROR - Error rendering process text: invalid color argument
2025-05-30 15:28:11,171 - ERROR - Error rendering process text: invalid color argument
2025-05-30 15:28:11,354 - ERROR - Error rendering process text: invalid color argument
2025-05-30 15:28:12,271 - ERROR - Error rendering process text: invalid color argument
2025-05-30 15:28:12,342 - ERROR - Error rendering process text: invalid color argument
2025-05-30 15:28:12,448 - ERROR - Error rendering process text: invalid color argument
2025-05-30 15:28:12,599 - ERROR - Error rendering process text: invalid color argument
2025-05-30 15:28:13,432 - ERROR - Error rendering process text: invalid color argument
2025-05-30 15:28:13,434 - ERROR - Error rendering process text: invalid color argument
2025-05-30 15:28:13,436 - ERROR - Error rendering process text: invalid color argument
2025-05-30 15:28:13,439 - ERROR - Error rendering process text: invalid color argument
2025-05-30 15:28:13,462 - ERROR - Error rendering process text: invalid color argument
2025-05-30 15:28:13,464 - ERROR - Error rendering process text: invalid color argument
2025-05-30 15:28:13,466 - ERROR - Error rendering process text: invalid color argument
2025-05-30 15:28:13,469 - ERROR - Error rendering process text: invalid color argument
2025-05-30 15:28:13,510 - ERROR - Error rendering process text: invalid color argument
2025-05-30 15:28:13,512 - ERROR - Error rendering process text: invalid color argument
2025-05-30 15:28:13,515 - ERROR - Error rendering process text: invalid color argument
2025-05-30 15:28:13,518 - ERROR - Error rendering process text: invalid color argument
2025-05-30 15:28:13,561 - ERROR - Error rendering process text: invalid color argument
2025-05-30 15:28:13,563 - ERROR - Error rendering process text: invalid color argument
2025-05-30 15:28:13,565 - ERROR - Error rendering process text: invalid color argument
2025-05-30 15:28:13,569 - ERROR - Error rendering process text: invalid color argument
2025-05-30 15:28:13,611 - ERROR - Error rendering process text: invalid color argument
2025-05-30 15:28:13,613 - ERROR - Error rendering process text: invalid color argument
2025-05-30 15:28:13,615 - ERROR - Error rendering process text: invalid color argument
2025-05-30 15:28:13,618 - ERROR - Error rendering process text: invalid color argument
2025-05-30 15:28:13,666 - ERROR - Error rendering process text: invalid color argument
2025-05-30 15:28:13,669 - ERROR - Error rendering process text: invalid color argument
2025-05-30 15:28:13,671 - ERROR - Error rendering process text: invalid color argument
2025-05-30 15:28:13,676 - ERROR - Error rendering process text: invalid color argument
2025-05-30 15:28:13,714 - ERROR - Error rendering process text: invalid color argument
2025-05-30 15:28:13,718 - ERROR - Error rendering process text: invalid color argument
2025-05-30 15:28:13,721 - ERROR - Error rendering process text: invalid color argument
2025-05-30 15:28:13,725 - ERROR - Error rendering process text: invalid color argument
2025-05-30 15:28:13,768 - ERROR - Error rendering process text: invalid color argument
2025-05-30 15:28:13,770 - ERROR - Error rendering process text: invalid color argument
2025-05-30 15:28:13,775 - ERROR - Error rendering process text: invalid color argument
2025-05-30 15:28:13,780 - ERROR - Error rendering process text: invalid color argument
2025-05-30 15:28:13,817 - ERROR - Error rendering process text: invalid color argument
2025-05-30 15:28:13,821 - ERROR - Error rendering process text: invalid color argument
2025-05-30 15:28:13,822 - ERROR - Error rendering process text: invalid color argument
2025-05-30 15:28:13,827 - ERROR - Error rendering process text: invalid color argument
2025-05-30 15:28:13,865 - ERROR - Error rendering process text: invalid color argument
2025-05-30 15:28:13,867 - ERROR - Error rendering process text: invalid color argument
2025-05-30 15:28:13,872 - ERROR - Error rendering process text: invalid color argument
2025-05-30 15:28:13,876 - ERROR - Error rendering process text: invalid color argument
2025-05-30 15:28:13,915 - ERROR - Error rendering process text: invalid color argument
2025-05-30 15:28:13,918 - ERROR - Error rendering process text: invalid color argument
2025-05-30 15:28:13,922 - ERROR - Error rendering process text: invalid color argument
2025-05-30 15:28:13,927 - ERROR - Error rendering process text: invalid color argument
2025-05-30 15:28:13,971 - ERROR - Error rendering process text: invalid color argument
2025-05-30 15:28:13,974 - ERROR - Error rendering process text: invalid color argument
2025-05-30 15:28:13,976 - ERROR - Error rendering process text: invalid color argument
2025-05-30 15:28:13,981 - ERROR - Error rendering process text: invalid color argument
2025-05-30 15:28:14,018 - ERROR - Error rendering process text: invalid color argument
2025-05-30 15:28:14,020 - ERROR - Error rendering process text: invalid color argument
2025-05-30 15:28:14,023 - ERROR - Error rendering process text: invalid color argument
2025-05-30 15:28:14,027 - ERROR - Error rendering process text: invalid color argument
2025-05-30 15:28:14,067 - ERROR - Error rendering process text: invalid color argument
2025-05-30 15:28:14,070 - ERROR - Error rendering process text: invalid color argument
2025-05-30 15:28:14,073 - ERROR - Error rendering process text: invalid color argument
2025-05-30 15:28:14,079 - ERROR - Error rendering process text: invalid color argument
2025-05-30 15:28:14,121 - ERROR - Error rendering process text: invalid color argument
2025-05-30 15:28:14,125 - ERROR - Error rendering process text: invalid color argument
2025-05-30 15:28:14,135 - ERROR - Error rendering process text: invalid color argument
2025-05-30 15:28:14,141 - ERROR - Error rendering process text: invalid color argument
2025-05-30 15:28:14,168 - ERROR - Error rendering process text: invalid color argument
2025-05-30 15:28:14,171 - ERROR - Error rendering process text: invalid color argument
2025-05-30 15:28:14,174 - ERROR - Error rendering process text: invalid color argument
2025-05-30 15:28:14,179 - ERROR - Error rendering process text: invalid color argument
2025-05-30 15:28:14,218 - ERROR - Error rendering process text: invalid color argument
2025-05-30 15:28:14,220 - ERROR - Error rendering process text: invalid color argument
2025-05-30 15:28:14,224 - ERROR - Error rendering process text: invalid color argument
2025-05-30 15:28:14,228 - ERROR - Error rendering process text: invalid color argument
2025-05-30 15:28:14,271 - ERROR - Error rendering process text: invalid color argument
2025-05-30 15:28:14,274 - ERROR - Error rendering process text: invalid color argument
2025-05-30 15:28:14,277 - ERROR - Error rendering process text: invalid color argument
2025-05-30 15:28:14,281 - ERROR - Error rendering process text: invalid color argument
2025-05-30 15:28:14,316 - ERROR - Error rendering process text: invalid color argument
2025-05-30 15:28:14,318 - ERROR - Error rendering process text: invalid color argument
2025-05-30 15:28:14,321 - ERROR - Error rendering process text: invalid color argument
2025-05-30 15:28:14,324 - ERROR - Error rendering process text: invalid color argument
2025-05-30 15:28:14,369 - ERROR - Error rendering process text: invalid color argument
2025-05-30 15:28:14,373 - ERROR - Error rendering process text: invalid color argument
2025-05-30 15:28:14,376 - ERROR - Error rendering process text: invalid color argument
2025-05-30 15:28:14,380 - ERROR - Error rendering process text: invalid color argument
2025-05-30 15:28:14,421 - ERROR - Error rendering process text: invalid color argument
2025-05-30 15:28:14,424 - ERROR - Error rendering process text: invalid color argument
2025-05-30 15:28:14,426 - ERROR - Error rendering process text: invalid color argument
2025-05-30 15:28:14,430 - ERROR - Error rendering process text: invalid color argument
2025-05-30 15:28:14,473 - ERROR - Error rendering process text: invalid color argument
2025-05-30 15:28:14,476 - ERROR - Error rendering process text: invalid color argument
2025-05-30 15:28:14,481 - ERROR - Error rendering process text: invalid color argument
2025-05-30 15:28:14,489 - ERROR - Error rendering process text: invalid color argument
2025-05-30 15:28:14,525 - ERROR - Error rendering process text: invalid color argument
2025-05-30 15:28:14,530 - ERROR - Error rendering process text: invalid color argument
2025-05-30 15:28:14,534 - ERROR - Error rendering process text: invalid color argument
2025-05-30 15:28:14,540 - ERROR - Error rendering process text: invalid color argument
2025-05-30 15:28:14,572 - ERROR - Error rendering process text: invalid color argument
2025-05-30 15:28:14,574 - ERROR - Error rendering process text: invalid color argument
2025-05-30 15:28:14,578 - ERROR - Error rendering process text: invalid color argument
2025-05-30 15:28:14,582 - ERROR - Error rendering process text: invalid color argument
2025-05-30 15:28:14,622 - ERROR - Error rendering process text: invalid color argument
2025-05-30 15:28:14,625 - ERROR - Error rendering process text: invalid color argument
2025-05-30 15:28:14,628 - ERROR - Error rendering process text: invalid color argument
2025-05-30 15:28:14,632 - ERROR - Error rendering process text: invalid color argument
2025-05-30 15:28:14,674 - ERROR - Error rendering process text: invalid color argument
2025-05-30 15:28:14,678 - ERROR - Error rendering process text: invalid color argument
2025-05-30 15:28:14,684 - ERROR - Error rendering process text: invalid color argument
2025-05-30 15:28:14,689 - ERROR - Error rendering process text: invalid color argument
2025-05-30 15:28:14,722 - ERROR - Error rendering process text: invalid color argument
2025-05-30 15:28:14,725 - ERROR - Error rendering process text: invalid color argument
2025-05-30 15:28:14,728 - ERROR - Error rendering process text: invalid color argument
2025-05-30 15:28:14,734 - ERROR - Error rendering process text: invalid color argument
2025-05-30 15:28:14,775 - ERROR - Error rendering process text: invalid color argument
2025-05-30 15:28:14,779 - ERROR - Error rendering process text: invalid color argument
2025-05-30 15:28:14,781 - ERROR - Error rendering process text: invalid color argument
2025-05-30 15:28:14,787 - ERROR - Error rendering process text: invalid color argument
2025-05-30 15:28:14,832 - ERROR - Error rendering process text: invalid color argument
2025-05-30 15:28:14,837 - ERROR - Error rendering process text: invalid color argument
2025-05-30 15:28:14,840 - ERROR - Error rendering process text: invalid color argument
2025-05-30 15:28:14,846 - ERROR - Error rendering process text: invalid color argument
2025-05-30 15:28:14,889 - ERROR - Error rendering process text: invalid color argument
2025-05-30 15:28:14,892 - ERROR - Error rendering process text: invalid color argument
2025-05-30 15:28:14,896 - ERROR - Error rendering process text: invalid color argument
2025-05-30 15:28:14,900 - ERROR - Error rendering process text: invalid color argument
2025-05-30 15:28:14,940 - ERROR - Error rendering process text: invalid color argument
2025-05-30 15:28:14,943 - ERROR - Error rendering process text: invalid color argument
2025-05-30 15:28:14,947 - ERROR - Error rendering process text: invalid color argument
2025-05-30 15:28:14,952 - ERROR - Error rendering process text: invalid color argument
2025-05-30 15:28:14,997 - ERROR - Error rendering process text: invalid color argument
2025-05-30 15:28:15,003 - ERROR - Error rendering process text: invalid color argument
2025-05-30 15:28:15,007 - ERROR - Error rendering process text: invalid color argument
2025-05-30 15:28:15,014 - ERROR - Error rendering process text: invalid color argument
2025-05-30 15:28:15,045 - ERROR - Error rendering process text: invalid color argument
2025-05-30 15:28:15,049 - ERROR - Error rendering process text: invalid color argument
2025-05-30 15:28:15,053 - ERROR - Error rendering process text: invalid color argument
2025-05-30 15:28:15,058 - ERROR - Error rendering process text: invalid color argument
2025-05-30 15:28:15,097 - ERROR - Error rendering process text: invalid color argument
2025-05-30 15:28:15,100 - ERROR - Error rendering process text: invalid color argument
2025-05-30 15:28:15,106 - ERROR - Error rendering process text: invalid color argument
2025-05-30 15:28:15,110 - ERROR - Error rendering process text: invalid color argument
2025-05-30 15:28:15,146 - ERROR - Error rendering process text: invalid color argument
2025-05-30 15:28:15,150 - ERROR - Error rendering process text: invalid color argument
2025-05-30 15:28:15,155 - ERROR - Error rendering process text: invalid color argument
2025-05-30 15:28:15,162 - ERROR - Error rendering process text: invalid color argument
2025-05-30 15:28:15,197 - ERROR - Error rendering process text: invalid color argument
2025-05-30 15:28:15,201 - ERROR - Error rendering process text: invalid color argument
2025-05-30 15:28:15,206 - ERROR - Error rendering process text: invalid color argument
2025-05-30 15:28:15,210 - ERROR - Error rendering process text: invalid color argument
2025-05-30 15:28:15,246 - ERROR - Error rendering process text: invalid color argument
2025-05-30 15:28:15,249 - ERROR - Error rendering process text: invalid color argument
2025-05-30 15:28:15,252 - ERROR - Error rendering process text: invalid color argument
2025-05-30 15:28:15,258 - ERROR - Error rendering process text: invalid color argument
2025-05-30 15:28:15,297 - ERROR - Error rendering process text: invalid color argument
2025-05-30 15:28:15,299 - ERROR - Error rendering process text: invalid color argument
2025-05-30 15:28:15,303 - ERROR - Error rendering process text: invalid color argument
2025-05-30 15:28:15,309 - ERROR - Error rendering process text: invalid color argument
2025-05-30 15:28:15,359 - ERROR - Error rendering process text: invalid color argument
2025-05-30 15:28:15,363 - ERROR - Error rendering process text: invalid color argument
2025-05-30 15:28:15,369 - ERROR - Error rendering process text: invalid color argument
2025-05-30 15:28:15,375 - ERROR - Error rendering process text: invalid color argument
2025-05-30 15:28:15,406 - ERROR - Error rendering process text: invalid color argument
2025-05-30 15:28:15,409 - ERROR - Error rendering process text: invalid color argument
2025-05-30 15:28:15,413 - ERROR - Error rendering process text: invalid color argument
2025-05-30 15:28:15,419 - ERROR - Error rendering process text: invalid color argument
2025-05-30 15:28:15,459 - ERROR - Error rendering process text: invalid color argument
2025-05-30 15:28:15,461 - ERROR - Error rendering process text: invalid color argument
2025-05-30 15:28:15,465 - ERROR - Error rendering process text: invalid color argument
2025-05-30 15:28:15,471 - ERROR - Error rendering process text: invalid color argument
2025-05-30 15:28:16,547 - ERROR - Error rendering process text: invalid color argument
2025-05-30 15:28:16,659 - ERROR - Error rendering process text: invalid color argument
2025-05-30 15:28:16,761 - ERROR - Error rendering process text: invalid color argument
2025-05-30 15:28:16,904 - ERROR - Error rendering process text: invalid color argument
2025-05-30 15:28:17,907 - ERROR - Error rendering process text: invalid color argument
2025-05-30 15:28:18,001 - ERROR - Error rendering process text: invalid color argument
2025-05-30 15:28:18,100 - ERROR - Error rendering process text: invalid color argument
2025-05-30 15:28:18,308 - ERROR - Error rendering process text: invalid color argument
2025-05-30 15:28:18,609 - ERROR - Error rendering process text: invalid color argument
2025-05-30 15:28:18,611 - ERROR - Error rendering process text: invalid color argument
2025-05-30 15:28:18,615 - ERROR - Error rendering process text: invalid color argument
2025-05-30 15:28:18,618 - ERROR - Error rendering process text: invalid color argument
2025-05-30 15:28:18,647 - ERROR - Error rendering process text: invalid color argument
2025-05-30 15:28:18,650 - ERROR - Error rendering process text: invalid color argument
2025-05-30 15:28:18,657 - ERROR - Error rendering process text: invalid color argument
2025-05-30 15:28:18,693 - ERROR - Error rendering process text: invalid color argument
2025-05-30 15:28:18,782 - ERROR - Error rendering process text: invalid color argument
2025-05-30 15:28:18,803 - ERROR - Error rendering process text: invalid color argument
2025-05-30 15:28:18,809 - ERROR - Error rendering process text: invalid color argument
2025-05-30 15:28:18,813 - ERROR - Error rendering process text: invalid color argument
2025-05-30 15:28:18,884 - ERROR - Error rendering process text: invalid color argument
2025-05-30 15:28:18,923 - ERROR - Error rendering process text: invalid color argument
2025-05-30 15:28:18,925 - ERROR - Error rendering process text: invalid color argument
2025-05-30 15:28:18,929 - ERROR - Error rendering process text: invalid color argument
2025-05-30 15:28:19,012 - ERROR - Error rendering process text: invalid color argument
2025-05-30 15:28:19,017 - ERROR - Error rendering process text: invalid color argument
2025-05-30 15:28:19,024 - ERROR - Error rendering process text: invalid color argument
2025-05-30 15:28:19,028 - ERROR - Error rendering process text: invalid color argument
2025-05-30 15:28:19,086 - ERROR - Error rendering process text: invalid color argument
2025-05-30 15:28:19,111 - ERROR - Error rendering process text: invalid color argument
2025-05-30 15:28:19,114 - ERROR - Error rendering process text: invalid color argument
2025-05-30 15:28:19,117 - ERROR - Error rendering process text: invalid color argument
2025-05-30 15:28:19,142 - ERROR - Error rendering process text: invalid color argument
2025-05-30 15:28:19,145 - ERROR - Error rendering process text: invalid color argument
2025-05-30 15:28:19,148 - ERROR - Error rendering process text: invalid color argument
2025-05-30 15:28:19,152 - ERROR - Error rendering process text: invalid color argument
2025-05-30 15:28:19,193 - ERROR - Error rendering process text: invalid color argument
2025-05-30 15:28:19,194 - ERROR - Error rendering process text: invalid color argument
2025-05-30 15:28:19,197 - ERROR - Error rendering process text: invalid color argument
2025-05-30 15:28:19,201 - ERROR - Error rendering process text: invalid color argument
2025-05-30 15:28:19,242 - ERROR - Error rendering process text: invalid color argument
2025-05-30 15:28:19,244 - ERROR - Error rendering process text: invalid color argument
2025-05-30 15:28:19,245 - ERROR - Error rendering process text: invalid color argument
2025-05-30 15:28:19,249 - ERROR - Error rendering process text: invalid color argument
2025-05-30 15:28:19,292 - ERROR - Error rendering process text: invalid color argument
2025-05-30 15:28:19,295 - ERROR - Error rendering process text: invalid color argument
2025-05-30 15:28:19,297 - ERROR - Error rendering process text: invalid color argument
2025-05-30 15:28:19,300 - ERROR - Error rendering process text: invalid color argument
2025-05-30 15:28:19,342 - ERROR - Error rendering process text: invalid color argument
2025-05-30 15:28:19,343 - ERROR - Error rendering process text: invalid color argument
2025-05-30 15:28:19,345 - ERROR - Error rendering process text: invalid color argument
2025-05-30 15:28:19,348 - ERROR - Error rendering process text: invalid color argument
2025-05-30 15:28:19,395 - ERROR - Error rendering process text: invalid color argument
2025-05-30 15:28:19,397 - ERROR - Error rendering process text: invalid color argument
2025-05-30 15:28:19,399 - ERROR - Error rendering process text: invalid color argument
2025-05-30 15:28:19,402 - ERROR - Error rendering process text: invalid color argument
2025-05-30 15:28:19,449 - ERROR - Error rendering process text: invalid color argument
2025-05-30 15:28:19,453 - ERROR - Error rendering process text: invalid color argument
2025-05-30 15:28:19,462 - ERROR - Error rendering process text: invalid color argument
2025-05-30 15:28:19,467 - ERROR - Error rendering process text: invalid color argument
2025-05-30 15:28:19,517 - ERROR - Error rendering process text: invalid color argument
2025-05-30 15:28:19,525 - ERROR - Error rendering process text: invalid color argument
2025-05-30 15:28:19,530 - ERROR - Error rendering process text: invalid color argument
2025-05-30 15:28:19,539 - ERROR - Error rendering process text: invalid color argument
2025-05-30 15:28:19,579 - ERROR - Error rendering process text: invalid color argument
2025-05-30 15:28:19,581 - ERROR - Error rendering process text: invalid color argument
2025-05-30 15:28:19,584 - ERROR - Error rendering process text: invalid color argument
2025-05-30 15:28:19,588 - ERROR - Error rendering process text: invalid color argument
2025-05-30 15:28:19,628 - ERROR - Error rendering process text: invalid color argument
2025-05-30 15:28:19,631 - ERROR - Error rendering process text: invalid color argument
2025-05-30 15:28:19,634 - ERROR - Error rendering process text: invalid color argument
2025-05-30 15:28:19,641 - ERROR - Error rendering process text: invalid color argument
2025-05-30 15:28:19,679 - ERROR - Error rendering process text: invalid color argument
2025-05-30 15:28:19,681 - ERROR - Error rendering process text: invalid color argument
2025-05-30 15:28:19,684 - ERROR - Error rendering process text: invalid color argument
2025-05-30 15:28:19,688 - ERROR - Error rendering process text: invalid color argument
2025-05-30 15:28:19,729 - ERROR - Error rendering process text: invalid color argument
2025-05-30 15:28:19,731 - ERROR - Error rendering process text: invalid color argument
2025-05-30 15:28:19,733 - ERROR - Error rendering process text: invalid color argument
2025-05-30 15:28:19,737 - ERROR - Error rendering process text: invalid color argument
2025-05-30 15:28:19,778 - ERROR - Error rendering process text: invalid color argument
2025-05-30 15:28:19,779 - ERROR - Error rendering process text: invalid color argument
2025-05-30 15:28:19,782 - ERROR - Error rendering process text: invalid color argument
2025-05-30 15:28:19,786 - ERROR - Error rendering process text: invalid color argument
2025-05-30 15:28:19,829 - ERROR - Error rendering process text: invalid color argument
2025-05-30 15:28:19,831 - ERROR - Error rendering process text: invalid color argument
2025-05-30 15:28:19,835 - ERROR - Error rendering process text: invalid color argument
2025-05-30 15:28:19,841 - ERROR - Error rendering process text: invalid color argument
2025-05-30 15:28:19,878 - ERROR - Error rendering process text: invalid color argument
2025-05-30 15:28:19,880 - ERROR - Error rendering process text: invalid color argument
2025-05-30 15:28:19,882 - ERROR - Error rendering process text: invalid color argument
2025-05-30 15:28:19,887 - ERROR - Error rendering process text: invalid color argument
2025-05-30 15:28:19,926 - ERROR - Error rendering process text: invalid color argument
2025-05-30 15:28:19,928 - ERROR - Error rendering process text: invalid color argument
2025-05-30 15:28:19,930 - ERROR - Error rendering process text: invalid color argument
2025-05-30 15:28:19,932 - ERROR - Error rendering process text: invalid color argument
2025-05-30 15:28:19,975 - ERROR - Error rendering process text: invalid color argument
2025-05-30 15:28:19,977 - ERROR - Error rendering process text: invalid color argument
2025-05-30 15:28:19,979 - ERROR - Error rendering process text: invalid color argument
2025-05-30 15:28:19,982 - ERROR - Error rendering process text: invalid color argument
2025-05-30 15:28:20,023 - ERROR - Error rendering process text: invalid color argument
2025-05-30 15:28:20,027 - ERROR - Error rendering process text: invalid color argument
2025-05-30 15:28:20,028 - ERROR - Error rendering process text: invalid color argument
2025-05-30 15:28:20,031 - ERROR - Error rendering process text: invalid color argument
2025-05-30 15:28:20,073 - ERROR - Error rendering process text: invalid color argument
2025-05-30 15:28:20,076 - ERROR - Error rendering process text: invalid color argument
2025-05-30 15:28:20,078 - ERROR - Error rendering process text: invalid color argument
2025-05-30 15:28:20,080 - ERROR - Error rendering process text: invalid color argument
2025-05-30 15:28:20,124 - ERROR - Error rendering process text: invalid color argument
2025-05-30 15:28:20,126 - ERROR - Error rendering process text: invalid color argument
2025-05-30 15:28:20,128 - ERROR - Error rendering process text: invalid color argument
2025-05-30 15:28:20,131 - ERROR - Error rendering process text: invalid color argument
2025-05-30 15:28:20,171 - ERROR - Error rendering process text: invalid color argument
2025-05-30 15:28:20,176 - ERROR - Error rendering process text: invalid color argument
2025-05-30 15:28:20,177 - ERROR - Error rendering process text: invalid color argument
2025-05-30 15:28:20,180 - ERROR - Error rendering process text: invalid color argument
2025-05-30 15:28:20,226 - ERROR - Error rendering process text: invalid color argument
2025-05-30 15:28:20,229 - ERROR - Error rendering process text: invalid color argument
2025-05-30 15:28:20,230 - ERROR - Error rendering process text: invalid color argument
2025-05-30 15:28:20,234 - ERROR - Error rendering process text: invalid color argument
2025-05-30 15:28:20,276 - ERROR - Error rendering process text: invalid color argument
2025-05-30 15:28:20,277 - ERROR - Error rendering process text: invalid color argument
2025-05-30 15:28:20,279 - ERROR - Error rendering process text: invalid color argument
2025-05-30 15:28:20,282 - ERROR - Error rendering process text: invalid color argument
2025-05-30 15:28:20,327 - ERROR - Error rendering process text: invalid color argument
2025-05-30 15:28:20,328 - ERROR - Error rendering process text: invalid color argument
2025-05-30 15:28:20,330 - ERROR - Error rendering process text: invalid color argument
2025-05-30 15:28:20,333 - ERROR - Error rendering process text: invalid color argument
2025-05-30 15:28:20,376 - ERROR - Error rendering process text: invalid color argument
2025-05-30 15:28:20,377 - ERROR - Error rendering process text: invalid color argument
2025-05-30 15:28:20,379 - ERROR - Error rendering process text: invalid color argument
2025-05-30 15:28:20,382 - ERROR - Error rendering process text: invalid color argument
2025-05-30 15:28:20,426 - ERROR - Error rendering process text: invalid color argument
2025-05-30 15:28:20,428 - ERROR - Error rendering process text: invalid color argument
2025-05-30 15:28:20,429 - ERROR - Error rendering process text: invalid color argument
2025-05-30 15:28:20,432 - ERROR - Error rendering process text: invalid color argument
2025-05-30 15:28:20,477 - ERROR - Error rendering process text: invalid color argument
2025-05-30 15:28:20,478 - ERROR - Error rendering process text: invalid color argument
2025-05-30 15:28:20,480 - ERROR - Error rendering process text: invalid color argument
2025-05-30 15:28:20,483 - ERROR - Error rendering process text: invalid color argument
2025-05-30 15:28:20,526 - ERROR - Error rendering process text: invalid color argument
2025-05-30 15:28:20,527 - ERROR - Error rendering process text: invalid color argument
2025-05-30 15:28:20,529 - ERROR - Error rendering process text: invalid color argument
2025-05-30 15:28:20,533 - ERROR - Error rendering process text: invalid color argument
2025-05-30 15:28:20,578 - ERROR - Error rendering process text: invalid color argument
2025-05-30 15:28:20,580 - ERROR - Error rendering process text: invalid color argument
2025-05-30 15:28:20,581 - ERROR - Error rendering process text: invalid color argument
2025-05-30 15:28:20,584 - ERROR - Error rendering process text: invalid color argument
2025-05-30 15:28:21,672 - ERROR - Error rendering process text: invalid color argument
2025-05-30 15:28:21,769 - ERROR - Error rendering process text: invalid color argument
2025-05-30 15:28:21,848 - ERROR - Error rendering process text: invalid color argument
2025-05-30 15:28:22,016 - ERROR - Error rendering process text: invalid color argument
2025-05-30 15:28:23,332 - ERROR - Error rendering process text: invalid color argument
2025-05-30 15:28:23,422 - ERROR - Error rendering process text: invalid color argument
2025-05-30 15:28:23,497 - ERROR - Error rendering process text: invalid color argument
2025-05-30 15:28:23,662 - ERROR - Error rendering process text: invalid color argument
2025-05-30 15:28:24,319 - ERROR - Error rendering process text: invalid color argument
2025-05-30 15:28:24,321 - ERROR - Error rendering process text: invalid color argument
2025-05-30 15:28:24,323 - ERROR - Error rendering process text: invalid color argument
2025-05-30 15:28:24,326 - ERROR - Error rendering process text: invalid color argument
2025-05-30 15:28:24,348 - ERROR - Error rendering process text: invalid color argument
2025-05-30 15:28:24,349 - ERROR - Error rendering process text: invalid color argument
2025-05-30 15:28:24,351 - ERROR - Error rendering process text: invalid color argument
2025-05-30 15:28:24,354 - ERROR - Error rendering process text: invalid color argument
2025-05-30 15:28:24,396 - ERROR - Error rendering process text: invalid color argument
2025-05-30 15:28:24,398 - ERROR - Error rendering process text: invalid color argument
2025-05-30 15:28:24,400 - ERROR - Error rendering process text: invalid color argument
2025-05-30 15:28:24,402 - ERROR - Error rendering process text: invalid color argument
2025-05-30 15:28:24,447 - ERROR - Error rendering process text: invalid color argument
2025-05-30 15:28:24,449 - ERROR - Error rendering process text: invalid color argument
2025-05-30 15:28:24,451 - ERROR - Error rendering process text: invalid color argument
2025-05-30 15:28:24,454 - ERROR - Error rendering process text: invalid color argument
2025-05-30 15:28:24,496 - ERROR - Error rendering process text: invalid color argument
2025-05-30 15:28:24,498 - ERROR - Error rendering process text: invalid color argument
2025-05-30 15:28:24,499 - ERROR - Error rendering process text: invalid color argument
2025-05-30 15:28:24,503 - ERROR - Error rendering process text: invalid color argument
2025-05-30 15:28:24,549 - ERROR - Error rendering process text: invalid color argument
2025-05-30 15:28:24,550 - ERROR - Error rendering process text: invalid color argument
2025-05-30 15:28:24,552 - ERROR - Error rendering process text: invalid color argument
2025-05-30 15:28:24,555 - ERROR - Error rendering process text: invalid color argument
2025-05-30 15:28:24,598 - ERROR - Error rendering process text: invalid color argument
2025-05-30 15:28:24,600 - ERROR - Error rendering process text: invalid color argument
2025-05-30 15:28:24,602 - ERROR - Error rendering process text: invalid color argument
2025-05-30 15:28:24,604 - ERROR - Error rendering process text: invalid color argument
2025-05-30 15:28:24,649 - ERROR - Error rendering process text: invalid color argument
2025-05-30 15:28:24,650 - ERROR - Error rendering process text: invalid color argument
2025-05-30 15:28:24,652 - ERROR - Error rendering process text: invalid color argument
2025-05-30 15:28:24,655 - ERROR - Error rendering process text: invalid color argument
2025-05-30 15:28:24,699 - ERROR - Error rendering process text: invalid color argument
2025-05-30 15:28:24,701 - ERROR - Error rendering process text: invalid color argument
2025-05-30 15:28:24,703 - ERROR - Error rendering process text: invalid color argument
2025-05-30 15:28:24,706 - ERROR - Error rendering process text: invalid color argument
2025-05-30 15:28:24,749 - ERROR - Error rendering process text: invalid color argument
2025-05-30 15:28:24,750 - ERROR - Error rendering process text: invalid color argument
2025-05-30 15:28:24,752 - ERROR - Error rendering process text: invalid color argument
2025-05-30 15:28:24,755 - ERROR - Error rendering process text: invalid color argument
2025-05-30 15:28:24,801 - ERROR - Error rendering process text: invalid color argument
2025-05-30 15:28:24,804 - ERROR - Error rendering process text: invalid color argument
2025-05-30 15:28:24,806 - ERROR - Error rendering process text: invalid color argument
2025-05-30 15:28:24,808 - ERROR - Error rendering process text: invalid color argument
2025-05-30 15:28:24,849 - ERROR - Error rendering process text: invalid color argument
2025-05-30 15:28:24,851 - ERROR - Error rendering process text: invalid color argument
2025-05-30 15:28:24,853 - ERROR - Error rendering process text: invalid color argument
2025-05-30 15:28:24,856 - ERROR - Error rendering process text: invalid color argument
2025-05-30 15:28:24,906 - ERROR - Error rendering process text: invalid color argument
2025-05-30 15:28:24,914 - ERROR - Error rendering process text: invalid color argument
2025-05-30 15:28:24,918 - ERROR - Error rendering process text: invalid color argument
2025-05-30 15:28:24,923 - ERROR - Error rendering process text: invalid color argument
2025-05-30 15:28:24,967 - ERROR - Error rendering process text: invalid color argument
2025-05-30 15:28:24,971 - ERROR - Error rendering process text: invalid color argument
2025-05-30 15:28:24,975 - ERROR - Error rendering process text: invalid color argument
2025-05-30 15:28:24,984 - ERROR - Error rendering process text: invalid color argument
2025-05-30 15:28:25,036 - ERROR - Error rendering process text: invalid color argument
2025-05-30 15:28:25,040 - ERROR - Error rendering process text: invalid color argument
2025-05-30 15:28:25,048 - ERROR - Error rendering process text: invalid color argument
2025-05-30 15:28:25,054 - ERROR - Error rendering process text: invalid color argument
2025-05-30 15:28:25,098 - ERROR - Error rendering process text: invalid color argument
2025-05-30 15:28:25,103 - ERROR - Error rendering process text: invalid color argument
2025-05-30 15:28:25,107 - ERROR - Error rendering process text: invalid color argument
2025-05-30 15:28:25,117 - ERROR - Error rendering process text: invalid color argument
2025-05-30 15:28:25,163 - ERROR - Error rendering process text: invalid color argument
2025-05-30 15:28:25,169 - ERROR - Error rendering process text: invalid color argument
2025-05-30 15:28:25,174 - ERROR - Error rendering process text: invalid color argument
2025-05-30 15:28:25,183 - ERROR - Error rendering process text: invalid color argument
2025-05-30 15:28:25,225 - ERROR - Error rendering process text: invalid color argument
2025-05-30 15:28:25,236 - ERROR - Error rendering process text: invalid color argument
2025-05-30 15:28:25,239 - ERROR - Error rendering process text: invalid color argument
2025-05-30 15:28:25,250 - ERROR - Error rendering process text: invalid color argument
2025-05-30 15:28:25,289 - ERROR - Error rendering process text: invalid color argument
2025-05-30 15:28:25,292 - ERROR - Error rendering process text: invalid color argument
2025-05-30 15:28:25,301 - ERROR - Error rendering process text: invalid color argument
2025-05-30 15:28:25,308 - ERROR - Error rendering process text: invalid color argument
2025-05-30 15:28:25,356 - ERROR - Error rendering process text: invalid color argument
2025-05-30 15:28:25,358 - ERROR - Error rendering process text: invalid color argument
2025-05-30 15:28:25,367 - ERROR - Error rendering process text: invalid color argument
2025-05-30 15:28:25,373 - ERROR - Error rendering process text: invalid color argument
2025-05-30 15:28:25,416 - ERROR - Error rendering process text: invalid color argument
2025-05-30 15:28:25,420 - ERROR - Error rendering process text: invalid color argument
2025-05-30 15:28:25,424 - ERROR - Error rendering process text: invalid color argument
2025-05-30 15:28:25,435 - ERROR - Error rendering process text: invalid color argument
2025-05-30 15:28:25,477 - ERROR - Error rendering process text: invalid color argument
2025-05-30 15:28:25,487 - ERROR - Error rendering process text: invalid color argument
2025-05-30 15:28:25,490 - ERROR - Error rendering process text: invalid color argument
2025-05-30 15:28:25,500 - ERROR - Error rendering process text: invalid color argument
2025-05-30 15:28:25,544 - ERROR - Error rendering process text: invalid color argument
2025-05-30 15:28:25,554 - ERROR - Error rendering process text: invalid color argument
2025-05-30 15:28:25,557 - ERROR - Error rendering process text: invalid color argument
2025-05-30 15:28:25,566 - ERROR - Error rendering process text: invalid color argument
2025-05-30 15:28:25,606 - ERROR - Error rendering process text: invalid color argument
2025-05-30 15:28:25,609 - ERROR - Error rendering process text: invalid color argument
2025-05-30 15:28:25,619 - ERROR - Error rendering process text: invalid color argument
2025-05-30 15:28:25,626 - ERROR - Error rendering process text: invalid color argument
2025-05-30 15:28:25,672 - ERROR - Error rendering process text: invalid color argument
2025-05-30 15:28:25,675 - ERROR - Error rendering process text: invalid color argument
2025-05-30 15:28:25,678 - ERROR - Error rendering process text: invalid color argument
2025-05-30 15:28:25,682 - ERROR - Error rendering process text: invalid color argument
2025-05-30 15:28:25,716 - ERROR - Error rendering process text: invalid color argument
2025-05-30 15:28:25,718 - ERROR - Error rendering process text: invalid color argument
2025-05-30 15:28:25,719 - ERROR - Error rendering process text: invalid color argument
2025-05-30 15:28:25,721 - ERROR - Error rendering process text: invalid color argument
2025-05-30 15:28:25,766 - ERROR - Error rendering process text: invalid color argument
2025-05-30 15:28:25,767 - ERROR - Error rendering process text: invalid color argument
2025-05-30 15:28:25,768 - ERROR - Error rendering process text: invalid color argument
2025-05-30 15:28:25,771 - ERROR - Error rendering process text: invalid color argument
2025-05-30 15:28:25,815 - ERROR - Error rendering process text: invalid color argument
2025-05-30 15:28:25,817 - ERROR - Error rendering process text: invalid color argument
2025-05-30 15:28:25,818 - ERROR - Error rendering process text: invalid color argument
2025-05-30 15:28:25,821 - ERROR - Error rendering process text: invalid color argument
2025-05-30 15:28:25,865 - ERROR - Error rendering process text: invalid color argument
2025-05-30 15:28:25,867 - ERROR - Error rendering process text: invalid color argument
2025-05-30 15:28:25,869 - ERROR - Error rendering process text: invalid color argument
2025-05-30 15:28:25,870 - ERROR - Error rendering process text: invalid color argument
2025-05-30 15:28:25,916 - ERROR - Error rendering process text: invalid color argument
2025-05-30 15:28:25,917 - ERROR - Error rendering process text: invalid color argument
2025-05-30 15:28:25,919 - ERROR - Error rendering process text: invalid color argument
2025-05-30 15:28:25,922 - ERROR - Error rendering process text: invalid color argument
2025-05-30 15:28:25,966 - ERROR - Error rendering process text: invalid color argument
2025-05-30 15:28:25,968 - ERROR - Error rendering process text: invalid color argument
2025-05-30 15:28:25,969 - ERROR - Error rendering process text: invalid color argument
2025-05-30 15:28:25,971 - ERROR - Error rendering process text: invalid color argument
2025-05-30 15:28:26,023 - ERROR - Error rendering process text: invalid color argument
2025-05-30 15:28:26,025 - ERROR - Error rendering process text: invalid color argument
2025-05-30 15:28:26,033 - ERROR - Error rendering process text: invalid color argument
2025-05-30 15:28:26,037 - ERROR - Error rendering process text: invalid color argument
2025-05-30 15:28:26,074 - ERROR - Error rendering process text: invalid color argument
2025-05-30 15:28:26,076 - ERROR - Error rendering process text: invalid color argument
2025-05-30 15:28:26,082 - ERROR - Error rendering process text: invalid color argument
2025-05-30 15:28:26,087 - ERROR - Error rendering process text: invalid color argument
2025-05-30 15:28:26,121 - ERROR - Error rendering process text: invalid color argument
2025-05-30 15:28:26,123 - ERROR - Error rendering process text: invalid color argument
2025-05-30 15:28:26,124 - ERROR - Error rendering process text: invalid color argument
2025-05-30 15:28:26,127 - ERROR - Error rendering process text: invalid color argument
2025-05-30 15:28:26,170 - ERROR - Error rendering process text: invalid color argument
2025-05-30 15:28:26,172 - ERROR - Error rendering process text: invalid color argument
2025-05-30 15:28:26,174 - ERROR - Error rendering process text: invalid color argument
2025-05-30 15:28:26,177 - ERROR - Error rendering process text: invalid color argument
2025-05-30 15:28:26,221 - ERROR - Error rendering process text: invalid color argument
2025-05-30 15:28:26,222 - ERROR - Error rendering process text: invalid color argument
2025-05-30 15:28:26,224 - ERROR - Error rendering process text: invalid color argument
2025-05-30 15:28:26,227 - ERROR - Error rendering process text: invalid color argument
2025-05-30 15:28:26,272 - ERROR - Error rendering process text: invalid color argument
2025-05-30 15:28:26,273 - ERROR - Error rendering process text: invalid color argument
2025-05-30 15:28:26,275 - ERROR - Error rendering process text: invalid color argument
2025-05-30 15:28:26,282 - ERROR - Error rendering process text: invalid color argument
2025-05-30 15:28:26,332 - ERROR - Error rendering process text: invalid color argument
2025-05-30 15:28:26,336 - ERROR - Error rendering process text: invalid color argument
2025-05-30 15:28:26,339 - ERROR - Error rendering process text: invalid color argument
2025-05-30 15:28:26,342 - ERROR - Error rendering process text: invalid color argument
2025-05-30 15:28:27,443 - ERROR - Error rendering process text: invalid color argument
2025-05-30 15:28:27,538 - ERROR - Error rendering process text: invalid color argument
2025-05-30 15:28:27,616 - ERROR - Error rendering process text: invalid color argument
2025-05-30 15:28:27,761 - ERROR - Error rendering process text: invalid color argument
2025-05-30 15:28:28,535 - ERROR - Error rendering process text: invalid color argument
2025-05-30 15:28:28,617 - ERROR - Error rendering process text: invalid color argument
2025-05-30 15:28:28,732 - ERROR - Error rendering process text: invalid color argument
2025-05-30 15:28:28,787 - ERROR - Error rendering process text: invalid color argument
2025-05-30 15:28:29,171 - ERROR - Error rendering process text: invalid color argument
2025-05-30 15:28:29,280 - ERROR - Error rendering process text: invalid color argument
2025-05-30 15:28:29,370 - ERROR - Error rendering process text: invalid color argument
2025-05-30 15:28:29,572 - ERROR - Error rendering process text: invalid color argument
2025-05-30 15:28:30,462 - ERROR - Error rendering process text: invalid color argument
2025-05-30 15:28:30,464 - ERROR - Error rendering process text: invalid color argument
2025-05-30 15:28:30,465 - ERROR - Error rendering process text: invalid color argument
2025-05-30 15:28:30,469 - ERROR - Error rendering process text: invalid color argument
2025-05-30 15:28:30,487 - ERROR - Error rendering process text: invalid color argument
2025-05-30 15:28:30,489 - ERROR - Error rendering process text: invalid color argument
2025-05-30 15:28:30,490 - ERROR - Error rendering process text: invalid color argument
2025-05-30 15:28:30,491 - ERROR - Error rendering process text: invalid color argument
2025-05-30 15:28:30,530 - ERROR - Error rendering process text: invalid color argument
2025-05-30 15:28:30,534 - ERROR - Error rendering process text: invalid color argument
2025-05-30 15:28:30,537 - ERROR - Error rendering process text: invalid color argument
2025-05-30 15:28:30,539 - ERROR - Error rendering process text: invalid color argument
2025-05-30 15:28:30,580 - ERROR - Error rendering process text: invalid color argument
2025-05-30 15:28:30,585 - ERROR - Error rendering process text: invalid color argument
2025-05-30 15:28:30,586 - ERROR - Error rendering process text: invalid color argument
2025-05-30 15:28:30,589 - ERROR - Error rendering process text: invalid color argument
2025-05-30 15:28:30,632 - ERROR - Error rendering process text: invalid color argument
2025-05-30 15:28:30,636 - ERROR - Error rendering process text: invalid color argument
2025-05-30 15:28:30,637 - ERROR - Error rendering process text: invalid color argument
2025-05-30 15:28:30,639 - ERROR - Error rendering process text: invalid color argument
2025-05-30 15:28:30,683 - ERROR - Error rendering process text: invalid color argument
2025-05-30 15:28:30,686 - ERROR - Error rendering process text: invalid color argument
2025-05-30 15:28:30,687 - ERROR - Error rendering process text: invalid color argument
2025-05-30 15:28:30,689 - ERROR - Error rendering process text: invalid color argument
2025-05-30 15:28:30,735 - ERROR - Error rendering process text: invalid color argument
2025-05-30 15:28:30,736 - ERROR - Error rendering process text: invalid color argument
2025-05-30 15:28:30,738 - ERROR - Error rendering process text: invalid color argument
2025-05-30 15:28:30,741 - ERROR - Error rendering process text: invalid color argument
2025-05-30 15:28:30,795 - ERROR - Error rendering process text: invalid color argument
2025-05-30 15:28:30,799 - ERROR - Error rendering process text: invalid color argument
2025-05-30 15:28:30,807 - ERROR - Error rendering process text: invalid color argument
2025-05-30 15:28:30,811 - ERROR - Error rendering process text: invalid color argument
2025-05-30 15:28:30,842 - ERROR - Error rendering process text: invalid color argument
2025-05-30 15:28:30,845 - ERROR - Error rendering process text: invalid color argument
2025-05-30 15:28:30,847 - ERROR - Error rendering process text: invalid color argument
2025-05-30 15:28:30,854 - ERROR - Error rendering process text: invalid color argument
2025-05-30 15:28:30,891 - ERROR - Error rendering process text: invalid color argument
2025-05-30 15:28:30,892 - ERROR - Error rendering process text: invalid color argument
2025-05-30 15:28:30,895 - ERROR - Error rendering process text: invalid color argument
2025-05-30 15:28:30,897 - ERROR - Error rendering process text: invalid color argument
2025-05-30 15:28:30,939 - ERROR - Error rendering process text: invalid color argument
2025-05-30 15:28:30,940 - ERROR - Error rendering process text: invalid color argument
2025-05-30 15:28:30,942 - ERROR - Error rendering process text: invalid color argument
2025-05-30 15:28:30,944 - ERROR - Error rendering process text: invalid color argument
2025-05-30 15:28:30,991 - ERROR - Error rendering process text: invalid color argument
2025-05-30 15:28:30,993 - ERROR - Error rendering process text: invalid color argument
2025-05-30 15:28:30,995 - ERROR - Error rendering process text: invalid color argument
2025-05-30 15:28:31,001 - ERROR - Error rendering process text: invalid color argument
2025-05-30 15:28:31,043 - ERROR - Error rendering process text: invalid color argument
2025-05-30 15:28:31,045 - ERROR - Error rendering process text: invalid color argument
2025-05-30 15:28:31,047 - ERROR - Error rendering process text: invalid color argument
2025-05-30 15:28:31,053 - ERROR - Error rendering process text: invalid color argument
2025-05-30 15:28:31,095 - ERROR - Error rendering process text: invalid color argument
2025-05-30 15:28:31,097 - ERROR - Error rendering process text: invalid color argument
2025-05-30 15:28:31,102 - ERROR - Error rendering process text: invalid color argument
2025-05-30 15:28:31,108 - ERROR - Error rendering process text: invalid color argument
2025-05-30 15:28:31,143 - ERROR - Error rendering process text: invalid color argument
2025-05-30 15:28:31,144 - ERROR - Error rendering process text: invalid color argument
2025-05-30 15:28:31,147 - ERROR - Error rendering process text: invalid color argument
2025-05-30 15:28:31,154 - ERROR - Error rendering process text: invalid color argument
2025-05-30 15:28:31,192 - ERROR - Error rendering process text: invalid color argument
2025-05-30 15:28:31,193 - ERROR - Error rendering process text: invalid color argument
2025-05-30 15:28:31,194 - ERROR - Error rendering process text: invalid color argument
2025-05-30 15:28:31,197 - ERROR - Error rendering process text: invalid color argument
2025-05-30 15:28:31,247 - ERROR - Error rendering process text: invalid color argument
2025-05-30 15:28:31,253 - ERROR - Error rendering process text: invalid color argument
2025-05-30 15:28:31,257 - ERROR - Error rendering process text: invalid color argument
2025-05-30 15:28:31,264 - ERROR - Error rendering process text: invalid color argument
2025-05-30 15:28:31,297 - ERROR - Error rendering process text: invalid color argument
2025-05-30 15:28:31,304 - ERROR - Error rendering process text: invalid color argument
2025-05-30 15:28:31,307 - ERROR - Error rendering process text: invalid color argument
2025-05-30 15:28:31,311 - ERROR - Error rendering process text: invalid color argument
2025-05-30 15:28:31,347 - ERROR - Error rendering process text: invalid color argument
2025-05-30 15:28:31,349 - ERROR - Error rendering process text: invalid color argument
2025-05-30 15:28:31,357 - ERROR - Error rendering process text: invalid color argument
2025-05-30 15:28:31,360 - ERROR - Error rendering process text: invalid color argument
2025-05-30 15:28:31,398 - ERROR - Error rendering process text: invalid color argument
2025-05-30 15:28:31,405 - ERROR - Error rendering process text: invalid color argument
2025-05-30 15:28:31,409 - ERROR - Error rendering process text: invalid color argument
2025-05-30 15:28:31,413 - ERROR - Error rendering process text: invalid color argument
2025-05-30 15:28:31,447 - ERROR - Error rendering process text: invalid color argument
2025-05-30 15:28:31,455 - ERROR - Error rendering process text: invalid color argument
2025-05-30 15:28:31,458 - ERROR - Error rendering process text: invalid color argument
2025-05-30 15:28:31,462 - ERROR - Error rendering process text: invalid color argument
2025-05-30 15:28:31,497 - ERROR - Error rendering process text: invalid color argument
2025-05-30 15:28:31,504 - ERROR - Error rendering process text: invalid color argument
2025-05-30 15:28:31,508 - ERROR - Error rendering process text: invalid color argument
2025-05-30 15:28:31,512 - ERROR - Error rendering process text: invalid color argument
2025-05-30 15:28:31,545 - ERROR - Error rendering process text: invalid color argument
2025-05-30 15:28:31,546 - ERROR - Error rendering process text: invalid color argument
2025-05-30 15:28:31,548 - ERROR - Error rendering process text: invalid color argument
2025-05-30 15:28:31,554 - ERROR - Error rendering process text: invalid color argument
2025-05-30 15:28:31,594 - ERROR - Error rendering process text: invalid color argument
2025-05-30 15:28:31,595 - ERROR - Error rendering process text: invalid color argument
2025-05-30 15:28:31,597 - ERROR - Error rendering process text: invalid color argument
2025-05-30 15:28:31,604 - ERROR - Error rendering process text: invalid color argument
2025-05-30 15:28:31,645 - ERROR - Error rendering process text: invalid color argument
2025-05-30 15:28:31,647 - ERROR - Error rendering process text: invalid color argument
2025-05-30 15:28:31,649 - ERROR - Error rendering process text: invalid color argument
2025-05-30 15:28:31,654 - ERROR - Error rendering process text: invalid color argument
2025-05-30 15:28:31,694 - ERROR - Error rendering process text: invalid color argument
2025-05-30 15:28:31,696 - ERROR - Error rendering process text: invalid color argument
2025-05-30 15:28:31,698 - ERROR - Error rendering process text: invalid color argument
2025-05-30 15:28:31,705 - ERROR - Error rendering process text: invalid color argument
2025-05-30 15:28:31,747 - ERROR - Error rendering process text: invalid color argument
2025-05-30 15:28:31,749 - ERROR - Error rendering process text: invalid color argument
2025-05-30 15:28:31,754 - ERROR - Error rendering process text: invalid color argument
2025-05-30 15:28:31,757 - ERROR - Error rendering process text: invalid color argument
2025-05-30 15:28:31,796 - ERROR - Error rendering process text: invalid color argument
2025-05-30 15:28:31,798 - ERROR - Error rendering process text: invalid color argument
2025-05-30 15:28:31,802 - ERROR - Error rendering process text: invalid color argument
2025-05-30 15:28:31,806 - ERROR - Error rendering process text: invalid color argument
2025-05-30 15:28:31,845 - ERROR - Error rendering process text: invalid color argument
2025-05-30 15:28:31,847 - ERROR - Error rendering process text: invalid color argument
2025-05-30 15:28:31,849 - ERROR - Error rendering process text: invalid color argument
2025-05-30 15:28:31,856 - ERROR - Error rendering process text: invalid color argument
2025-05-30 15:28:31,895 - ERROR - Error rendering process text: invalid color argument
2025-05-30 15:28:31,897 - ERROR - Error rendering process text: invalid color argument
2025-05-30 15:28:31,903 - ERROR - Error rendering process text: invalid color argument
2025-05-30 15:28:31,906 - ERROR - Error rendering process text: invalid color argument
2025-05-30 15:28:31,946 - ERROR - Error rendering process text: invalid color argument
2025-05-30 15:28:31,948 - ERROR - Error rendering process text: invalid color argument
2025-05-30 15:28:31,950 - ERROR - Error rendering process text: invalid color argument
2025-05-30 15:28:31,956 - ERROR - Error rendering process text: invalid color argument
2025-05-30 15:28:31,997 - ERROR - Error rendering process text: invalid color argument
2025-05-30 15:28:31,999 - ERROR - Error rendering process text: invalid color argument
2025-05-30 15:28:32,004 - ERROR - Error rendering process text: invalid color argument
2025-05-30 15:28:32,007 - ERROR - Error rendering process text: invalid color argument
2025-05-30 15:28:32,049 - ERROR - Error rendering process text: invalid color argument
2025-05-30 15:28:32,053 - ERROR - Error rendering process text: invalid color argument
2025-05-30 15:28:32,055 - ERROR - Error rendering process text: invalid color argument
2025-05-30 15:28:32,057 - ERROR - Error rendering process text: invalid color argument
2025-05-30 15:28:32,098 - ERROR - Error rendering process text: invalid color argument
2025-05-30 15:28:32,103 - ERROR - Error rendering process text: invalid color argument
2025-05-30 15:28:32,105 - ERROR - Error rendering process text: invalid color argument
2025-05-30 15:28:32,107 - ERROR - Error rendering process text: invalid color argument
2025-05-30 15:28:32,149 - ERROR - Error rendering process text: invalid color argument
2025-05-30 15:28:32,153 - ERROR - Error rendering process text: invalid color argument
2025-05-30 15:28:32,156 - ERROR - Error rendering process text: invalid color argument
2025-05-30 15:28:32,159 - ERROR - Error rendering process text: invalid color argument
2025-05-30 15:28:32,199 - ERROR - Error rendering process text: invalid color argument
2025-05-30 15:28:32,204 - ERROR - Error rendering process text: invalid color argument
2025-05-30 15:28:32,206 - ERROR - Error rendering process text: invalid color argument
2025-05-30 15:28:32,210 - ERROR - Error rendering process text: invalid color argument
2025-05-30 15:28:32,258 - ERROR - Error rendering process text: invalid color argument
2025-05-30 15:28:32,262 - ERROR - Error rendering process text: invalid color argument
2025-05-30 15:28:32,265 - ERROR - Error rendering process text: invalid color argument
2025-05-30 15:28:32,276 - ERROR - Error rendering process text: invalid color argument
2025-05-30 15:28:32,320 - ERROR - Error rendering process text: invalid color argument
2025-05-30 15:28:32,326 - ERROR - Error rendering process text: invalid color argument
2025-05-30 15:28:32,330 - ERROR - Error rendering process text: invalid color argument
2025-05-30 15:28:32,341 - ERROR - Error rendering process text: invalid color argument
2025-05-30 15:28:32,383 - ERROR - Error rendering process text: invalid color argument
2025-05-30 15:28:32,391 - ERROR - Error rendering process text: invalid color argument
2025-05-30 15:28:32,395 - ERROR - Error rendering process text: invalid color argument
2025-05-30 15:28:32,406 - ERROR - Error rendering process text: invalid color argument
2025-05-30 15:28:32,440 - ERROR - Error rendering process text: invalid color argument
2025-05-30 15:28:32,442 - ERROR - Error rendering process text: invalid color argument
2025-05-30 15:28:32,445 - ERROR - Error rendering process text: invalid color argument
2025-05-30 15:28:32,448 - ERROR - Error rendering process text: invalid color argument
2025-05-30 15:28:32,488 - ERROR - Error rendering process text: invalid color argument
2025-05-30 15:28:32,490 - ERROR - Error rendering process text: invalid color argument
2025-05-30 15:28:32,494 - ERROR - Error rendering process text: invalid color argument
2025-05-30 15:28:32,498 - ERROR - Error rendering process text: invalid color argument
2025-05-30 15:28:33,612 - ERROR - Error rendering process text: invalid color argument
2025-05-30 15:28:33,698 - ERROR - Error rendering process text: invalid color argument
2025-05-30 15:28:33,791 - ERROR - Error rendering process text: invalid color argument
2025-05-30 15:28:33,939 - ERROR - Error rendering process text: invalid color argument
2025-05-30 15:28:35,099 - ERROR - Error rendering process text: invalid color argument
2025-05-30 15:28:35,174 - ERROR - Error rendering process text: invalid color argument
2025-05-30 15:28:35,257 - ERROR - Error rendering process text: invalid color argument
2025-05-30 15:28:35,407 - ERROR - Error rendering process text: invalid color argument
2025-05-30 15:28:35,872 - ERROR - Error rendering process text: invalid color argument
2025-05-30 15:28:35,874 - ERROR - Error rendering process text: invalid color argument
2025-05-30 15:28:35,875 - ERROR - Error rendering process text: invalid color argument
2025-05-30 15:28:35,878 - ERROR - Error rendering process text: invalid color argument
2025-05-30 15:28:35,895 - ERROR - Error rendering process text: invalid color argument
2025-05-30 15:28:35,896 - ERROR - Error rendering process text: invalid color argument
2025-05-30 15:28:35,898 - ERROR - Error rendering process text: invalid color argument
2025-05-30 15:28:35,901 - ERROR - Error rendering process text: invalid color argument
2025-05-30 15:28:35,953 - ERROR - Error rendering process text: invalid color argument
2025-05-30 15:28:35,964 - ERROR - Error rendering process text: invalid color argument
2025-05-30 15:28:35,968 - ERROR - Error rendering process text: invalid color argument
2025-05-30 15:28:35,982 - ERROR - Error rendering process text: invalid color argument
2025-05-30 15:28:36,046 - ERROR - Error rendering process text: invalid color argument
2025-05-30 15:28:36,053 - ERROR - Error rendering process text: invalid color argument
2025-05-30 15:28:36,060 - ERROR - Error rendering process text: invalid color argument
2025-05-30 15:28:36,066 - ERROR - Error rendering process text: invalid color argument
2025-05-30 15:28:36,093 - ERROR - Error rendering process text: invalid color argument
2025-05-30 15:28:36,094 - ERROR - Error rendering process text: invalid color argument
2025-05-30 15:28:36,096 - ERROR - Error rendering process text: invalid color argument
2025-05-30 15:28:36,099 - ERROR - Error rendering process text: invalid color argument
2025-05-30 15:28:36,144 - ERROR - Error rendering process text: invalid color argument
2025-05-30 15:28:36,145 - ERROR - Error rendering process text: invalid color argument
2025-05-30 15:28:36,147 - ERROR - Error rendering process text: invalid color argument
2025-05-30 15:28:36,149 - ERROR - Error rendering process text: invalid color argument
2025-05-30 15:28:36,194 - ERROR - Error rendering process text: invalid color argument
2025-05-30 15:28:36,196 - ERROR - Error rendering process text: invalid color argument
2025-05-30 15:28:36,197 - ERROR - Error rendering process text: invalid color argument
2025-05-30 15:28:36,199 - ERROR - Error rendering process text: invalid color argument
2025-05-30 15:28:36,259 - ERROR - Error rendering process text: invalid color argument
2025-05-30 15:28:36,263 - ERROR - Error rendering process text: invalid color argument
2025-05-30 15:28:36,268 - ERROR - Error rendering process text: invalid color argument
2025-05-30 15:28:36,275 - ERROR - Error rendering process text: invalid color argument
2025-05-30 15:28:36,300 - ERROR - Error rendering process text: invalid color argument
2025-05-30 15:28:36,302 - ERROR - Error rendering process text: invalid color argument
2025-05-30 15:28:36,309 - ERROR - Error rendering process text: invalid color argument
2025-05-30 15:28:36,314 - ERROR - Error rendering process text: invalid color argument
2025-05-30 15:28:36,350 - ERROR - Error rendering process text: invalid color argument
2025-05-30 15:28:36,354 - ERROR - Error rendering process text: invalid color argument
2025-05-30 15:28:36,359 - ERROR - Error rendering process text: invalid color argument
2025-05-30 15:28:36,364 - ERROR - Error rendering process text: invalid color argument
2025-05-30 15:28:36,401 - ERROR - Error rendering process text: invalid color argument
2025-05-30 15:28:36,403 - ERROR - Error rendering process text: invalid color argument
2025-05-30 15:28:36,409 - ERROR - Error rendering process text: invalid color argument
2025-05-30 15:28:36,413 - ERROR - Error rendering process text: invalid color argument
2025-05-30 15:28:36,452 - ERROR - Error rendering process text: invalid color argument
2025-05-30 15:28:36,458 - ERROR - Error rendering process text: invalid color argument
2025-05-30 15:28:36,460 - ERROR - Error rendering process text: invalid color argument
2025-05-30 15:28:36,465 - ERROR - Error rendering process text: invalid color argument
2025-05-30 15:28:36,500 - ERROR - Error rendering process text: invalid color argument
2025-05-30 15:28:36,504 - ERROR - Error rendering process text: invalid color argument
2025-05-30 15:28:36,509 - ERROR - Error rendering process text: invalid color argument
2025-05-30 15:28:36,514 - ERROR - Error rendering process text: invalid color argument
2025-05-30 15:28:36,552 - ERROR - Error rendering process text: invalid color argument
2025-05-30 15:28:36,555 - ERROR - Error rendering process text: invalid color argument
2025-05-30 15:28:36,561 - ERROR - Error rendering process text: invalid color argument
2025-05-30 15:28:36,565 - ERROR - Error rendering process text: invalid color argument
2025-05-30 15:28:36,602 - ERROR - Error rendering process text: invalid color argument
2025-05-30 15:28:36,605 - ERROR - Error rendering process text: invalid color argument
2025-05-30 15:28:36,611 - ERROR - Error rendering process text: invalid color argument
2025-05-30 15:28:36,615 - ERROR - Error rendering process text: invalid color argument
2025-05-30 15:28:36,652 - ERROR - Error rendering process text: invalid color argument
2025-05-30 15:28:36,658 - ERROR - Error rendering process text: invalid color argument
2025-05-30 15:28:36,661 - ERROR - Error rendering process text: invalid color argument
2025-05-30 15:28:36,664 - ERROR - Error rendering process text: invalid color argument
2025-05-30 15:28:36,702 - ERROR - Error rendering process text: invalid color argument
2025-05-30 15:28:36,707 - ERROR - Error rendering process text: invalid color argument
2025-05-30 15:28:36,711 - ERROR - Error rendering process text: invalid color argument
2025-05-30 15:28:36,714 - ERROR - Error rendering process text: invalid color argument
2025-05-30 15:28:36,753 - ERROR - Error rendering process text: invalid color argument
2025-05-30 15:28:36,759 - ERROR - Error rendering process text: invalid color argument
2025-05-30 15:28:36,763 - ERROR - Error rendering process text: invalid color argument
2025-05-30 15:28:36,766 - ERROR - Error rendering process text: invalid color argument
2025-05-30 15:28:36,804 - ERROR - Error rendering process text: invalid color argument
2025-05-30 15:28:36,810 - ERROR - Error rendering process text: invalid color argument
2025-05-30 15:28:36,813 - ERROR - Error rendering process text: invalid color argument
2025-05-30 15:28:36,817 - ERROR - Error rendering process text: invalid color argument
2025-05-30 15:28:36,858 - ERROR - Error rendering process text: invalid color argument
2025-05-30 15:28:36,862 - ERROR - Error rendering process text: invalid color argument
2025-05-30 15:28:36,865 - ERROR - Error rendering process text: invalid color argument
2025-05-30 15:28:36,870 - ERROR - Error rendering process text: invalid color argument
2025-05-30 15:28:36,905 - ERROR - Error rendering process text: invalid color argument
2025-05-30 15:28:36,911 - ERROR - Error rendering process text: invalid color argument
2025-05-30 15:28:36,914 - ERROR - Error rendering process text: invalid color argument
2025-05-30 15:28:36,918 - ERROR - Error rendering process text: invalid color argument
2025-05-30 15:28:36,959 - ERROR - Error rendering process text: invalid color argument
2025-05-30 15:28:36,963 - ERROR - Error rendering process text: invalid color argument
2025-05-30 15:28:36,965 - ERROR - Error rendering process text: invalid color argument
2025-05-30 15:28:36,969 - ERROR - Error rendering process text: invalid color argument
2025-05-30 15:28:37,009 - ERROR - Error rendering process text: invalid color argument
2025-05-30 15:28:37,012 - ERROR - Error rendering process text: invalid color argument
2025-05-30 15:28:37,014 - ERROR - Error rendering process text: invalid color argument
2025-05-30 15:28:37,019 - ERROR - Error rendering process text: invalid color argument
2025-05-30 15:28:37,060 - ERROR - Error rendering process text: invalid color argument
2025-05-30 15:28:37,063 - ERROR - Error rendering process text: invalid color argument
2025-05-30 15:28:37,066 - ERROR - Error rendering process text: invalid color argument
2025-05-30 15:28:37,069 - ERROR - Error rendering process text: invalid color argument
2025-05-30 15:28:37,111 - ERROR - Error rendering process text: invalid color argument
2025-05-30 15:28:37,113 - ERROR - Error rendering process text: invalid color argument
2025-05-30 15:28:37,116 - ERROR - Error rendering process text: invalid color argument
2025-05-30 15:28:37,119 - ERROR - Error rendering process text: invalid color argument
2025-05-30 15:28:37,161 - ERROR - Error rendering process text: invalid color argument
2025-05-30 15:28:37,165 - ERROR - Error rendering process text: invalid color argument
2025-05-30 15:28:37,167 - ERROR - Error rendering process text: invalid color argument
2025-05-30 15:28:37,170 - ERROR - Error rendering process text: invalid color argument
2025-05-30 15:28:37,204 - ERROR - Error rendering process text: invalid color argument
2025-05-30 15:28:37,209 - ERROR - Error rendering process text: invalid color argument
2025-05-30 15:28:37,211 - ERROR - Error rendering process text: invalid color argument
2025-05-30 15:28:37,214 - ERROR - Error rendering process text: invalid color argument
2025-05-30 15:28:37,258 - ERROR - Error rendering process text: invalid color argument
2025-05-30 15:28:37,260 - ERROR - Error rendering process text: invalid color argument
2025-05-30 15:28:37,262 - ERROR - Error rendering process text: invalid color argument
2025-05-30 15:28:37,265 - ERROR - Error rendering process text: invalid color argument
2025-05-30 15:28:37,308 - ERROR - Error rendering process text: invalid color argument
2025-05-30 15:28:37,311 - ERROR - Error rendering process text: invalid color argument
2025-05-30 15:28:37,313 - ERROR - Error rendering process text: invalid color argument
2025-05-30 15:28:37,316 - ERROR - Error rendering process text: invalid color argument
2025-05-30 15:28:37,359 - ERROR - Error rendering process text: invalid color argument
2025-05-30 15:28:37,360 - ERROR - Error rendering process text: invalid color argument
2025-05-30 15:28:37,362 - ERROR - Error rendering process text: invalid color argument
2025-05-30 15:28:37,365 - ERROR - Error rendering process text: invalid color argument
2025-05-30 15:28:37,410 - ERROR - Error rendering process text: invalid color argument
2025-05-30 15:28:37,412 - ERROR - Error rendering process text: invalid color argument
2025-05-30 15:28:37,413 - ERROR - Error rendering process text: invalid color argument
2025-05-30 15:28:37,417 - ERROR - Error rendering process text: invalid color argument
2025-05-30 15:28:37,460 - ERROR - Error rendering process text: invalid color argument
2025-05-30 15:28:37,461 - ERROR - Error rendering process text: invalid color argument
2025-05-30 15:28:37,463 - ERROR - Error rendering process text: invalid color argument
2025-05-30 15:28:37,466 - ERROR - Error rendering process text: invalid color argument
2025-05-30 15:28:37,510 - ERROR - Error rendering process text: invalid color argument
2025-05-30 15:28:37,512 - ERROR - Error rendering process text: invalid color argument
2025-05-30 15:28:37,514 - ERROR - Error rendering process text: invalid color argument
2025-05-30 15:28:37,517 - ERROR - Error rendering process text: invalid color argument
2025-05-30 15:28:37,571 - ERROR - Error rendering process text: invalid color argument
2025-05-30 15:28:37,580 - ERROR - Error rendering process text: invalid color argument
2025-05-30 15:28:37,586 - ERROR - Error rendering process text: invalid color argument
2025-05-30 15:28:37,594 - ERROR - Error rendering process text: invalid color argument
2025-05-30 15:28:37,620 - ERROR - Error rendering process text: invalid color argument
2025-05-30 15:28:37,622 - ERROR - Error rendering process text: invalid color argument
2025-05-30 15:28:37,628 - ERROR - Error rendering process text: invalid color argument
2025-05-30 15:28:37,630 - ERROR - Error rendering process text: invalid color argument
2025-05-30 15:28:37,667 - ERROR - Error rendering process text: invalid color argument
2025-05-30 15:28:37,669 - ERROR - Error rendering process text: invalid color argument
2025-05-30 15:28:37,670 - ERROR - Error rendering process text: invalid color argument
2025-05-30 15:28:37,675 - ERROR - Error rendering process text: invalid color argument
2025-05-30 15:28:37,718 - ERROR - Error rendering process text: invalid color argument
2025-05-30 15:28:37,720 - ERROR - Error rendering process text: invalid color argument
2025-05-30 15:28:37,722 - ERROR - Error rendering process text: invalid color argument
2025-05-30 15:28:37,727 - ERROR - Error rendering process text: invalid color argument
2025-05-30 15:28:37,767 - ERROR - Error rendering process text: invalid color argument
2025-05-30 15:28:37,768 - ERROR - Error rendering process text: invalid color argument
2025-05-30 15:28:37,770 - ERROR - Error rendering process text: invalid color argument
2025-05-30 15:28:37,776 - ERROR - Error rendering process text: invalid color argument
2025-05-30 15:28:37,819 - ERROR - Error rendering process text: invalid color argument
2025-05-30 15:28:37,821 - ERROR - Error rendering process text: invalid color argument
2025-05-30 15:28:37,822 - ERROR - Error rendering process text: invalid color argument
2025-05-30 15:28:37,827 - ERROR - Error rendering process text: invalid color argument
2025-05-30 15:28:37,869 - ERROR - Error rendering process text: invalid color argument
2025-05-30 15:28:37,871 - ERROR - Error rendering process text: invalid color argument
2025-05-30 15:28:37,872 - ERROR - Error rendering process text: invalid color argument
2025-05-30 15:28:37,879 - ERROR - Error rendering process text: invalid color argument
2025-05-30 15:28:39,078 - ERROR - Error rendering process text: invalid color argument
2025-05-30 15:28:39,184 - ERROR - Error rendering process text: invalid color argument
2025-05-30 15:28:39,301 - ERROR - Error rendering process text: invalid color argument
2025-05-30 15:28:39,479 - ERROR - Error rendering process text: invalid color argument
2025-05-30 15:28:40,205 - ERROR - Error rendering process text: invalid color argument
2025-05-30 15:28:40,280 - ERROR - Error rendering process text: invalid color argument
2025-05-30 15:28:40,404 - ERROR - Error rendering process text: invalid color argument
2025-05-30 15:28:40,584 - ERROR - Error rendering process text: invalid color argument
2025-05-30 15:28:41,731 - ERROR - Error rendering process text: invalid color argument
2025-05-30 15:28:41,779 - ERROR - Error rendering process text: invalid color argument
2025-05-30 15:28:41,781 - ERROR - Error rendering process text: invalid color argument
2025-05-30 15:28:41,784 - ERROR - Error rendering process text: invalid color argument
2025-05-30 15:28:41,802 - ERROR - Error rendering process text: invalid color argument
2025-05-30 15:28:41,804 - ERROR - Error rendering process text: invalid color argument
2025-05-30 15:28:41,805 - ERROR - Error rendering process text: invalid color argument
2025-05-30 15:28:41,807 - ERROR - Error rendering process text: invalid color argument
2025-05-30 15:28:41,854 - ERROR - Error rendering process text: invalid color argument
2025-05-30 15:28:41,858 - ERROR - Error rendering process text: invalid color argument
2025-05-30 15:28:41,865 - ERROR - Error rendering process text: invalid color argument
2025-05-30 15:28:41,869 - ERROR - Error rendering process text: invalid color argument
2025-05-30 15:28:41,908 - ERROR - Error rendering process text: invalid color argument
2025-05-30 15:28:41,916 - ERROR - Error rendering process text: invalid color argument
2025-05-30 15:28:41,919 - ERROR - Error rendering process text: invalid color argument
2025-05-30 15:28:41,924 - ERROR - Error rendering process text: invalid color argument
2025-05-30 15:28:41,960 - ERROR - Error rendering process text: invalid color argument
2025-05-30 15:28:41,970 - ERROR - Error rendering process text: invalid color argument
2025-05-30 15:28:41,971 - ERROR - Error rendering process text: invalid color argument
2025-05-30 15:28:41,974 - ERROR - Error rendering process text: invalid color argument
2025-05-30 15:28:42,005 - ERROR - Error rendering process text: invalid color argument
2025-05-30 15:28:42,007 - ERROR - Error rendering process text: invalid color argument
2025-05-30 15:28:42,009 - ERROR - Error rendering process text: invalid color argument
2025-05-30 15:28:42,016 - ERROR - Error rendering process text: invalid color argument
2025-05-30 15:28:42,055 - ERROR - Error rendering process text: invalid color argument
2025-05-30 15:28:42,057 - ERROR - Error rendering process text: invalid color argument
2025-05-30 15:28:42,059 - ERROR - Error rendering process text: invalid color argument
2025-05-30 15:28:42,066 - ERROR - Error rendering process text: invalid color argument
2025-05-30 15:28:42,105 - ERROR - Error rendering process text: invalid color argument
2025-05-30 15:28:42,109 - ERROR - Error rendering process text: invalid color argument
2025-05-30 15:28:42,112 - ERROR - Error rendering process text: invalid color argument
2025-05-30 15:28:42,116 - ERROR - Error rendering process text: invalid color argument
2025-05-30 15:28:42,156 - ERROR - Error rendering process text: invalid color argument
2025-05-30 15:28:42,158 - ERROR - Error rendering process text: invalid color argument
2025-05-30 15:28:42,160 - ERROR - Error rendering process text: invalid color argument
2025-05-30 15:28:42,166 - ERROR - Error rendering process text: invalid color argument
2025-05-30 15:28:42,208 - ERROR - Error rendering process text: invalid color argument
2025-05-30 15:28:42,209 - ERROR - Error rendering process text: invalid color argument
2025-05-30 15:28:42,215 - ERROR - Error rendering process text: invalid color argument
2025-05-30 15:28:42,218 - ERROR - Error rendering process text: invalid color argument
2025-05-30 15:28:42,257 - ERROR - Error rendering process text: invalid color argument
2025-05-30 15:28:42,259 - ERROR - Error rendering process text: invalid color argument
2025-05-30 15:28:42,264 - ERROR - Error rendering process text: invalid color argument
2025-05-30 15:28:42,268 - ERROR - Error rendering process text: invalid color argument
2025-05-30 15:28:42,308 - ERROR - Error rendering process text: invalid color argument
2025-05-30 15:28:42,310 - ERROR - Error rendering process text: invalid color argument
2025-05-30 15:28:42,316 - ERROR - Error rendering process text: invalid color argument
2025-05-30 15:28:42,319 - ERROR - Error rendering process text: invalid color argument
2025-05-30 15:28:42,358 - ERROR - Error rendering process text: invalid color argument
2025-05-30 15:28:42,360 - ERROR - Error rendering process text: invalid color argument
2025-05-30 15:28:42,364 - ERROR - Error rendering process text: invalid color argument
2025-05-30 15:28:42,367 - ERROR - Error rendering process text: invalid color argument
2025-05-30 15:28:42,409 - ERROR - Error rendering process text: invalid color argument
2025-05-30 15:28:42,415 - ERROR - Error rendering process text: invalid color argument
2025-05-30 15:28:42,418 - ERROR - Error rendering process text: invalid color argument
2025-05-30 15:28:42,420 - ERROR - Error rendering process text: invalid color argument
2025-05-30 15:28:42,459 - ERROR - Error rendering process text: invalid color argument
2025-05-30 15:28:42,463 - ERROR - Error rendering process text: invalid color argument
2025-05-30 15:28:42,465 - ERROR - Error rendering process text: invalid color argument
2025-05-30 15:28:42,469 - ERROR - Error rendering process text: invalid color argument
2025-05-30 15:28:42,510 - ERROR - Error rendering process text: invalid color argument
2025-05-30 15:28:42,515 - ERROR - Error rendering process text: invalid color argument
2025-05-30 15:28:42,518 - ERROR - Error rendering process text: invalid color argument
2025-05-30 15:28:42,520 - ERROR - Error rendering process text: invalid color argument
2025-05-30 15:28:42,559 - ERROR - Error rendering process text: invalid color argument
2025-05-30 15:28:42,565 - ERROR - Error rendering process text: invalid color argument
2025-05-30 15:28:42,567 - ERROR - Error rendering process text: invalid color argument
2025-05-30 15:28:42,570 - ERROR - Error rendering process text: invalid color argument
2025-05-30 15:28:42,610 - ERROR - Error rendering process text: invalid color argument
2025-05-30 15:28:42,616 - ERROR - Error rendering process text: invalid color argument
2025-05-30 15:28:42,618 - ERROR - Error rendering process text: invalid color argument
2025-05-30 15:28:42,621 - ERROR - Error rendering process text: invalid color argument
2025-05-30 15:28:42,663 - ERROR - Error rendering process text: invalid color argument
2025-05-30 15:28:42,666 - ERROR - Error rendering process text: invalid color argument
2025-05-30 15:28:42,668 - ERROR - Error rendering process text: invalid color argument
2025-05-30 15:28:42,671 - ERROR - Error rendering process text: invalid color argument
2025-05-30 15:28:42,715 - ERROR - Error rendering process text: invalid color argument
2025-05-30 15:28:42,717 - ERROR - Error rendering process text: invalid color argument
2025-05-30 15:28:42,719 - ERROR - Error rendering process text: invalid color argument
2025-05-30 15:28:42,722 - ERROR - Error rendering process text: invalid color argument
2025-05-30 15:28:42,766 - ERROR - Error rendering process text: invalid color argument
2025-05-30 15:28:42,768 - ERROR - Error rendering process text: invalid color argument
2025-05-30 15:28:42,770 - ERROR - Error rendering process text: invalid color argument
2025-05-30 15:28:42,773 - ERROR - Error rendering process text: invalid color argument
2025-05-30 15:28:42,816 - ERROR - Error rendering process text: invalid color argument
2025-05-30 15:28:42,818 - ERROR - Error rendering process text: invalid color argument
2025-05-30 15:28:42,820 - ERROR - Error rendering process text: invalid color argument
2025-05-30 15:28:42,824 - ERROR - Error rendering process text: invalid color argument
2025-05-30 15:28:42,866 - ERROR - Error rendering process text: invalid color argument
2025-05-30 15:28:42,869 - ERROR - Error rendering process text: invalid color argument
2025-05-30 15:28:42,871 - ERROR - Error rendering process text: invalid color argument
2025-05-30 15:28:42,875 - ERROR - Error rendering process text: invalid color argument
2025-05-30 15:28:42,917 - ERROR - Error rendering process text: invalid color argument
2025-05-30 15:28:42,919 - ERROR - Error rendering process text: invalid color argument
2025-05-30 15:28:42,921 - ERROR - Error rendering process text: invalid color argument
2025-05-30 15:28:42,924 - ERROR - Error rendering process text: invalid color argument
2025-05-30 15:28:42,968 - ERROR - Error rendering process text: invalid color argument
2025-05-30 15:28:42,970 - ERROR - Error rendering process text: invalid color argument
2025-05-30 15:28:42,972 - ERROR - Error rendering process text: invalid color argument
2025-05-30 15:28:42,974 - ERROR - Error rendering process text: invalid color argument
2025-05-30 15:28:43,017 - ERROR - Error rendering process text: invalid color argument
2025-05-30 15:28:43,019 - ERROR - Error rendering process text: invalid color argument
2025-05-30 15:28:43,021 - ERROR - Error rendering process text: invalid color argument
2025-05-30 15:28:43,024 - ERROR - Error rendering process text: invalid color argument
2025-05-30 15:28:43,068 - ERROR - Error rendering process text: invalid color argument
2025-05-30 15:28:43,070 - ERROR - Error rendering process text: invalid color argument
2025-05-30 15:28:43,072 - ERROR - Error rendering process text: invalid color argument
2025-05-30 15:28:43,075 - ERROR - Error rendering process text: invalid color argument
2025-05-30 15:28:43,118 - ERROR - Error rendering process text: invalid color argument
2025-05-30 15:28:43,120 - ERROR - Error rendering process text: invalid color argument
2025-05-30 15:28:43,122 - ERROR - Error rendering process text: invalid color argument
2025-05-30 15:28:43,125 - ERROR - Error rendering process text: invalid color argument
2025-05-30 15:28:43,169 - ERROR - Error rendering process text: invalid color argument
2025-05-30 15:28:43,171 - ERROR - Error rendering process text: invalid color argument
2025-05-30 15:28:43,175 - ERROR - Error rendering process text: invalid color argument
2025-05-30 15:28:43,177 - ERROR - Error rendering process text: invalid color argument
2025-05-30 15:28:43,218 - ERROR - Error rendering process text: invalid color argument
2025-05-30 15:28:43,220 - ERROR - Error rendering process text: invalid color argument
2025-05-30 15:28:43,222 - ERROR - Error rendering process text: invalid color argument
2025-05-30 15:28:43,225 - ERROR - Error rendering process text: invalid color argument
2025-05-30 15:28:43,270 - ERROR - Error rendering process text: invalid color argument
2025-05-30 15:28:43,272 - ERROR - Error rendering process text: invalid color argument
2025-05-30 15:28:43,273 - ERROR - Error rendering process text: invalid color argument
2025-05-30 15:28:43,276 - ERROR - Error rendering process text: invalid color argument
2025-05-30 15:28:43,321 - ERROR - Error rendering process text: invalid color argument
2025-05-30 15:28:43,323 - ERROR - Error rendering process text: invalid color argument
2025-05-30 15:28:43,324 - ERROR - Error rendering process text: invalid color argument
2025-05-30 15:28:43,329 - ERROR - Error rendering process text: invalid color argument
2025-05-30 15:28:43,371 - ERROR - Error rendering process text: invalid color argument
2025-05-30 15:28:43,373 - ERROR - Error rendering process text: invalid color argument
2025-05-30 15:28:43,375 - ERROR - Error rendering process text: invalid color argument
2025-05-30 15:28:43,378 - ERROR - Error rendering process text: invalid color argument
2025-05-30 15:28:43,421 - ERROR - Error rendering process text: invalid color argument
2025-05-30 15:28:43,423 - ERROR - Error rendering process text: invalid color argument
2025-05-30 15:28:43,425 - ERROR - Error rendering process text: invalid color argument
2025-05-30 15:28:43,431 - ERROR - Error rendering process text: invalid color argument
2025-05-30 15:28:43,471 - ERROR - Error rendering process text: invalid color argument
2025-05-30 15:28:43,473 - ERROR - Error rendering process text: invalid color argument
2025-05-30 15:28:43,475 - ERROR - Error rendering process text: invalid color argument
2025-05-30 15:28:43,477 - ERROR - Error rendering process text: invalid color argument
2025-05-30 15:28:43,520 - ERROR - Error rendering process text: invalid color argument
2025-05-30 15:28:43,521 - ERROR - Error rendering process text: invalid color argument
2025-05-30 15:28:43,525 - ERROR - Error rendering process text: invalid color argument
2025-05-30 15:28:43,527 - ERROR - Error rendering process text: invalid color argument
2025-05-30 15:28:43,570 - ERROR - Error rendering process text: invalid color argument
2025-05-30 15:28:43,572 - ERROR - Error rendering process text: invalid color argument
2025-05-30 15:28:43,574 - ERROR - Error rendering process text: invalid color argument
2025-05-30 15:28:43,577 - ERROR - Error rendering process text: invalid color argument
2025-05-30 15:28:43,621 - ERROR - Error rendering process text: invalid color argument
2025-05-30 15:28:43,623 - ERROR - Error rendering process text: invalid color argument
2025-05-30 15:28:43,624 - ERROR - Error rendering process text: invalid color argument
2025-05-30 15:28:43,627 - ERROR - Error rendering process text: invalid color argument
2025-05-30 15:28:43,672 - ERROR - Error rendering process text: invalid color argument
2025-05-30 15:28:43,674 - ERROR - Error rendering process text: invalid color argument
2025-05-30 15:28:43,676 - ERROR - Error rendering process text: invalid color argument
2025-05-30 15:28:43,681 - ERROR - Error rendering process text: invalid color argument
2025-05-30 15:28:43,722 - ERROR - Error rendering process text: invalid color argument
2025-05-30 15:28:43,724 - ERROR - Error rendering process text: invalid color argument
2025-05-30 15:28:43,725 - ERROR - Error rendering process text: invalid color argument
2025-05-30 15:28:43,732 - ERROR - Error rendering process text: invalid color argument
2025-05-30 15:28:43,774 - ERROR - Error rendering process text: invalid color argument
2025-05-30 15:28:43,775 - ERROR - Error rendering process text: invalid color argument
2025-05-30 15:28:43,777 - ERROR - Error rendering process text: invalid color argument
2025-05-30 15:28:43,783 - ERROR - Error rendering process text: invalid color argument
2025-05-30 15:28:44,829 - ERROR - Error rendering process text: invalid color argument
2025-05-30 15:28:44,942 - ERROR - Error rendering process text: invalid color argument
2025-05-30 15:28:45,045 - ERROR - Error rendering process text: invalid color argument
2025-05-30 15:28:45,202 - ERROR - Error rendering process text: invalid color argument
2025-05-30 15:28:46,280 - ERROR - Error rendering process text: invalid color argument
2025-05-30 15:28:46,390 - ERROR - Error rendering process text: invalid color argument
2025-05-30 15:28:46,459 - ERROR - Error rendering process text: invalid color argument
2025-05-30 15:28:46,648 - ERROR - Error rendering process text: invalid color argument
2025-05-30 15:28:47,204 - ERROR - Error rendering process text: invalid color argument
2025-05-30 15:28:47,207 - ERROR - Error rendering process text: invalid color argument
2025-05-30 15:28:47,210 - ERROR - Error rendering process text: invalid color argument
2025-05-30 15:28:47,213 - ERROR - Error rendering process text: invalid color argument
2025-05-30 15:28:47,243 - ERROR - Error rendering process text: invalid color argument
2025-05-30 15:28:47,248 - ERROR - Error rendering process text: invalid color argument
2025-05-30 15:28:47,251 - ERROR - Error rendering process text: invalid color argument
2025-05-30 15:28:47,256 - ERROR - Error rendering process text: invalid color argument
2025-05-30 15:28:47,288 - ERROR - Error rendering process text: invalid color argument
2025-05-30 15:28:47,291 - ERROR - Error rendering process text: invalid color argument
2025-05-30 15:28:47,295 - ERROR - Error rendering process text: invalid color argument
2025-05-30 15:28:47,298 - ERROR - Error rendering process text: invalid color argument
2025-05-30 15:28:47,336 - ERROR - Error rendering process text: invalid color argument
2025-05-30 15:28:47,339 - ERROR - Error rendering process text: invalid color argument
2025-05-30 15:28:47,340 - ERROR - Error rendering process text: invalid color argument
2025-05-30 15:28:47,342 - ERROR - Error rendering process text: invalid color argument
2025-05-30 15:28:47,386 - ERROR - Error rendering process text: invalid color argument
2025-05-30 15:28:47,389 - ERROR - Error rendering process text: invalid color argument
2025-05-30 15:28:47,391 - ERROR - Error rendering process text: invalid color argument
2025-05-30 15:28:47,394 - ERROR - Error rendering process text: invalid color argument
2025-05-30 15:28:47,435 - ERROR - Error rendering process text: invalid color argument
2025-05-30 15:28:47,437 - ERROR - Error rendering process text: invalid color argument
2025-05-30 15:28:47,438 - ERROR - Error rendering process text: invalid color argument
2025-05-30 15:28:47,441 - ERROR - Error rendering process text: invalid color argument
2025-05-30 15:28:47,485 - ERROR - Error rendering process text: invalid color argument
2025-05-30 15:28:47,487 - ERROR - Error rendering process text: invalid color argument
2025-05-30 15:28:47,488 - ERROR - Error rendering process text: invalid color argument
2025-05-30 15:28:47,491 - ERROR - Error rendering process text: invalid color argument
2025-05-30 15:28:47,536 - ERROR - Error rendering process text: invalid color argument
2025-05-30 15:28:47,538 - ERROR - Error rendering process text: invalid color argument
2025-05-30 15:28:47,540 - ERROR - Error rendering process text: invalid color argument
2025-05-30 15:28:47,542 - ERROR - Error rendering process text: invalid color argument
2025-05-30 15:28:47,584 - ERROR - Error rendering process text: invalid color argument
2025-05-30 15:28:47,586 - ERROR - Error rendering process text: invalid color argument
2025-05-30 15:28:47,588 - ERROR - Error rendering process text: invalid color argument
2025-05-30 15:28:47,592 - ERROR - Error rendering process text: invalid color argument
2025-05-30 15:28:47,636 - ERROR - Error rendering process text: invalid color argument
2025-05-30 15:28:47,637 - ERROR - Error rendering process text: invalid color argument
2025-05-30 15:28:47,639 - ERROR - Error rendering process text: invalid color argument
2025-05-30 15:28:47,643 - ERROR - Error rendering process text: invalid color argument
2025-05-30 15:28:47,688 - ERROR - Error rendering process text: invalid color argument
2025-05-30 15:28:47,689 - ERROR - Error rendering process text: invalid color argument
2025-05-30 15:28:47,691 - ERROR - Error rendering process text: invalid color argument
2025-05-30 15:28:47,695 - ERROR - Error rendering process text: invalid color argument
2025-05-30 15:28:47,736 - ERROR - Error rendering process text: invalid color argument
2025-05-30 15:28:47,738 - ERROR - Error rendering process text: invalid color argument
2025-05-30 15:28:47,739 - ERROR - Error rendering process text: invalid color argument
2025-05-30 15:28:47,743 - ERROR - Error rendering process text: invalid color argument
2025-05-30 15:28:47,787 - ERROR - Error rendering process text: invalid color argument
2025-05-30 15:28:47,788 - ERROR - Error rendering process text: invalid color argument
2025-05-30 15:28:47,789 - ERROR - Error rendering process text: invalid color argument
2025-05-30 15:28:47,793 - ERROR - Error rendering process text: invalid color argument
2025-05-30 15:28:47,836 - ERROR - Error rendering process text: invalid color argument
2025-05-30 15:28:47,837 - ERROR - Error rendering process text: invalid color argument
2025-05-30 15:28:47,839 - ERROR - Error rendering process text: invalid color argument
2025-05-30 15:28:47,842 - ERROR - Error rendering process text: invalid color argument
2025-05-30 15:28:47,894 - ERROR - Error rendering process text: invalid color argument
2025-05-30 15:28:47,897 - ERROR - Error rendering process text: invalid color argument
2025-05-30 15:28:47,905 - ERROR - Error rendering process text: invalid color argument
2025-05-30 15:28:47,915 - ERROR - Error rendering process text: invalid color argument
2025-05-30 15:28:47,945 - ERROR - Error rendering process text: invalid color argument
2025-05-30 15:28:47,948 - ERROR - Error rendering process text: invalid color argument
2025-05-30 15:28:47,955 - ERROR - Error rendering process text: invalid color argument
2025-05-30 15:28:47,958 - ERROR - Error rendering process text: invalid color argument
2025-05-30 15:28:47,995 - ERROR - Error rendering process text: invalid color argument
2025-05-30 15:28:47,998 - ERROR - Error rendering process text: invalid color argument
2025-05-30 15:28:48,003 - ERROR - Error rendering process text: invalid color argument
2025-05-30 15:28:48,007 - ERROR - Error rendering process text: invalid color argument
2025-05-30 15:28:48,047 - ERROR - Error rendering process text: invalid color argument
2025-05-30 15:28:48,053 - ERROR - Error rendering process text: invalid color argument
2025-05-30 15:28:48,056 - ERROR - Error rendering process text: invalid color argument
2025-05-30 15:28:48,060 - ERROR - Error rendering process text: invalid color argument
2025-05-30 15:28:48,095 - ERROR - Error rendering process text: invalid color argument
2025-05-30 15:28:48,097 - ERROR - Error rendering process text: invalid color argument
2025-05-30 15:28:48,099 - ERROR - Error rendering process text: invalid color argument
2025-05-30 15:28:48,105 - ERROR - Error rendering process text: invalid color argument
2025-05-30 15:28:48,145 - ERROR - Error rendering process text: invalid color argument
2025-05-30 15:28:48,148 - ERROR - Error rendering process text: invalid color argument
2025-05-30 15:28:48,154 - ERROR - Error rendering process text: invalid color argument
2025-05-30 15:28:48,158 - ERROR - Error rendering process text: invalid color argument
2025-05-30 15:28:48,196 - ERROR - Error rendering process text: invalid color argument
2025-05-30 15:28:48,198 - ERROR - Error rendering process text: invalid color argument
2025-05-30 15:28:48,203 - ERROR - Error rendering process text: invalid color argument
2025-05-30 15:28:48,207 - ERROR - Error rendering process text: invalid color argument
2025-05-30 15:28:48,247 - ERROR - Error rendering process text: invalid color argument
2025-05-30 15:28:48,248 - ERROR - Error rendering process text: invalid color argument
2025-05-30 15:28:48,255 - ERROR - Error rendering process text: invalid color argument
2025-05-30 15:28:48,258 - ERROR - Error rendering process text: invalid color argument
2025-05-30 15:28:48,297 - ERROR - Error rendering process text: invalid color argument
2025-05-30 15:28:48,301 - ERROR - Error rendering process text: invalid color argument
2025-05-30 15:28:48,305 - ERROR - Error rendering process text: invalid color argument
2025-05-30 15:28:48,308 - ERROR - Error rendering process text: invalid color argument
2025-05-30 15:28:48,348 - ERROR - Error rendering process text: invalid color argument
2025-05-30 15:28:48,352 - ERROR - Error rendering process text: invalid color argument
2025-05-30 15:28:48,356 - ERROR - Error rendering process text: invalid color argument
2025-05-30 15:28:48,360 - ERROR - Error rendering process text: invalid color argument
2025-05-30 15:28:48,398 - ERROR - Error rendering process text: invalid color argument
2025-05-30 15:28:48,404 - ERROR - Error rendering process text: invalid color argument
2025-05-30 15:28:48,406 - ERROR - Error rendering process text: invalid color argument
2025-05-30 15:28:48,410 - ERROR - Error rendering process text: invalid color argument
2025-05-30 15:28:48,453 - ERROR - Error rendering process text: invalid color argument
2025-05-30 15:28:48,459 - ERROR - Error rendering process text: invalid color argument
2025-05-30 15:28:48,462 - ERROR - Error rendering process text: invalid color argument
2025-05-30 15:28:48,468 - ERROR - Error rendering process text: invalid color argument
2025-05-30 15:28:48,499 - ERROR - Error rendering process text: invalid color argument
2025-05-30 15:28:48,504 - ERROR - Error rendering process text: invalid color argument
2025-05-30 15:28:48,508 - ERROR - Error rendering process text: invalid color argument
2025-05-30 15:28:48,511 - ERROR - Error rendering process text: invalid color argument
2025-05-30 15:28:48,558 - ERROR - Error rendering process text: invalid color argument
2025-05-30 15:28:48,561 - ERROR - Error rendering process text: invalid color argument
2025-05-30 15:28:48,563 - ERROR - Error rendering process text: invalid color argument
2025-05-30 15:28:48,569 - ERROR - Error rendering process text: invalid color argument
2025-05-30 15:28:48,606 - ERROR - Error rendering process text: invalid color argument
2025-05-30 15:28:48,608 - ERROR - Error rendering process text: invalid color argument
2025-05-30 15:28:48,611 - ERROR - Error rendering process text: invalid color argument
2025-05-30 15:28:48,618 - ERROR - Error rendering process text: invalid color argument
2025-05-30 15:28:48,660 - ERROR - Error rendering process text: invalid color argument
2025-05-30 15:28:48,664 - ERROR - Error rendering process text: invalid color argument
2025-05-30 15:28:48,666 - ERROR - Error rendering process text: invalid color argument
2025-05-30 15:28:48,673 - ERROR - Error rendering process text: invalid color argument
2025-05-30 15:28:48,700 - ERROR - Error rendering process text: invalid color argument
2025-05-30 15:28:48,708 - ERROR - Error rendering process text: invalid color argument
2025-05-30 15:28:48,711 - ERROR - Error rendering process text: invalid color argument
2025-05-30 15:28:48,714 - ERROR - Error rendering process text: invalid color argument
2025-05-30 15:28:48,762 - ERROR - Error rendering process text: invalid color argument
2025-05-30 15:28:48,764 - ERROR - Error rendering process text: invalid color argument
2025-05-30 15:28:48,769 - ERROR - Error rendering process text: invalid color argument
2025-05-30 15:28:48,772 - ERROR - Error rendering process text: invalid color argument
2025-05-30 15:28:48,810 - ERROR - Error rendering process text: invalid color argument
2025-05-30 15:28:48,814 - ERROR - Error rendering process text: invalid color argument
2025-05-30 15:28:48,819 - ERROR - Error rendering process text: invalid color argument
2025-05-30 15:28:48,824 - ERROR - Error rendering process text: invalid color argument
2025-05-30 15:28:48,858 - ERROR - Error rendering process text: invalid color argument
2025-05-30 15:28:48,861 - ERROR - Error rendering process text: invalid color argument
2025-05-30 15:28:48,864 - ERROR - Error rendering process text: invalid color argument
2025-05-30 15:28:48,870 - ERROR - Error rendering process text: invalid color argument
2025-05-30 15:28:48,908 - ERROR - Error rendering process text: invalid color argument
2025-05-30 15:28:48,914 - ERROR - Error rendering process text: invalid color argument
2025-05-30 15:28:48,920 - ERROR - Error rendering process text: invalid color argument
2025-05-30 15:28:48,927 - ERROR - Error rendering process text: invalid color argument
2025-05-30 15:28:48,964 - ERROR - Error rendering process text: invalid color argument
2025-05-30 15:28:48,975 - ERROR - Error rendering process text: invalid color argument
2025-05-30 15:28:48,978 - ERROR - Error rendering process text: invalid color argument
2025-05-30 15:28:48,986 - ERROR - Error rendering process text: invalid color argument
2025-05-30 15:28:49,012 - ERROR - Error rendering process text: invalid color argument
2025-05-30 15:28:49,031 - ERROR - Error rendering process text: invalid color argument
2025-05-30 15:28:49,060 - ERROR - Error rendering process text: invalid color argument
2025-05-30 15:28:49,091 - ERROR - Error rendering process text: invalid color argument
2025-05-30 15:28:49,204 - ERROR - Error rendering process text: invalid color argument
2025-05-30 15:28:49,206 - ERROR - Error rendering process text: invalid color argument
2025-05-30 15:28:49,209 - ERROR - Error rendering process text: invalid color argument
2025-05-30 15:28:49,237 - ERROR - Error rendering process text: invalid color argument
2025-05-30 15:28:49,754 - ERROR - Error rendering process text: invalid color argument
2025-05-30 15:28:49,782 - ERROR - Error rendering process text: invalid color argument
2025-05-30 15:28:49,887 - ERROR - Error rendering process text: invalid color argument
2025-05-30 15:28:49,934 - ERROR - Error rendering process text: invalid color argument
2025-05-30 15:28:50,483 - ERROR - Error rendering process text: invalid color argument
2025-05-30 15:28:50,585 - ERROR - Error rendering process text: invalid color argument
2025-05-30 15:28:50,726 - ERROR - Error rendering process text: invalid color argument
2025-05-30 15:28:50,868 - ERROR - Error rendering process text: invalid color argument
2025-05-30 15:28:51,071 - ERROR - Error rendering process text: invalid color argument
2025-05-30 15:28:51,205 - ERROR - Error rendering process text: invalid color argument
2025-05-30 15:28:51,348 - ERROR - Error rendering process text: invalid color argument
2025-05-30 15:28:51,609 - ERROR - Error rendering process text: invalid color argument
2025-05-30 15:28:52,167 - ERROR - Error rendering process text: invalid color argument
2025-05-30 15:28:52,269 - ERROR - Error rendering process text: invalid color argument
2025-05-30 15:28:52,390 - ERROR - Error rendering process text: invalid color argument
2025-05-30 15:28:52,632 - ERROR - Error rendering process text: invalid color argument
2025-05-30 15:28:54,297 - ERROR - Error rendering process text: invalid color argument
2025-05-30 15:28:54,426 - ERROR - Error rendering process text: invalid color argument
2025-05-30 15:28:54,475 - ERROR - Error rendering process text: invalid color argument
2025-05-30 15:28:54,478 - ERROR - Error rendering process text: invalid color argument
2025-05-30 15:28:54,495 - ERROR - Error rendering process text: invalid color argument
2025-05-30 15:28:54,497 - ERROR - Error rendering process text: invalid color argument
2025-05-30 15:28:54,498 - ERROR - Error rendering process text: invalid color argument
2025-05-30 15:28:54,502 - ERROR - Error rendering process text: invalid color argument
2025-05-30 15:28:54,549 - ERROR - Error rendering process text: invalid color argument
2025-05-30 15:28:54,553 - ERROR - Error rendering process text: invalid color argument
2025-05-30 15:28:54,555 - ERROR - Error rendering process text: invalid color argument
2025-05-30 15:28:54,560 - ERROR - Error rendering process text: invalid color argument
2025-05-30 15:28:54,601 - ERROR - Error rendering process text: invalid color argument
2025-05-30 15:28:54,604 - ERROR - Error rendering process text: invalid color argument
2025-05-30 15:28:54,608 - ERROR - Error rendering process text: invalid color argument
2025-05-30 15:28:54,613 - ERROR - Error rendering process text: invalid color argument
2025-05-30 15:28:54,652 - ERROR - Error rendering process text: invalid color argument
2025-05-30 15:28:54,657 - ERROR - Error rendering process text: invalid color argument
2025-05-30 15:28:54,660 - ERROR - Error rendering process text: invalid color argument
2025-05-30 15:28:54,665 - ERROR - Error rendering process text: invalid color argument
2025-05-30 15:28:54,698 - ERROR - Error rendering process text: invalid color argument
2025-05-30 15:28:54,700 - ERROR - Error rendering process text: invalid color argument
2025-05-30 15:28:54,703 - ERROR - Error rendering process text: invalid color argument
2025-05-30 15:28:54,709 - ERROR - Error rendering process text: invalid color argument
2025-05-30 15:28:54,755 - ERROR - Error rendering process text: invalid color argument
2025-05-30 15:28:54,759 - ERROR - Error rendering process text: invalid color argument
2025-05-30 15:28:54,762 - ERROR - Error rendering process text: invalid color argument
2025-05-30 15:28:54,766 - ERROR - Error rendering process text: invalid color argument
2025-05-30 15:28:54,797 - ERROR - Error rendering process text: invalid color argument
2025-05-30 15:28:54,799 - ERROR - Error rendering process text: invalid color argument
2025-05-30 15:28:54,801 - ERROR - Error rendering process text: invalid color argument
2025-05-30 15:28:54,804 - ERROR - Error rendering process text: invalid color argument
2025-05-30 15:28:54,850 - ERROR - Error rendering process text: invalid color argument
2025-05-30 15:28:54,852 - ERROR - Error rendering process text: invalid color argument
2025-05-30 15:28:54,855 - ERROR - Error rendering process text: invalid color argument
2025-05-30 15:28:54,860 - ERROR - Error rendering process text: invalid color argument
2025-05-30 15:28:54,901 - ERROR - Error rendering process text: invalid color argument
2025-05-30 15:28:54,905 - ERROR - Error rendering process text: invalid color argument
2025-05-30 15:28:54,908 - ERROR - Error rendering process text: invalid color argument
2025-05-30 15:28:54,917 - ERROR - Error rendering process text: invalid color argument
2025-05-30 15:28:54,952 - ERROR - Error rendering process text: invalid color argument
2025-05-30 15:28:54,955 - ERROR - Error rendering process text: invalid color argument
2025-05-30 15:28:54,958 - ERROR - Error rendering process text: invalid color argument
2025-05-30 15:28:54,963 - ERROR - Error rendering process text: invalid color argument
2025-05-30 15:28:55,004 - ERROR - Error rendering process text: invalid color argument
2025-05-30 15:28:55,008 - ERROR - Error rendering process text: invalid color argument
2025-05-30 15:28:55,010 - ERROR - Error rendering process text: invalid color argument
2025-05-30 15:28:55,015 - ERROR - Error rendering process text: invalid color argument
2025-05-30 15:28:55,054 - ERROR - Error rendering process text: invalid color argument
2025-05-30 15:28:55,058 - ERROR - Error rendering process text: invalid color argument
2025-05-30 15:28:55,061 - ERROR - Error rendering process text: invalid color argument
2025-05-30 15:28:55,066 - ERROR - Error rendering process text: invalid color argument
2025-05-30 15:28:55,107 - ERROR - Error rendering process text: invalid color argument
2025-05-30 15:28:55,111 - ERROR - Error rendering process text: invalid color argument
2025-05-30 15:28:55,114 - ERROR - Error rendering process text: invalid color argument
2025-05-30 15:28:55,119 - ERROR - Error rendering process text: invalid color argument
2025-05-30 15:28:55,156 - ERROR - Error rendering process text: invalid color argument
2025-05-30 15:28:55,159 - ERROR - Error rendering process text: invalid color argument
2025-05-30 15:28:55,162 - ERROR - Error rendering process text: invalid color argument
2025-05-30 15:28:55,165 - ERROR - Error rendering process text: invalid color argument
2025-05-30 15:28:55,205 - ERROR - Error rendering process text: invalid color argument
2025-05-30 15:28:55,208 - ERROR - Error rendering process text: invalid color argument
2025-05-30 15:28:55,210 - ERROR - Error rendering process text: invalid color argument
2025-05-30 15:28:55,216 - ERROR - Error rendering process text: invalid color argument
2025-05-30 15:28:55,257 - ERROR - Error rendering process text: invalid color argument
2025-05-30 15:28:55,262 - ERROR - Error rendering process text: invalid color argument
2025-05-30 15:28:55,266 - ERROR - Error rendering process text: invalid color argument
2025-05-30 15:28:55,270 - ERROR - Error rendering process text: invalid color argument
2025-05-30 15:28:55,304 - ERROR - Error rendering process text: invalid color argument
2025-05-30 15:28:55,308 - ERROR - Error rendering process text: invalid color argument
2025-05-30 15:28:55,311 - ERROR - Error rendering process text: invalid color argument
2025-05-30 15:28:55,316 - ERROR - Error rendering process text: invalid color argument
2025-05-30 15:28:55,355 - ERROR - Error rendering process text: invalid color argument
2025-05-30 15:28:55,358 - ERROR - Error rendering process text: invalid color argument
2025-05-30 15:28:55,361 - ERROR - Error rendering process text: invalid color argument
2025-05-30 15:28:55,365 - ERROR - Error rendering process text: invalid color argument
2025-05-30 15:28:55,409 - ERROR - Error rendering process text: invalid color argument
2025-05-30 15:28:55,412 - ERROR - Error rendering process text: invalid color argument
2025-05-30 15:28:55,418 - ERROR - Error rendering process text: invalid color argument
2025-05-30 15:28:55,424 - ERROR - Error rendering process text: invalid color argument
2025-05-30 15:28:55,458 - ERROR - Error rendering process text: invalid color argument
2025-05-30 15:28:55,461 - ERROR - Error rendering process text: invalid color argument
2025-05-30 15:28:55,469 - ERROR - Error rendering process text: invalid color argument
2025-05-30 15:28:55,478 - ERROR - Error rendering process text: invalid color argument
2025-05-30 15:28:55,507 - ERROR - Error rendering process text: invalid color argument
2025-05-30 15:28:55,511 - ERROR - Error rendering process text: invalid color argument
2025-05-30 15:28:55,514 - ERROR - Error rendering process text: invalid color argument
2025-05-30 15:28:55,519 - ERROR - Error rendering process text: invalid color argument
2025-05-30 15:28:55,558 - ERROR - Error rendering process text: invalid color argument
2025-05-30 15:28:55,562 - ERROR - Error rendering process text: invalid color argument
2025-05-30 15:28:55,564 - ERROR - Error rendering process text: invalid color argument
2025-05-30 15:28:55,569 - ERROR - Error rendering process text: invalid color argument
2025-05-30 15:28:55,611 - ERROR - Error rendering process text: invalid color argument
2025-05-30 15:28:55,616 - ERROR - Error rendering process text: invalid color argument
2025-05-30 15:28:55,619 - ERROR - Error rendering process text: invalid color argument
2025-05-30 15:28:55,625 - ERROR - Error rendering process text: invalid color argument
2025-05-30 15:28:55,656 - ERROR - Error rendering process text: invalid color argument
2025-05-30 15:28:55,662 - ERROR - Error rendering process text: invalid color argument
2025-05-30 15:28:55,665 - ERROR - Error rendering process text: invalid color argument
2025-05-30 15:28:55,670 - ERROR - Error rendering process text: invalid color argument
2025-05-30 15:28:55,708 - ERROR - Error rendering process text: invalid color argument
2025-05-30 15:28:55,711 - ERROR - Error rendering process text: invalid color argument
2025-05-30 15:28:55,714 - ERROR - Error rendering process text: invalid color argument
2025-05-30 15:28:55,718 - ERROR - Error rendering process text: invalid color argument
2025-05-30 15:28:55,759 - ERROR - Error rendering process text: invalid color argument
2025-05-30 15:28:55,763 - ERROR - Error rendering process text: invalid color argument
2025-05-30 15:28:55,766 - ERROR - Error rendering process text: invalid color argument
2025-05-30 15:28:55,775 - ERROR - Error rendering process text: invalid color argument
2025-05-30 15:28:55,813 - ERROR - Error rendering process text: invalid color argument
2025-05-30 15:28:55,817 - ERROR - Error rendering process text: invalid color argument
2025-05-30 15:28:55,824 - ERROR - Error rendering process text: invalid color argument
2025-05-30 15:28:55,830 - ERROR - Error rendering process text: invalid color argument
2025-05-30 15:28:55,862 - ERROR - Error rendering process text: invalid color argument
2025-05-30 15:28:55,865 - ERROR - Error rendering process text: invalid color argument
2025-05-30 15:28:55,868 - ERROR - Error rendering process text: invalid color argument
2025-05-30 15:28:55,872 - ERROR - Error rendering process text: invalid color argument
2025-05-30 15:28:55,910 - ERROR - Error rendering process text: invalid color argument
2025-05-30 15:28:55,915 - ERROR - Error rendering process text: invalid color argument
2025-05-30 15:28:55,918 - ERROR - Error rendering process text: invalid color argument
2025-05-30 15:28:55,923 - ERROR - Error rendering process text: invalid color argument
2025-05-30 15:28:55,963 - ERROR - Error rendering process text: invalid color argument
2025-05-30 15:28:55,970 - ERROR - Error rendering process text: invalid color argument
2025-05-30 15:28:55,974 - ERROR - Error rendering process text: invalid color argument
2025-05-30 15:28:55,981 - ERROR - Error rendering process text: invalid color argument
2025-05-30 15:28:56,007 - ERROR - Error rendering process text: invalid color argument
2025-05-30 15:28:56,013 - ERROR - Error rendering process text: invalid color argument
2025-05-30 15:28:56,017 - ERROR - Error rendering process text: invalid color argument
2025-05-30 15:28:56,022 - ERROR - Error rendering process text: invalid color argument
2025-05-30 15:28:56,061 - ERROR - Error rendering process text: invalid color argument
2025-05-30 15:28:56,065 - ERROR - Error rendering process text: invalid color argument
2025-05-30 15:28:56,067 - ERROR - Error rendering process text: invalid color argument
2025-05-30 15:28:56,071 - ERROR - Error rendering process text: invalid color argument
2025-05-30 15:28:56,114 - ERROR - Error rendering process text: invalid color argument
2025-05-30 15:28:56,117 - ERROR - Error rendering process text: invalid color argument
2025-05-30 15:28:56,121 - ERROR - Error rendering process text: invalid color argument
2025-05-30 15:28:56,127 - ERROR - Error rendering process text: invalid color argument
2025-05-30 15:28:56,163 - ERROR - Error rendering process text: invalid color argument
2025-05-30 15:28:56,166 - ERROR - Error rendering process text: invalid color argument
2025-05-30 15:28:56,168 - ERROR - Error rendering process text: invalid color argument
2025-05-30 15:28:56,170 - ERROR - Error rendering process text: invalid color argument
2025-05-30 15:28:56,206 - ERROR - Error rendering process text: invalid color argument
2025-05-30 15:28:56,209 - ERROR - Error rendering process text: invalid color argument
2025-05-30 15:28:56,211 - ERROR - Error rendering process text: invalid color argument
2025-05-30 15:28:56,215 - ERROR - Error rendering process text: invalid color argument
2025-05-30 15:28:56,262 - ERROR - Error rendering process text: invalid color argument
2025-05-30 15:28:56,265 - ERROR - Error rendering process text: invalid color argument
2025-05-30 15:28:56,267 - ERROR - Error rendering process text: invalid color argument
2025-05-30 15:28:56,270 - ERROR - Error rendering process text: invalid color argument
2025-05-30 15:28:56,307 - ERROR - Error rendering process text: invalid color argument
2025-05-30 15:28:56,310 - ERROR - Error rendering process text: invalid color argument
2025-05-30 15:28:56,312 - ERROR - Error rendering process text: invalid color argument
2025-05-30 15:28:56,314 - ERROR - Error rendering process text: invalid color argument
2025-05-30 15:28:56,361 - ERROR - Error rendering process text: invalid color argument
2025-05-30 15:28:56,364 - ERROR - Error rendering process text: invalid color argument
2025-05-30 15:28:56,367 - ERROR - Error rendering process text: invalid color argument
2025-05-30 15:28:56,372 - ERROR - Error rendering process text: invalid color argument
2025-05-30 15:28:56,412 - ERROR - Error rendering process text: invalid color argument
2025-05-30 15:28:56,415 - ERROR - Error rendering process text: invalid color argument
2025-05-30 15:28:56,419 - ERROR - Error rendering process text: invalid color argument
2025-05-30 15:28:56,423 - ERROR - Error rendering process text: invalid color argument
2025-05-30 15:28:56,464 - ERROR - Error rendering process text: invalid color argument
2025-05-30 15:28:56,469 - ERROR - Error rendering process text: invalid color argument
2025-05-30 15:28:56,473 - ERROR - Error rendering process text: invalid color argument
2025-05-30 15:28:56,482 - ERROR - Error rendering process text: invalid color argument
2025-05-30 15:28:57,641 - ERROR - Error rendering process text: invalid color argument
2025-05-30 15:28:57,726 - ERROR - Error rendering process text: invalid color argument
2025-05-30 15:28:57,792 - ERROR - Error rendering process text: invalid color argument
2025-05-30 15:28:57,954 - ERROR - Error rendering process text: invalid color argument
2025-05-30 15:28:58,874 - ERROR - Error rendering process text: invalid color argument
2025-05-30 15:28:58,985 - ERROR - Error rendering process text: invalid color argument
2025-05-30 15:28:59,073 - ERROR - Error rendering process text: invalid color argument
2025-05-30 15:28:59,249 - ERROR - Error rendering process text: invalid color argument
2025-05-30 15:29:00,065 - ERROR - Error rendering process text: invalid color argument
2025-05-30 15:29:00,066 - ERROR - Error rendering process text: invalid color argument
2025-05-30 15:29:00,067 - ERROR - Error rendering process text: invalid color argument
2025-05-30 15:29:00,070 - ERROR - Error rendering process text: invalid color argument
2025-05-30 15:29:00,088 - ERROR - Error rendering process text: invalid color argument
2025-05-30 15:29:00,090 - ERROR - Error rendering process text: invalid color argument
2025-05-30 15:29:00,092 - ERROR - Error rendering process text: invalid color argument
2025-05-30 15:29:00,096 - ERROR - Error rendering process text: invalid color argument
2025-05-30 15:29:00,135 - ERROR - Error rendering process text: invalid color argument
2025-05-30 15:29:00,136 - ERROR - Error rendering process text: invalid color argument
2025-05-30 15:29:00,138 - ERROR - Error rendering process text: invalid color argument
2025-05-30 15:29:00,142 - ERROR - Error rendering process text: invalid color argument
2025-05-30 15:29:00,185 - ERROR - Error rendering process text: invalid color argument
2025-05-30 15:29:00,186 - ERROR - Error rendering process text: invalid color argument
2025-05-30 15:29:00,189 - ERROR - Error rendering process text: invalid color argument
2025-05-30 15:29:00,192 - ERROR - Error rendering process text: invalid color argument
2025-05-30 15:29:00,234 - ERROR - Error rendering process text: invalid color argument
2025-05-30 15:29:00,236 - ERROR - Error rendering process text: invalid color argument
2025-05-30 15:29:00,239 - ERROR - Error rendering process text: invalid color argument
2025-05-30 15:29:00,245 - ERROR - Error rendering process text: invalid color argument
2025-05-30 15:29:00,300 - ERROR - Error rendering process text: invalid color argument
2025-05-30 15:29:00,304 - ERROR - Error rendering process text: invalid color argument
2025-05-30 15:29:00,308 - ERROR - Error rendering process text: invalid color argument
2025-05-30 15:29:00,316 - ERROR - Error rendering process text: invalid color argument
2025-05-30 15:29:00,359 - ERROR - Error rendering process text: invalid color argument
2025-05-30 15:29:00,362 - ERROR - Error rendering process text: invalid color argument
2025-05-30 15:29:00,368 - ERROR - Error rendering process text: invalid color argument
2025-05-30 15:29:00,374 - ERROR - Error rendering process text: invalid color argument
2025-05-30 15:29:00,404 - ERROR - Error rendering process text: invalid color argument
2025-05-30 15:29:00,405 - ERROR - Error rendering process text: invalid color argument
2025-05-30 15:29:00,407 - ERROR - Error rendering process text: invalid color argument
2025-05-30 15:29:00,410 - ERROR - Error rendering process text: invalid color argument
2025-05-30 15:29:00,464 - ERROR - Error rendering process text: invalid color argument
2025-05-30 15:29:00,471 - ERROR - Error rendering process text: invalid color argument
2025-05-30 15:29:00,477 - ERROR - Error rendering process text: invalid color argument
2025-05-30 15:29:00,486 - ERROR - Error rendering process text: invalid color argument
2025-05-30 15:29:00,534 - ERROR - Error rendering process text: invalid color argument
2025-05-30 15:29:00,539 - ERROR - Error rendering process text: invalid color argument
2025-05-30 15:29:00,544 - ERROR - Error rendering process text: invalid color argument
2025-05-30 15:29:00,550 - ERROR - Error rendering process text: invalid color argument
2025-05-30 15:29:00,607 - ERROR - Error rendering process text: invalid color argument
2025-05-30 15:29:00,609 - ERROR - Error rendering process text: invalid color argument
2025-05-30 15:29:00,610 - ERROR - Error rendering process text: invalid color argument
2025-05-30 15:29:00,618 - ERROR - Error rendering process text: invalid color argument
2025-05-30 15:29:00,642 - ERROR - Error rendering process text: invalid color argument
2025-05-30 15:29:00,644 - ERROR - Error rendering process text: invalid color argument
2025-05-30 15:29:00,648 - ERROR - Error rendering process text: invalid color argument
2025-05-30 15:29:00,652 - ERROR - Error rendering process text: invalid color argument
2025-05-30 15:29:00,693 - ERROR - Error rendering process text: invalid color argument
2025-05-30 15:29:00,697 - ERROR - Error rendering process text: invalid color argument
2025-05-30 15:29:00,699 - ERROR - Error rendering process text: invalid color argument
2025-05-30 15:29:00,702 - ERROR - Error rendering process text: invalid color argument
2025-05-30 15:29:00,744 - ERROR - Error rendering process text: invalid color argument
2025-05-30 15:29:00,748 - ERROR - Error rendering process text: invalid color argument
2025-05-30 15:29:00,751 - ERROR - Error rendering process text: invalid color argument
2025-05-30 15:29:00,757 - ERROR - Error rendering process text: invalid color argument
2025-05-30 15:29:00,795 - ERROR - Error rendering process text: invalid color argument
2025-05-30 15:29:00,799 - ERROR - Error rendering process text: invalid color argument
2025-05-30 15:29:00,801 - ERROR - Error rendering process text: invalid color argument
2025-05-30 15:29:00,804 - ERROR - Error rendering process text: invalid color argument
2025-05-30 15:29:00,847 - ERROR - Error rendering process text: invalid color argument
2025-05-30 15:29:00,853 - ERROR - Error rendering process text: invalid color argument
2025-05-30 15:29:00,856 - ERROR - Error rendering process text: invalid color argument
2025-05-30 15:29:00,859 - ERROR - Error rendering process text: invalid color argument
2025-05-30 15:29:00,898 - ERROR - Error rendering process text: invalid color argument
2025-05-30 15:29:00,901 - ERROR - Error rendering process text: invalid color argument
2025-05-30 15:29:00,904 - ERROR - Error rendering process text: invalid color argument
2025-05-30 15:29:00,909 - ERROR - Error rendering process text: invalid color argument
2025-05-30 15:29:00,944 - ERROR - Error rendering process text: invalid color argument
2025-05-30 15:29:00,945 - ERROR - Error rendering process text: invalid color argument
2025-05-30 15:29:00,946 - ERROR - Error rendering process text: invalid color argument
2025-05-30 15:29:00,950 - ERROR - Error rendering process text: invalid color argument
2025-05-30 15:29:00,993 - ERROR - Error rendering process text: invalid color argument
2025-05-30 15:29:00,994 - ERROR - Error rendering process text: invalid color argument
2025-05-30 15:29:00,995 - ERROR - Error rendering process text: invalid color argument
2025-05-30 15:29:00,998 - ERROR - Error rendering process text: invalid color argument
2025-05-30 15:29:01,044 - ERROR - Error rendering process text: invalid color argument
2025-05-30 15:29:01,045 - ERROR - Error rendering process text: invalid color argument
2025-05-30 15:29:01,049 - ERROR - Error rendering process text: invalid color argument
2025-05-30 15:29:01,051 - ERROR - Error rendering process text: invalid color argument
2025-05-30 15:29:01,094 - ERROR - Error rendering process text: invalid color argument
2025-05-30 15:29:01,097 - ERROR - Error rendering process text: invalid color argument
2025-05-30 15:29:01,098 - ERROR - Error rendering process text: invalid color argument
2025-05-30 15:29:01,100 - ERROR - Error rendering process text: invalid color argument
2025-05-30 15:29:01,152 - ERROR - Error rendering process text: invalid color argument
2025-05-30 15:29:01,156 - ERROR - Error rendering process text: invalid color argument
2025-05-30 15:29:01,158 - ERROR - Error rendering process text: invalid color argument
2025-05-30 15:29:01,165 - ERROR - Error rendering process text: invalid color argument
2025-05-30 15:29:01,211 - ERROR - Error rendering process text: invalid color argument
2025-05-30 15:29:01,218 - ERROR - Error rendering process text: invalid color argument
2025-05-30 15:29:01,223 - ERROR - Error rendering process text: invalid color argument
2025-05-30 15:29:01,227 - ERROR - Error rendering process text: invalid color argument
2025-05-30 15:29:01,260 - ERROR - Error rendering process text: invalid color argument
2025-05-30 15:29:01,268 - ERROR - Error rendering process text: invalid color argument
2025-05-30 15:29:01,274 - ERROR - Error rendering process text: invalid color argument
2025-05-30 15:29:01,280 - ERROR - Error rendering process text: invalid color argument
2025-05-30 15:29:01,309 - ERROR - Error rendering process text: invalid color argument
2025-05-30 15:29:01,311 - ERROR - Error rendering process text: invalid color argument
2025-05-30 15:29:01,314 - ERROR - Error rendering process text: invalid color argument
2025-05-30 15:29:01,318 - ERROR - Error rendering process text: invalid color argument
2025-05-30 15:29:01,364 - ERROR - Error rendering process text: invalid color argument
2025-05-30 15:29:01,367 - ERROR - Error rendering process text: invalid color argument
2025-05-30 15:29:01,372 - ERROR - Error rendering process text: invalid color argument
2025-05-30 15:29:01,378 - ERROR - Error rendering process text: invalid color argument
2025-05-30 15:29:01,418 - ERROR - Error rendering process text: invalid color argument
2025-05-30 15:29:01,420 - ERROR - Error rendering process text: invalid color argument
2025-05-30 15:29:01,424 - ERROR - Error rendering process text: invalid color argument
2025-05-30 15:29:01,429 - ERROR - Error rendering process text: invalid color argument
2025-05-30 15:29:01,465 - ERROR - Error rendering process text: invalid color argument
2025-05-30 15:29:01,468 - ERROR - Error rendering process text: invalid color argument
2025-05-30 15:29:01,472 - ERROR - Error rendering process text: invalid color argument
2025-05-30 15:29:01,475 - ERROR - Error rendering process text: invalid color argument
2025-05-30 15:29:01,515 - ERROR - Error rendering process text: invalid color argument
2025-05-30 15:29:01,517 - ERROR - Error rendering process text: invalid color argument
2025-05-30 15:29:01,520 - ERROR - Error rendering process text: invalid color argument
2025-05-30 15:29:01,524 - ERROR - Error rendering process text: invalid color argument
2025-05-30 15:29:01,568 - ERROR - Error rendering process text: invalid color argument
2025-05-30 15:29:01,570 - ERROR - Error rendering process text: invalid color argument
2025-05-30 15:29:01,574 - ERROR - Error rendering process text: invalid color argument
2025-05-30 15:29:01,580 - ERROR - Error rendering process text: invalid color argument
2025-05-30 15:29:01,621 - ERROR - Error rendering process text: invalid color argument
2025-05-30 15:29:01,623 - ERROR - Error rendering process text: invalid color argument
2025-05-30 15:29:01,627 - ERROR - Error rendering process text: invalid color argument
2025-05-30 15:29:01,631 - ERROR - Error rendering process text: invalid color argument
2025-05-30 15:29:01,667 - ERROR - Error rendering process text: invalid color argument
2025-05-30 15:29:01,669 - ERROR - Error rendering process text: invalid color argument
2025-05-30 15:29:01,671 - ERROR - Error rendering process text: invalid color argument
2025-05-30 15:29:01,675 - ERROR - Error rendering process text: invalid color argument
2025-05-30 15:29:01,718 - ERROR - Error rendering process text: invalid color argument
2025-05-30 15:29:01,721 - ERROR - Error rendering process text: invalid color argument
2025-05-30 15:29:01,724 - ERROR - Error rendering process text: invalid color argument
2025-05-30 15:29:01,727 - ERROR - Error rendering process text: invalid color argument
2025-05-30 15:29:01,769 - ERROR - Error rendering process text: invalid color argument
2025-05-30 15:29:01,771 - ERROR - Error rendering process text: invalid color argument
2025-05-30 15:29:01,773 - ERROR - Error rendering process text: invalid color argument
2025-05-30 15:29:01,778 - ERROR - Error rendering process text: invalid color argument
2025-05-30 15:29:01,821 - ERROR - Error rendering process text: invalid color argument
2025-05-30 15:29:01,823 - ERROR - Error rendering process text: invalid color argument
2025-05-30 15:29:01,826 - ERROR - Error rendering process text: invalid color argument
2025-05-30 15:29:01,829 - ERROR - Error rendering process text: invalid color argument
2025-05-30 15:29:01,870 - ERROR - Error rendering process text: invalid color argument
2025-05-30 15:29:01,873 - ERROR - Error rendering process text: invalid color argument
2025-05-30 15:29:01,875 - ERROR - Error rendering process text: invalid color argument
2025-05-30 15:29:01,881 - ERROR - Error rendering process text: invalid color argument
2025-05-30 15:29:01,923 - ERROR - Error rendering process text: invalid color argument
2025-05-30 15:29:01,925 - ERROR - Error rendering process text: invalid color argument
2025-05-30 15:29:01,927 - ERROR - Error rendering process text: invalid color argument
2025-05-30 15:29:01,930 - ERROR - Error rendering process text: invalid color argument
2025-05-30 15:29:01,970 - ERROR - Error rendering process text: invalid color argument
2025-05-30 15:29:01,971 - ERROR - Error rendering process text: invalid color argument
2025-05-30 15:29:01,972 - ERROR - Error rendering process text: invalid color argument
2025-05-30 15:29:01,975 - ERROR - Error rendering process text: invalid color argument
2025-05-30 15:29:02,020 - ERROR - Error rendering process text: invalid color argument
2025-05-30 15:29:02,023 - ERROR - Error rendering process text: invalid color argument
2025-05-30 15:29:02,024 - ERROR - Error rendering process text: invalid color argument
2025-05-30 15:29:02,026 - ERROR - Error rendering process text: invalid color argument
2025-05-30 15:29:02,073 - ERROR - Error rendering process text: invalid color argument
2025-05-30 15:29:02,075 - ERROR - Error rendering process text: invalid color argument
2025-05-30 15:29:02,077 - ERROR - Error rendering process text: invalid color argument
2025-05-30 15:29:02,079 - ERROR - Error rendering process text: invalid color argument
2025-05-30 15:29:03,035 - ERROR - Error rendering process text: invalid color argument
2025-05-30 15:29:03,086 - ERROR - Error rendering process text: invalid color argument
2025-05-30 15:29:03,172 - ERROR - Error rendering process text: invalid color argument
2025-05-30 15:29:03,363 - ERROR - Error rendering process text: invalid color argument
2025-05-30 15:29:04,449 - ERROR - Error rendering process text: invalid color argument
2025-05-30 15:29:04,581 - ERROR - Error rendering process text: invalid color argument
2025-05-30 15:29:04,667 - ERROR - Error rendering process text: invalid color argument
2025-05-30 15:29:04,864 - ERROR - Error rendering process text: invalid color argument
2025-05-30 15:29:05,616 - ERROR - Error rendering process text: invalid color argument
2025-05-30 15:29:05,703 - ERROR - Error rendering process text: invalid color argument
2025-05-30 15:29:05,790 - ERROR - Error rendering process text: invalid color argument
2025-05-30 15:29:05,945 - ERROR - Error rendering process text: invalid color argument
2025-05-30 15:29:06,038 - ERROR - Error rendering process text: invalid color argument
2025-05-30 15:29:06,040 - ERROR - Error rendering process text: invalid color argument
2025-05-30 15:29:06,041 - ERROR - Error rendering process text: invalid color argument
2025-05-30 15:29:06,044 - ERROR - Error rendering process text: invalid color argument
2025-05-30 15:29:06,075 - ERROR - Error rendering process text: invalid color argument
2025-05-30 15:29:06,077 - ERROR - Error rendering process text: invalid color argument
2025-05-30 15:29:06,078 - ERROR - Error rendering process text: invalid color argument
2025-05-30 15:29:06,082 - ERROR - Error rendering process text: invalid color argument
2025-05-30 15:29:06,132 - ERROR - Error rendering process text: invalid color argument
2025-05-30 15:29:06,138 - ERROR - Error rendering process text: invalid color argument
2025-05-30 15:29:06,142 - ERROR - Error rendering process text: invalid color argument
2025-05-30 15:29:06,148 - ERROR - Error rendering process text: invalid color argument
2025-05-30 15:29:06,183 - ERROR - Error rendering process text: invalid color argument
2025-05-30 15:29:06,191 - ERROR - Error rendering process text: invalid color argument
2025-05-30 15:29:06,195 - ERROR - Error rendering process text: invalid color argument
2025-05-30 15:29:06,199 - ERROR - Error rendering process text: invalid color argument
2025-05-30 15:29:06,234 - ERROR - Error rendering process text: invalid color argument
2025-05-30 15:29:06,242 - ERROR - Error rendering process text: invalid color argument
2025-05-30 15:29:06,246 - ERROR - Error rendering process text: invalid color argument
2025-05-30 15:29:06,251 - ERROR - Error rendering process text: invalid color argument
2025-05-30 15:29:06,292 - ERROR - Error rendering process text: invalid color argument
2025-05-30 15:29:06,296 - ERROR - Error rendering process text: invalid color argument
2025-05-30 15:29:06,299 - ERROR - Error rendering process text: invalid color argument
2025-05-30 15:29:06,308 - ERROR - Error rendering process text: invalid color argument
2025-05-30 15:29:06,346 - ERROR - Error rendering process text: invalid color argument
2025-05-30 15:29:06,352 - ERROR - Error rendering process text: invalid color argument
2025-05-30 15:29:06,357 - ERROR - Error rendering process text: invalid color argument
2025-05-30 15:29:06,362 - ERROR - Error rendering process text: invalid color argument
2025-05-30 15:29:06,396 - ERROR - Error rendering process text: invalid color argument
2025-05-30 15:29:06,400 - ERROR - Error rendering process text: invalid color argument
2025-05-30 15:29:06,403 - ERROR - Error rendering process text: invalid color argument
2025-05-30 15:29:06,408 - ERROR - Error rendering process text: invalid color argument
2025-05-30 15:29:06,445 - ERROR - Error rendering process text: invalid color argument
2025-05-30 15:29:06,449 - ERROR - Error rendering process text: invalid color argument
2025-05-30 15:29:06,452 - ERROR - Error rendering process text: invalid color argument
2025-05-30 15:29:06,458 - ERROR - Error rendering process text: invalid color argument
2025-05-30 15:29:06,495 - ERROR - Error rendering process text: invalid color argument
2025-05-30 15:29:06,498 - ERROR - Error rendering process text: invalid color argument
2025-05-30 15:29:06,502 - ERROR - Error rendering process text: invalid color argument
2025-05-30 15:29:06,508 - ERROR - Error rendering process text: invalid color argument
2025-05-30 15:29:06,547 - ERROR - Error rendering process text: invalid color argument
2025-05-30 15:29:06,550 - ERROR - Error rendering process text: invalid color argument
2025-05-30 15:29:06,555 - ERROR - Error rendering process text: invalid color argument
2025-05-30 15:29:06,560 - ERROR - Error rendering process text: invalid color argument
2025-05-30 15:29:06,596 - ERROR - Error rendering process text: invalid color argument
2025-05-30 15:29:06,602 - ERROR - Error rendering process text: invalid color argument
2025-05-30 15:29:06,605 - ERROR - Error rendering process text: invalid color argument
2025-05-30 15:29:06,610 - ERROR - Error rendering process text: invalid color argument
2025-05-30 15:29:06,647 - ERROR - Error rendering process text: invalid color argument
2025-05-30 15:29:06,651 - ERROR - Error rendering process text: invalid color argument
2025-05-30 15:29:06,655 - ERROR - Error rendering process text: invalid color argument
2025-05-30 15:29:06,661 - ERROR - Error rendering process text: invalid color argument
2025-05-30 15:29:06,696 - ERROR - Error rendering process text: invalid color argument
2025-05-30 15:29:06,700 - ERROR - Error rendering process text: invalid color argument
2025-05-30 15:29:06,703 - ERROR - Error rendering process text: invalid color argument
2025-05-30 15:29:06,712 - ERROR - Error rendering process text: invalid color argument
2025-05-30 15:29:06,749 - ERROR - Error rendering process text: invalid color argument
2025-05-30 15:29:06,752 - ERROR - Error rendering process text: invalid color argument
2025-05-30 15:29:06,755 - ERROR - Error rendering process text: invalid color argument
2025-05-30 15:29:06,761 - ERROR - Error rendering process text: invalid color argument
2025-05-30 15:29:06,798 - ERROR - Error rendering process text: invalid color argument
2025-05-30 15:29:06,801 - ERROR - Error rendering process text: invalid color argument
2025-05-30 15:29:06,806 - ERROR - Error rendering process text: invalid color argument
2025-05-30 15:29:06,811 - ERROR - Error rendering process text: invalid color argument
2025-05-30 15:29:06,849 - ERROR - Error rendering process text: invalid color argument
2025-05-30 15:29:06,853 - ERROR - Error rendering process text: invalid color argument
2025-05-30 15:29:06,856 - ERROR - Error rendering process text: invalid color argument
2025-05-30 15:29:06,862 - ERROR - Error rendering process text: invalid color argument
2025-05-30 15:29:06,898 - ERROR - Error rendering process text: invalid color argument
2025-05-30 15:29:06,901 - ERROR - Error rendering process text: invalid color argument
2025-05-30 15:29:06,905 - ERROR - Error rendering process text: invalid color argument
2025-05-30 15:29:06,910 - ERROR - Error rendering process text: invalid color argument
2025-05-30 15:29:06,948 - ERROR - Error rendering process text: invalid color argument
2025-05-30 15:29:06,951 - ERROR - Error rendering process text: invalid color argument
2025-05-30 15:29:06,956 - ERROR - Error rendering process text: invalid color argument
2025-05-30 15:29:06,962 - ERROR - Error rendering process text: invalid color argument
2025-05-30 15:29:06,999 - ERROR - Error rendering process text: invalid color argument
2025-05-30 15:29:07,004 - ERROR - Error rendering process text: invalid color argument
2025-05-30 15:29:07,008 - ERROR - Error rendering process text: invalid color argument
2025-05-30 15:29:07,013 - ERROR - Error rendering process text: invalid color argument
2025-05-30 15:29:07,050 - ERROR - Error rendering process text: invalid color argument
2025-05-30 15:29:07,055 - ERROR - Error rendering process text: invalid color argument
2025-05-30 15:29:07,057 - ERROR - Error rendering process text: invalid color argument
2025-05-30 15:29:07,063 - ERROR - Error rendering process text: invalid color argument
2025-05-30 15:29:07,104 - ERROR - Error rendering process text: invalid color argument
2025-05-30 15:29:07,108 - ERROR - Error rendering process text: invalid color argument
2025-05-30 15:29:07,111 - ERROR - Error rendering process text: invalid color argument
2025-05-30 15:29:07,115 - ERROR - Error rendering process text: invalid color argument
2025-05-30 15:29:07,147 - ERROR - Error rendering process text: invalid color argument
2025-05-30 15:29:07,149 - ERROR - Error rendering process text: invalid color argument
2025-05-30 15:29:07,151 - ERROR - Error rendering process text: invalid color argument
2025-05-30 15:29:07,155 - ERROR - Error rendering process text: invalid color argument
2025-05-30 15:29:07,195 - ERROR - Error rendering process text: invalid color argument
2025-05-30 15:29:07,198 - ERROR - Error rendering process text: invalid color argument
2025-05-30 15:29:07,201 - ERROR - Error rendering process text: invalid color argument
2025-05-30 15:29:07,207 - ERROR - Error rendering process text: invalid color argument
2025-05-30 15:29:07,249 - ERROR - Error rendering process text: invalid color argument
2025-05-30 15:29:07,254 - ERROR - Error rendering process text: invalid color argument
2025-05-30 15:29:07,258 - ERROR - Error rendering process text: invalid color argument
2025-05-30 15:29:07,264 - ERROR - Error rendering process text: invalid color argument
2025-05-30 15:29:07,300 - ERROR - Error rendering process text: invalid color argument
2025-05-30 15:29:07,305 - ERROR - Error rendering process text: invalid color argument
2025-05-30 15:29:07,307 - ERROR - Error rendering process text: invalid color argument
2025-05-30 15:29:07,313 - ERROR - Error rendering process text: invalid color argument
2025-05-30 15:29:07,352 - ERROR - Error rendering process text: invalid color argument
2025-05-30 15:29:07,355 - ERROR - Error rendering process text: invalid color argument
2025-05-30 15:29:07,360 - ERROR - Error rendering process text: invalid color argument
2025-05-30 15:29:07,365 - ERROR - Error rendering process text: invalid color argument
2025-05-30 15:29:07,402 - ERROR - Error rendering process text: invalid color argument
2025-05-30 15:29:07,407 - ERROR - Error rendering process text: invalid color argument
2025-05-30 15:29:07,410 - ERROR - Error rendering process text: invalid color argument
2025-05-30 15:29:07,415 - ERROR - Error rendering process text: invalid color argument
2025-05-30 15:29:07,450 - ERROR - Error rendering process text: invalid color argument
2025-05-30 15:29:07,455 - ERROR - Error rendering process text: invalid color argument
2025-05-30 15:29:07,458 - ERROR - Error rendering process text: invalid color argument
2025-05-30 15:29:07,463 - ERROR - Error rendering process text: invalid color argument
2025-05-30 15:29:07,501 - ERROR - Error rendering process text: invalid color argument
2025-05-30 15:29:07,505 - ERROR - Error rendering process text: invalid color argument
2025-05-30 15:29:07,508 - ERROR - Error rendering process text: invalid color argument
2025-05-30 15:29:07,513 - ERROR - Error rendering process text: invalid color argument
2025-05-30 15:29:07,552 - ERROR - Error rendering process text: invalid color argument
2025-05-30 15:29:07,557 - ERROR - Error rendering process text: invalid color argument
2025-05-30 15:29:07,561 - ERROR - Error rendering process text: invalid color argument
2025-05-30 15:29:07,566 - ERROR - Error rendering process text: invalid color argument
2025-05-30 15:29:07,602 - ERROR - Error rendering process text: invalid color argument
2025-05-30 15:29:07,606 - ERROR - Error rendering process text: invalid color argument
2025-05-30 15:29:07,609 - ERROR - Error rendering process text: invalid color argument
2025-05-30 15:29:07,614 - ERROR - Error rendering process text: invalid color argument
2025-05-30 15:29:07,661 - ERROR - Error rendering process text: invalid color argument
2025-05-30 15:29:07,665 - ERROR - Error rendering process text: invalid color argument
2025-05-30 15:29:07,668 - ERROR - Error rendering process text: invalid color argument
2025-05-30 15:29:07,674 - ERROR - Error rendering process text: invalid color argument
2025-05-30 15:29:07,709 - ERROR - Error rendering process text: invalid color argument
2025-05-30 15:29:07,713 - ERROR - Error rendering process text: invalid color argument
2025-05-30 15:29:07,716 - ERROR - Error rendering process text: invalid color argument
2025-05-30 15:29:07,722 - ERROR - Error rendering process text: invalid color argument
2025-05-30 15:29:07,763 - ERROR - Error rendering process text: invalid color argument
2025-05-30 15:29:07,769 - ERROR - Error rendering process text: invalid color argument
2025-05-30 15:29:07,776 - ERROR - Error rendering process text: invalid color argument
2025-05-30 15:29:07,782 - ERROR - Error rendering process text: invalid color argument
2025-05-30 15:29:07,815 - ERROR - Error rendering process text: invalid color argument
2025-05-30 15:29:07,819 - ERROR - Error rendering process text: invalid color argument
2025-05-30 15:29:07,822 - ERROR - Error rendering process text: invalid color argument
2025-05-30 15:29:07,828 - ERROR - Error rendering process text: invalid color argument
2025-05-30 15:29:07,865 - ERROR - Error rendering process text: invalid color argument
2025-05-30 15:29:07,868 - ERROR - Error rendering process text: invalid color argument
2025-05-30 15:29:07,872 - ERROR - Error rendering process text: invalid color argument
2025-05-30 15:29:07,877 - ERROR - Error rendering process text: invalid color argument
2025-05-30 15:29:07,915 - ERROR - Error rendering process text: invalid color argument
2025-05-30 15:29:07,919 - ERROR - Error rendering process text: invalid color argument
2025-05-30 15:29:07,923 - ERROR - Error rendering process text: invalid color argument
2025-05-30 15:29:07,928 - ERROR - Error rendering process text: invalid color argument
2025-05-30 15:29:07,964 - ERROR - Error rendering process text: invalid color argument
2025-05-30 15:29:07,969 - ERROR - Error rendering process text: invalid color argument
2025-05-30 15:29:07,973 - ERROR - Error rendering process text: invalid color argument
2025-05-30 15:29:07,978 - ERROR - Error rendering process text: invalid color argument
2025-05-30 15:29:08,015 - ERROR - Error rendering process text: invalid color argument
2025-05-30 15:29:08,018 - ERROR - Error rendering process text: invalid color argument
2025-05-30 15:29:08,023 - ERROR - Error rendering process text: invalid color argument
2025-05-30 15:29:08,028 - ERROR - Error rendering process text: invalid color argument
2025-05-30 15:29:09,139 - ERROR - Error rendering process text: invalid color argument
2025-05-30 15:29:09,235 - ERROR - Error rendering process text: invalid color argument
2025-05-30 15:29:09,321 - ERROR - Error rendering process text: invalid color argument
2025-05-30 15:29:09,455 - ERROR - Error rendering process text: invalid color argument
2025-05-30 15:29:10,558 - ERROR - Error rendering process text: invalid color argument
2025-05-30 15:29:10,674 - ERROR - Error rendering process text: invalid color argument
2025-05-30 15:29:10,738 - ERROR - Error rendering process text: invalid color argument
2025-05-30 15:29:10,890 - ERROR - Error rendering process text: invalid color argument
2025-05-30 15:29:10,904 - INFO - New process node created - PID: 7768, Name: firefox.exe, Parent PID: 10652
2025-05-30 15:29:10,910 - ERROR - Error rendering process text: invalid color argument
2025-05-30 15:29:10,912 - ERROR - Error rendering process text: invalid color argument
2025-05-30 15:29:10,912 - ERROR - Error rendering process text: invalid color argument
2025-05-30 15:29:10,914 - ERROR - Error rendering process text: invalid color argument
2025-05-30 15:29:10,958 - ERROR - Error rendering process text: invalid color argument
2025-05-30 15:29:10,960 - ERROR - Error rendering process text: invalid color argument
2025-05-30 15:29:10,965 - ERROR - Error rendering process text: invalid color argument
2025-05-30 15:29:10,969 - ERROR - Error rendering process text: invalid color argument
2025-05-30 15:29:11,010 - ERROR - Error rendering process text: invalid color argument
2025-05-30 15:29:11,014 - ERROR - Error rendering process text: invalid color argument
2025-05-30 15:29:11,016 - ERROR - Error rendering process text: invalid color argument
2025-05-30 15:29:11,020 - ERROR - Error rendering process text: invalid color argument
2025-05-30 15:29:11,057 - ERROR - Error rendering process text: invalid color argument
2025-05-30 15:29:11,060 - ERROR - Error rendering process text: invalid color argument
2025-05-30 15:29:11,063 - ERROR - Error rendering process text: invalid color argument
2025-05-30 15:29:11,067 - ERROR - Error rendering process text: invalid color argument
2025-05-30 15:29:11,107 - ERROR - Error rendering process text: invalid color argument
2025-05-30 15:29:11,110 - ERROR - Error rendering process text: invalid color argument
2025-05-30 15:29:11,112 - ERROR - Error rendering process text: invalid color argument
2025-05-30 15:29:11,116 - ERROR - Error rendering process text: invalid color argument
2025-05-30 15:29:11,158 - ERROR - Error rendering process text: invalid color argument
2025-05-30 15:29:11,162 - ERROR - Error rendering process text: invalid color argument
2025-05-30 15:29:11,164 - ERROR - Error rendering process text: invalid color argument
2025-05-30 15:29:11,167 - ERROR - Error rendering process text: invalid color argument
2025-05-30 15:29:11,211 - ERROR - Error rendering process text: invalid color argument
2025-05-30 15:29:11,214 - ERROR - Error rendering process text: invalid color argument
2025-05-30 15:29:11,218 - ERROR - Error rendering process text: invalid color argument
2025-05-30 15:29:11,224 - ERROR - Error rendering process text: invalid color argument
2025-05-30 15:29:11,259 - ERROR - Error rendering process text: invalid color argument
2025-05-30 15:29:11,262 - ERROR - Error rendering process text: invalid color argument
2025-05-30 15:29:11,264 - ERROR - Error rendering process text: invalid color argument
2025-05-30 15:29:11,268 - ERROR - Error rendering process text: invalid color argument
2025-05-30 15:29:11,309 - ERROR - Error rendering process text: invalid color argument
2025-05-30 15:29:11,313 - ERROR - Error rendering process text: invalid color argument
2025-05-30 15:29:11,315 - ERROR - Error rendering process text: invalid color argument
2025-05-30 15:29:11,319 - ERROR - Error rendering process text: invalid color argument
2025-05-30 15:29:11,358 - ERROR - Error rendering process text: invalid color argument
2025-05-30 15:29:11,361 - ERROR - Error rendering process text: invalid color argument
2025-05-30 15:29:11,363 - ERROR - Error rendering process text: invalid color argument
2025-05-30 15:29:11,367 - ERROR - Error rendering process text: invalid color argument
2025-05-30 15:29:11,409 - ERROR - Error rendering process text: invalid color argument
2025-05-30 15:29:11,413 - ERROR - Error rendering process text: invalid color argument
2025-05-30 15:29:11,415 - ERROR - Error rendering process text: invalid color argument
2025-05-30 15:29:11,420 - ERROR - Error rendering process text: invalid color argument
2025-05-30 15:29:11,461 - ERROR - Error rendering process text: invalid color argument
2025-05-30 15:29:11,464 - ERROR - Error rendering process text: invalid color argument
2025-05-30 15:29:11,467 - ERROR - Error rendering process text: invalid color argument
2025-05-30 15:29:11,471 - ERROR - Error rendering process text: invalid color argument
2025-05-30 15:29:11,512 - ERROR - Error rendering process text: invalid color argument
2025-05-30 15:29:11,514 - ERROR - Error rendering process text: invalid color argument
2025-05-30 15:29:11,517 - ERROR - Error rendering process text: invalid color argument
2025-05-30 15:29:11,521 - ERROR - Error rendering process text: invalid color argument
2025-05-30 15:29:11,561 - ERROR - Error rendering process text: invalid color argument
2025-05-30 15:29:11,563 - ERROR - Error rendering process text: invalid color argument
2025-05-30 15:29:11,566 - ERROR - Error rendering process text: invalid color argument
2025-05-30 15:29:11,570 - ERROR - Error rendering process text: invalid color argument
2025-05-30 15:29:11,611 - ERROR - Error rendering process text: invalid color argument
2025-05-30 15:29:11,614 - ERROR - Error rendering process text: invalid color argument
2025-05-30 15:29:11,617 - ERROR - Error rendering process text: invalid color argument
2025-05-30 15:29:11,621 - ERROR - Error rendering process text: invalid color argument
2025-05-30 15:29:11,662 - ERROR - Error rendering process text: invalid color argument
2025-05-30 15:29:11,666 - ERROR - Error rendering process text: invalid color argument
2025-05-30 15:29:11,668 - ERROR - Error rendering process text: invalid color argument
2025-05-30 15:29:11,672 - ERROR - Error rendering process text: invalid color argument
2025-05-30 15:29:11,712 - ERROR - Error rendering process text: invalid color argument
2025-05-30 15:29:11,715 - ERROR - Error rendering process text: invalid color argument
2025-05-30 15:29:11,717 - ERROR - Error rendering process text: invalid color argument
2025-05-30 15:29:11,721 - ERROR - Error rendering process text: invalid color argument
2025-05-30 15:29:11,763 - ERROR - Error rendering process text: invalid color argument
2025-05-30 15:29:11,766 - ERROR - Error rendering process text: invalid color argument
2025-05-30 15:29:11,768 - ERROR - Error rendering process text: invalid color argument
2025-05-30 15:29:11,772 - ERROR - Error rendering process text: invalid color argument
2025-05-30 15:29:11,812 - ERROR - Error rendering process text: invalid color argument
2025-05-30 15:29:11,815 - ERROR - Error rendering process text: invalid color argument
2025-05-30 15:29:11,817 - ERROR - Error rendering process text: invalid color argument
2025-05-30 15:29:11,822 - ERROR - Error rendering process text: invalid color argument
2025-05-30 15:29:11,861 - ERROR - Error rendering process text: invalid color argument
2025-05-30 15:29:11,864 - ERROR - Error rendering process text: invalid color argument
2025-05-30 15:29:11,867 - ERROR - Error rendering process text: invalid color argument
2025-05-30 15:29:11,871 - ERROR - Error rendering process text: invalid color argument
2025-05-30 15:29:11,913 - ERROR - Error rendering process text: invalid color argument
2025-05-30 15:29:11,916 - ERROR - Error rendering process text: invalid color argument
2025-05-30 15:29:11,918 - ERROR - Error rendering process text: invalid color argument
2025-05-30 15:29:11,921 - ERROR - Error rendering process text: invalid color argument
2025-05-30 15:29:11,964 - ERROR - Error rendering process text: invalid color argument
2025-05-30 15:29:11,967 - ERROR - Error rendering process text: invalid color argument
2025-05-30 15:29:11,970 - ERROR - Error rendering process text: invalid color argument
2025-05-30 15:29:11,974 - ERROR - Error rendering process text: invalid color argument
2025-05-30 15:29:12,018 - ERROR - Error rendering process text: invalid color argument
2025-05-30 15:29:12,020 - ERROR - Error rendering process text: invalid color argument
2025-05-30 15:29:12,023 - ERROR - Error rendering process text: invalid color argument
2025-05-30 15:29:12,029 - ERROR - Error rendering process text: invalid color argument
2025-05-30 15:29:12,065 - ERROR - Error rendering process text: invalid color argument
2025-05-30 15:29:12,069 - ERROR - Error rendering process text: invalid color argument
2025-05-30 15:29:12,072 - ERROR - Error rendering process text: invalid color argument
2025-05-30 15:29:12,077 - ERROR - Error rendering process text: invalid color argument
2025-05-30 15:29:12,115 - ERROR - Error rendering process text: invalid color argument
2025-05-30 15:29:12,119 - ERROR - Error rendering process text: invalid color argument
2025-05-30 15:29:12,121 - ERROR - Error rendering process text: invalid color argument
2025-05-30 15:29:12,127 - ERROR - Error rendering process text: invalid color argument
2025-05-30 15:29:12,165 - ERROR - Error rendering process text: invalid color argument
2025-05-30 15:29:12,168 - ERROR - Error rendering process text: invalid color argument
2025-05-30 15:29:12,171 - ERROR - Error rendering process text: invalid color argument
2025-05-30 15:29:12,176 - ERROR - Error rendering process text: invalid color argument
2025-05-30 15:29:12,216 - ERROR - Error rendering process text: invalid color argument
2025-05-30 15:29:12,219 - ERROR - Error rendering process text: invalid color argument
2025-05-30 15:29:12,222 - ERROR - Error rendering process text: invalid color argument
2025-05-30 15:29:12,227 - ERROR - Error rendering process text: invalid color argument
2025-05-30 15:29:12,269 - ERROR - Error rendering process text: invalid color argument
2025-05-30 15:29:12,271 - ERROR - Error rendering process text: invalid color argument
2025-05-30 15:29:12,275 - ERROR - Error rendering process text: invalid color argument
2025-05-30 15:29:12,280 - ERROR - Error rendering process text: invalid color argument
2025-05-30 15:29:12,318 - ERROR - Error rendering process text: invalid color argument
2025-05-30 15:29:12,321 - ERROR - Error rendering process text: invalid color argument
2025-05-30 15:29:12,323 - ERROR - Error rendering process text: invalid color argument
2025-05-30 15:29:12,329 - ERROR - Error rendering process text: invalid color argument
2025-05-30 15:29:12,368 - ERROR - Error rendering process text: invalid color argument
2025-05-30 15:29:12,370 - ERROR - Error rendering process text: invalid color argument
2025-05-30 15:29:12,373 - ERROR - Error rendering process text: invalid color argument
2025-05-30 15:29:12,378 - ERROR - Error rendering process text: invalid color argument
2025-05-30 15:29:12,419 - ERROR - Error rendering process text: invalid color argument
2025-05-30 15:29:12,422 - ERROR - Error rendering process text: invalid color argument
2025-05-30 15:29:12,424 - ERROR - Error rendering process text: invalid color argument
2025-05-30 15:29:12,429 - ERROR - Error rendering process text: invalid color argument
2025-05-30 15:29:12,470 - ERROR - Error rendering process text: invalid color argument
2025-05-30 15:29:12,476 - ERROR - Error rendering process text: invalid color argument
2025-05-30 15:29:12,481 - ERROR - Error rendering process text: invalid color argument
2025-05-30 15:29:12,486 - ERROR - Error rendering process text: invalid color argument
2025-05-30 15:29:12,521 - ERROR - Error rendering process text: invalid color argument
2025-05-30 15:29:12,524 - ERROR - Error rendering process text: invalid color argument
2025-05-30 15:29:12,528 - ERROR - Error rendering process text: invalid color argument
2025-05-30 15:29:12,532 - ERROR - Error rendering process text: invalid color argument
2025-05-30 15:29:12,571 - ERROR - Error rendering process text: invalid color argument
2025-05-30 15:29:12,576 - ERROR - Error rendering process text: invalid color argument
2025-05-30 15:29:12,579 - ERROR - Error rendering process text: invalid color argument
2025-05-30 15:29:12,584 - ERROR - Error rendering process text: invalid color argument
2025-05-30 15:29:12,623 - ERROR - Error rendering process text: invalid color argument
2025-05-30 15:29:12,626 - ERROR - Error rendering process text: invalid color argument
2025-05-30 15:29:12,629 - ERROR - Error rendering process text: invalid color argument
2025-05-30 15:29:12,634 - ERROR - Error rendering process text: invalid color argument
2025-05-30 15:29:12,675 - ERROR - Error rendering process text: invalid color argument
2025-05-30 15:29:12,679 - ERROR - Error rendering process text: invalid color argument
2025-05-30 15:29:12,682 - ERROR - Error rendering process text: invalid color argument
2025-05-30 15:29:12,687 - ERROR - Error rendering process text: invalid color argument
2025-05-30 15:29:12,726 - ERROR - Error rendering process text: invalid color argument
2025-05-30 15:29:12,730 - ERROR - Error rendering process text: invalid color argument
2025-05-30 15:29:12,733 - ERROR - Error rendering process text: invalid color argument
2025-05-30 15:29:12,738 - ERROR - Error rendering process text: invalid color argument
2025-05-30 15:29:12,776 - ERROR - Error rendering process text: invalid color argument
2025-05-30 15:29:12,779 - ERROR - Error rendering process text: invalid color argument
2025-05-30 15:29:12,782 - ERROR - Error rendering process text: invalid color argument
2025-05-30 15:29:12,787 - ERROR - Error rendering process text: invalid color argument
2025-05-30 15:29:12,826 - ERROR - Error rendering process text: invalid color argument
2025-05-30 15:29:12,829 - ERROR - Error rendering process text: invalid color argument
2025-05-30 15:29:12,831 - ERROR - Error rendering process text: invalid color argument
2025-05-30 15:29:12,836 - ERROR - Error rendering process text: invalid color argument
2025-05-30 15:29:12,877 - ERROR - Error rendering process text: invalid color argument
2025-05-30 15:29:12,879 - ERROR - Error rendering process text: invalid color argument
2025-05-30 15:29:12,883 - ERROR - Error rendering process text: invalid color argument
2025-05-30 15:29:12,888 - ERROR - Error rendering process text: invalid color argument
2025-05-30 15:29:14,095 - ERROR - Error rendering process text: invalid color argument
2025-05-30 15:29:14,214 - ERROR - Error rendering process text: invalid color argument
2025-05-30 15:29:14,305 - ERROR - Error rendering process text: invalid color argument
2025-05-30 15:29:14,474 - ERROR - Error rendering process text: invalid color argument
2025-05-30 15:29:15,470 - ERROR - Error rendering process text: invalid color argument
2025-05-30 15:29:15,513 - ERROR - Error rendering process text: invalid color argument
2025-05-30 15:29:15,571 - ERROR - Error rendering process text: invalid color argument
2025-05-30 15:29:15,574 - ERROR - Error rendering process text: invalid color argument
2025-05-30 15:29:15,586 - ERROR - Error rendering process text: invalid color argument
2025-05-30 15:29:15,587 - ERROR - Error rendering process text: invalid color argument
2025-05-30 15:29:15,587 - ERROR - Error rendering process text: invalid color argument
2025-05-30 15:29:15,589 - ERROR - Error rendering process text: invalid color argument
2025-05-30 15:29:15,640 - ERROR - Error rendering process text: invalid color argument
2025-05-30 15:29:15,643 - ERROR - Error rendering process text: invalid color argument
2025-05-30 15:29:15,645 - ERROR - Error rendering process text: invalid color argument
2025-05-30 15:29:15,650 - ERROR - Error rendering process text: invalid color argument
2025-05-30 15:29:15,691 - ERROR - Error rendering process text: invalid color argument
2025-05-30 15:29:15,692 - ERROR - Error rendering process text: invalid color argument
2025-05-30 15:29:15,695 - ERROR - Error rendering process text: invalid color argument
2025-05-30 15:29:15,700 - ERROR - Error rendering process text: invalid color argument
2025-05-30 15:29:15,740 - ERROR - Error rendering process text: invalid color argument
2025-05-30 15:29:15,742 - ERROR - Error rendering process text: invalid color argument
2025-05-30 15:29:15,746 - ERROR - Error rendering process text: invalid color argument
2025-05-30 15:29:15,750 - ERROR - Error rendering process text: invalid color argument
2025-05-30 15:29:15,789 - ERROR - Error rendering process text: invalid color argument
2025-05-30 15:29:15,791 - ERROR - Error rendering process text: invalid color argument
2025-05-30 15:29:15,793 - ERROR - Error rendering process text: invalid color argument
2025-05-30 15:29:15,798 - ERROR - Error rendering process text: invalid color argument
2025-05-30 15:29:15,840 - ERROR - Error rendering process text: invalid color argument
2025-05-30 15:29:15,843 - ERROR - Error rendering process text: invalid color argument
2025-05-30 15:29:15,845 - ERROR - Error rendering process text: invalid color argument
2025-05-30 15:29:15,849 - ERROR - Error rendering process text: invalid color argument
2025-05-30 15:29:15,890 - ERROR - Error rendering process text: invalid color argument
2025-05-30 15:29:15,893 - ERROR - Error rendering process text: invalid color argument
2025-05-30 15:29:15,895 - ERROR - Error rendering process text: invalid color argument
2025-05-30 15:29:15,899 - ERROR - Error rendering process text: invalid color argument
2025-05-30 15:29:15,942 - ERROR - Error rendering process text: invalid color argument
2025-05-30 15:29:15,945 - ERROR - Error rendering process text: invalid color argument
2025-05-30 15:29:15,947 - ERROR - Error rendering process text: invalid color argument
2025-05-30 15:29:15,952 - ERROR - Error rendering process text: invalid color argument
2025-05-30 15:29:15,992 - ERROR - Error rendering process text: invalid color argument
2025-05-30 15:29:15,996 - ERROR - Error rendering process text: invalid color argument
2025-05-30 15:29:15,998 - ERROR - Error rendering process text: invalid color argument
2025-05-30 15:29:16,002 - ERROR - Error rendering process text: invalid color argument
2025-05-30 15:29:16,042 - ERROR - Error rendering process text: invalid color argument
2025-05-30 15:29:16,046 - ERROR - Error rendering process text: invalid color argument
2025-05-30 15:29:16,048 - ERROR - Error rendering process text: invalid color argument
2025-05-30 15:29:16,052 - ERROR - Error rendering process text: invalid color argument
2025-05-30 15:29:16,095 - ERROR - Error rendering process text: invalid color argument
2025-05-30 15:29:16,097 - ERROR - Error rendering process text: invalid color argument
2025-05-30 15:29:16,100 - ERROR - Error rendering process text: invalid color argument
2025-05-30 15:29:16,104 - ERROR - Error rendering process text: invalid color argument
2025-05-30 15:29:16,145 - ERROR - Error rendering process text: invalid color argument
2025-05-30 15:29:16,147 - ERROR - Error rendering process text: invalid color argument
2025-05-30 15:29:16,151 - ERROR - Error rendering process text: invalid color argument
2025-05-30 15:29:16,156 - ERROR - Error rendering process text: invalid color argument
2025-05-30 15:29:16,194 - ERROR - Error rendering process text: invalid color argument
2025-05-30 15:29:16,197 - ERROR - Error rendering process text: invalid color argument
2025-05-30 15:29:16,200 - ERROR - Error rendering process text: invalid color argument
2025-05-30 15:29:16,205 - ERROR - Error rendering process text: invalid color argument
2025-05-30 15:29:16,246 - ERROR - Error rendering process text: invalid color argument
2025-05-30 15:29:16,250 - ERROR - Error rendering process text: invalid color argument
2025-05-30 15:29:16,254 - ERROR - Error rendering process text: invalid color argument
2025-05-30 15:29:16,258 - ERROR - Error rendering process text: invalid color argument
2025-05-30 15:29:16,298 - ERROR - Error rendering process text: invalid color argument
2025-05-30 15:29:16,301 - ERROR - Error rendering process text: invalid color argument
2025-05-30 15:29:16,304 - ERROR - Error rendering process text: invalid color argument
2025-05-30 15:29:16,308 - ERROR - Error rendering process text: invalid color argument
2025-05-30 15:29:16,347 - ERROR - Error rendering process text: invalid color argument
2025-05-30 15:29:16,349 - ERROR - Error rendering process text: invalid color argument
2025-05-30 15:29:16,352 - ERROR - Error rendering process text: invalid color argument
2025-05-30 15:29:16,356 - ERROR - Error rendering process text: invalid color argument
2025-05-30 15:29:16,397 - ERROR - Error rendering process text: invalid color argument
2025-05-30 15:29:16,400 - ERROR - Error rendering process text: invalid color argument
2025-05-30 15:29:16,402 - ERROR - Error rendering process text: invalid color argument
2025-05-30 15:29:16,406 - ERROR - Error rendering process text: invalid color argument
2025-05-30 15:29:16,449 - ERROR - Error rendering process text: invalid color argument
2025-05-30 15:29:16,453 - ERROR - Error rendering process text: invalid color argument
2025-05-30 15:29:16,456 - ERROR - Error rendering process text: invalid color argument
2025-05-30 15:29:16,461 - ERROR - Error rendering process text: invalid color argument
2025-05-30 15:29:16,500 - ERROR - Error rendering process text: invalid color argument
2025-05-30 15:29:16,503 - ERROR - Error rendering process text: invalid color argument
2025-05-30 15:29:16,505 - ERROR - Error rendering process text: invalid color argument
2025-05-30 15:29:16,510 - ERROR - Error rendering process text: invalid color argument
2025-05-30 15:29:16,549 - ERROR - Error rendering process text: invalid color argument
2025-05-30 15:29:16,552 - ERROR - Error rendering process text: invalid color argument
2025-05-30 15:29:16,554 - ERROR - Error rendering process text: invalid color argument
2025-05-30 15:29:16,560 - ERROR - Error rendering process text: invalid color argument
2025-05-30 15:29:16,600 - ERROR - Error rendering process text: invalid color argument
2025-05-30 15:29:16,604 - ERROR - Error rendering process text: invalid color argument
2025-05-30 15:29:16,607 - ERROR - Error rendering process text: invalid color argument
2025-05-30 15:29:16,612 - ERROR - Error rendering process text: invalid color argument
2025-05-30 15:29:16,651 - ERROR - Error rendering process text: invalid color argument
2025-05-30 15:29:16,654 - ERROR - Error rendering process text: invalid color argument
2025-05-30 15:29:16,656 - ERROR - Error rendering process text: invalid color argument
2025-05-30 15:29:16,661 - ERROR - Error rendering process text: invalid color argument
2025-05-30 15:29:16,699 - ERROR - Error rendering process text: invalid color argument
2025-05-30 15:29:16,702 - ERROR - Error rendering process text: invalid color argument
2025-05-30 15:29:16,704 - ERROR - Error rendering process text: invalid color argument
2025-05-30 15:29:16,708 - ERROR - Error rendering process text: invalid color argument
2025-05-30 15:29:16,751 - ERROR - Error rendering process text: invalid color argument
2025-05-30 15:29:16,754 - ERROR - Error rendering process text: invalid color argument
2025-05-30 15:29:16,756 - ERROR - Error rendering process text: invalid color argument
2025-05-30 15:29:16,761 - ERROR - Error rendering process text: invalid color argument
2025-05-30 15:29:16,802 - ERROR - Error rendering process text: invalid color argument
2025-05-30 15:29:16,806 - ERROR - Error rendering process text: invalid color argument
2025-05-30 15:29:16,809 - ERROR - Error rendering process text: invalid color argument
2025-05-30 15:29:16,815 - ERROR - Error rendering process text: invalid color argument
2025-05-30 15:29:16,852 - ERROR - Error rendering process text: invalid color argument
2025-05-30 15:29:16,855 - ERROR - Error rendering process text: invalid color argument
2025-05-30 15:29:16,858 - ERROR - Error rendering process text: invalid color argument
2025-05-30 15:29:16,862 - ERROR - Error rendering process text: invalid color argument
2025-05-30 15:29:16,903 - ERROR - Error rendering process text: invalid color argument
2025-05-30 15:29:16,906 - ERROR - Error rendering process text: invalid color argument
2025-05-30 15:29:16,909 - ERROR - Error rendering process text: invalid color argument
2025-05-30 15:29:16,914 - ERROR - Error rendering process text: invalid color argument
2025-05-30 15:29:16,953 - ERROR - Error rendering process text: invalid color argument
2025-05-30 15:29:16,956 - ERROR - Error rendering process text: invalid color argument
2025-05-30 15:29:16,959 - ERROR - Error rendering process text: invalid color argument
2025-05-30 15:29:16,965 - ERROR - Error rendering process text: invalid color argument
2025-05-30 15:29:17,003 - ERROR - Error rendering process text: invalid color argument
2025-05-30 15:29:17,006 - ERROR - Error rendering process text: invalid color argument
2025-05-30 15:29:17,008 - ERROR - Error rendering process text: invalid color argument
2025-05-30 15:29:17,016 - ERROR - Error rendering process text: invalid color argument
2025-05-30 15:29:17,054 - ERROR - Error rendering process text: invalid color argument
2025-05-30 15:29:17,057 - ERROR - Error rendering process text: invalid color argument
2025-05-30 15:29:17,060 - ERROR - Error rendering process text: invalid color argument
2025-05-30 15:29:17,066 - ERROR - Error rendering process text: invalid color argument
2025-05-30 15:29:17,105 - ERROR - Error rendering process text: invalid color argument
2025-05-30 15:29:17,108 - ERROR - Error rendering process text: invalid color argument
2025-05-30 15:29:17,111 - ERROR - Error rendering process text: invalid color argument
2025-05-30 15:29:17,118 - ERROR - Error rendering process text: invalid color argument
2025-05-30 15:29:17,155 - ERROR - Error rendering process text: invalid color argument
2025-05-30 15:29:17,158 - ERROR - Error rendering process text: invalid color argument
2025-05-30 15:29:17,161 - ERROR - Error rendering process text: invalid color argument
2025-05-30 15:29:17,169 - ERROR - Error rendering process text: invalid color argument
2025-05-30 15:29:17,204 - ERROR - Error rendering process text: invalid color argument
2025-05-30 15:29:17,207 - ERROR - Error rendering process text: invalid color argument
2025-05-30 15:29:17,210 - ERROR - Error rendering process text: invalid color argument
2025-05-30 15:29:17,216 - ERROR - Error rendering process text: invalid color argument
2025-05-30 15:29:17,254 - ERROR - Error rendering process text: invalid color argument
2025-05-30 15:29:17,257 - ERROR - Error rendering process text: invalid color argument
2025-05-30 15:29:17,260 - ERROR - Error rendering process text: invalid color argument
2025-05-30 15:29:17,266 - ERROR - Error rendering process text: invalid color argument
2025-05-30 15:29:17,304 - ERROR - Error rendering process text: invalid color argument
2025-05-30 15:29:17,309 - ERROR - Error rendering process text: invalid color argument
2025-05-30 15:29:17,315 - ERROR - Error rendering process text: invalid color argument
2025-05-30 15:29:17,319 - ERROR - Error rendering process text: invalid color argument
2025-05-30 15:29:17,357 - ERROR - Error rendering process text: invalid color argument
2025-05-30 15:29:17,359 - ERROR - Error rendering process text: invalid color argument
2025-05-30 15:29:17,365 - ERROR - Error rendering process text: invalid color argument
2025-05-30 15:29:17,372 - ERROR - Error rendering process text: invalid color argument
2025-05-30 15:29:17,407 - ERROR - Error rendering process text: invalid color argument
2025-05-30 15:29:17,411 - ERROR - Error rendering process text: invalid color argument
2025-05-30 15:29:17,414 - ERROR - Error rendering process text: invalid color argument
2025-05-30 15:29:17,419 - ERROR - Error rendering process text: invalid color argument
2025-05-30 15:29:17,457 - ERROR - Error rendering process text: invalid color argument
2025-05-30 15:29:17,461 - ERROR - Error rendering process text: invalid color argument
2025-05-30 15:29:17,465 - ERROR - Error rendering process text: invalid color argument
2025-05-30 15:29:17,470 - ERROR - Error rendering process text: invalid color argument
2025-05-30 15:29:17,509 - ERROR - Error rendering process text: invalid color argument
2025-05-30 15:29:17,512 - ERROR - Error rendering process text: invalid color argument
2025-05-30 15:29:17,516 - ERROR - Error rendering process text: invalid color argument
2025-05-30 15:29:17,521 - ERROR - Error rendering process text: invalid color argument
2025-05-30 15:29:17,559 - ERROR - Error rendering process text: invalid color argument
2025-05-30 15:29:17,564 - ERROR - Error rendering process text: invalid color argument
2025-05-30 15:29:17,567 - ERROR - Error rendering process text: invalid color argument
2025-05-30 15:29:17,572 - ERROR - Error rendering process text: invalid color argument
2025-05-30 15:29:18,619 - ERROR - Error rendering process text: invalid color argument
2025-05-30 15:29:18,726 - ERROR - Error rendering process text: invalid color argument
2025-05-30 15:29:18,784 - ERROR - Error rendering process text: invalid color argument
2025-05-30 15:29:18,946 - ERROR - Error rendering process text: invalid color argument
2025-05-30 15:29:20,105 - ERROR - Error rendering process text: invalid color argument
2025-05-30 15:29:20,197 - ERROR - Error rendering process text: invalid color argument
2025-05-30 15:29:20,282 - ERROR - Error rendering process text: invalid color argument
2025-05-30 15:29:20,297 - ERROR - Error rendering process text: invalid color argument
2025-05-30 15:29:20,309 - ERROR - Error rendering process text: invalid color argument
2025-05-30 15:29:20,310 - ERROR - Error rendering process text: invalid color argument
2025-05-30 15:29:20,314 - ERROR - Error rendering process text: invalid color argument
2025-05-30 15:29:20,316 - ERROR - Error rendering process text: invalid color argument
2025-05-30 15:29:20,358 - ERROR - Error rendering process text: invalid color argument
2025-05-30 15:29:20,360 - ERROR - Error rendering process text: invalid color argument
2025-05-30 15:29:20,361 - ERROR - Error rendering process text: invalid color argument
2025-05-30 15:29:20,363 - ERROR - Error rendering process text: invalid color argument
2025-05-30 15:29:20,411 - ERROR - Error rendering process text: invalid color argument
2025-05-30 15:29:20,414 - ERROR - Error rendering process text: invalid color argument
2025-05-30 15:29:20,417 - ERROR - Error rendering process text: invalid color argument
2025-05-30 15:29:20,420 - ERROR - Error rendering process text: invalid color argument
2025-05-30 15:29:20,463 - ERROR - Error rendering process text: invalid color argument
2025-05-30 15:29:20,467 - ERROR - Error rendering process text: invalid color argument
2025-05-30 15:29:20,469 - ERROR - Error rendering process text: invalid color argument
2025-05-30 15:29:20,474 - ERROR - Error rendering process text: invalid color argument
2025-05-30 15:29:20,514 - ERROR - Error rendering process text: invalid color argument
2025-05-30 15:29:20,518 - ERROR - Error rendering process text: invalid color argument
2025-05-30 15:29:20,521 - ERROR - Error rendering process text: invalid color argument
2025-05-30 15:29:20,525 - ERROR - Error rendering process text: invalid color argument
2025-05-30 15:29:20,564 - ERROR - Error rendering process text: invalid color argument
2025-05-30 15:29:20,567 - ERROR - Error rendering process text: invalid color argument
2025-05-30 15:29:20,569 - ERROR - Error rendering process text: invalid color argument
2025-05-30 15:29:20,575 - ERROR - Error rendering process text: invalid color argument
2025-05-30 15:29:20,615 - ERROR - Error rendering process text: invalid color argument
2025-05-30 15:29:20,618 - ERROR - Error rendering process text: invalid color argument
2025-05-30 15:29:20,621 - ERROR - Error rendering process text: invalid color argument
2025-05-30 15:29:20,626 - ERROR - Error rendering process text: invalid color argument
2025-05-30 15:29:20,666 - ERROR - Error rendering process text: invalid color argument
2025-05-30 15:29:20,668 - ERROR - Error rendering process text: invalid color argument
2025-05-30 15:29:20,672 - ERROR - Error rendering process text: invalid color argument
2025-05-30 15:29:20,676 - ERROR - Error rendering process text: invalid color argument
2025-05-30 15:29:20,716 - ERROR - Error rendering process text: invalid color argument
2025-05-30 15:29:20,719 - ERROR - Error rendering process text: invalid color argument
2025-05-30 15:29:20,722 - ERROR - Error rendering process text: invalid color argument
2025-05-30 15:29:20,726 - ERROR - Error rendering process text: invalid color argument
2025-05-30 15:29:20,767 - ERROR - Error rendering process text: invalid color argument
2025-05-30 15:29:20,769 - ERROR - Error rendering process text: invalid color argument
2025-05-30 15:29:20,772 - ERROR - Error rendering process text: invalid color argument
2025-05-30 15:29:20,777 - ERROR - Error rendering process text: invalid color argument
2025-05-30 15:29:20,815 - ERROR - Error rendering process text: invalid color argument
2025-05-30 15:29:20,817 - ERROR - Error rendering process text: invalid color argument
2025-05-30 15:29:20,820 - ERROR - Error rendering process text: invalid color argument
2025-05-30 15:29:20,826 - ERROR - Error rendering process text: invalid color argument
2025-05-30 15:29:20,865 - ERROR - Error rendering process text: invalid color argument
2025-05-30 15:29:20,869 - ERROR - Error rendering process text: invalid color argument
2025-05-30 15:29:20,871 - ERROR - Error rendering process text: invalid color argument
2025-05-30 15:29:20,874 - ERROR - Error rendering process text: invalid color argument
2025-05-30 15:29:20,915 - ERROR - Error rendering process text: invalid color argument
2025-05-30 15:29:20,918 - ERROR - Error rendering process text: invalid color argument
2025-05-30 15:29:20,921 - ERROR - Error rendering process text: invalid color argument
2025-05-30 15:29:20,926 - ERROR - Error rendering process text: invalid color argument
2025-05-30 15:29:20,966 - ERROR - Error rendering process text: invalid color argument
2025-05-30 15:29:20,968 - ERROR - Error rendering process text: invalid color argument
2025-05-30 15:29:20,972 - ERROR - Error rendering process text: invalid color argument
2025-05-30 15:29:20,976 - ERROR - Error rendering process text: invalid color argument
2025-05-30 15:29:21,016 - ERROR - Error rendering process text: invalid color argument
2025-05-30 15:29:21,019 - ERROR - Error rendering process text: invalid color argument
2025-05-30 15:29:21,023 - ERROR - Error rendering process text: invalid color argument
2025-05-30 15:29:21,030 - ERROR - Error rendering process text: invalid color argument
2025-05-30 15:29:21,066 - ERROR - Error rendering process text: invalid color argument
2025-05-30 15:29:21,069 - ERROR - Error rendering process text: invalid color argument
2025-05-30 15:29:21,071 - ERROR - Error rendering process text: invalid color argument
2025-05-30 15:29:21,077 - ERROR - Error rendering process text: invalid color argument
2025-05-30 15:29:21,116 - ERROR - Error rendering process text: invalid color argument
2025-05-30 15:29:21,118 - ERROR - Error rendering process text: invalid color argument
2025-05-30 15:29:21,121 - ERROR - Error rendering process text: invalid color argument
2025-05-30 15:29:21,127 - ERROR - Error rendering process text: invalid color argument
2025-05-30 15:29:21,167 - ERROR - Error rendering process text: invalid color argument
2025-05-30 15:29:21,170 - ERROR - Error rendering process text: invalid color argument
2025-05-30 15:29:21,172 - ERROR - Error rendering process text: invalid color argument
2025-05-30 15:29:21,177 - ERROR - Error rendering process text: invalid color argument
2025-05-30 15:29:21,218 - ERROR - Error rendering process text: invalid color argument
2025-05-30 15:29:21,221 - ERROR - Error rendering process text: invalid color argument
2025-05-30 15:29:21,224 - ERROR - Error rendering process text: invalid color argument
2025-05-30 15:29:21,229 - ERROR - Error rendering process text: invalid color argument
2025-05-30 15:29:21,266 - ERROR - Error rendering process text: invalid color argument
2025-05-30 15:29:21,269 - ERROR - Error rendering process text: invalid color argument
2025-05-30 15:29:21,271 - ERROR - Error rendering process text: invalid color argument
2025-05-30 15:29:21,277 - ERROR - Error rendering process text: invalid color argument
2025-05-30 15:29:21,317 - ERROR - Error rendering process text: invalid color argument
2025-05-30 15:29:21,321 - ERROR - Error rendering process text: invalid color argument
2025-05-30 15:29:21,324 - ERROR - Error rendering process text: invalid color argument
2025-05-30 15:29:21,327 - ERROR - Error rendering process text: invalid color argument
2025-05-30 15:29:21,367 - ERROR - Error rendering process text: invalid color argument
2025-05-30 15:29:21,371 - ERROR - Error rendering process text: invalid color argument
2025-05-30 15:29:21,373 - ERROR - Error rendering process text: invalid color argument
2025-05-30 15:29:21,378 - ERROR - Error rendering process text: invalid color argument
2025-05-30 15:29:21,417 - ERROR - Error rendering process text: invalid color argument
2025-05-30 15:29:21,420 - ERROR - Error rendering process text: invalid color argument
2025-05-30 15:29:21,423 - ERROR - Error rendering process text: invalid color argument
2025-05-30 15:29:21,427 - ERROR - Error rendering process text: invalid color argument
2025-05-30 15:29:21,468 - ERROR - Error rendering process text: invalid color argument
2025-05-30 15:29:21,472 - ERROR - Error rendering process text: invalid color argument
2025-05-30 15:29:21,476 - ERROR - Error rendering process text: invalid color argument
2025-05-30 15:29:21,480 - ERROR - Error rendering process text: invalid color argument
2025-05-30 15:29:21,518 - ERROR - Error rendering process text: invalid color argument
2025-05-30 15:29:21,521 - ERROR - Error rendering process text: invalid color argument
2025-05-30 15:29:21,524 - ERROR - Error rendering process text: invalid color argument
2025-05-30 15:29:21,528 - ERROR - Error rendering process text: invalid color argument
2025-05-30 15:29:21,570 - ERROR - Error rendering process text: invalid color argument
2025-05-30 15:29:21,573 - ERROR - Error rendering process text: invalid color argument
2025-05-30 15:29:21,576 - ERROR - Error rendering process text: invalid color argument
2025-05-30 15:29:21,580 - ERROR - Error rendering process text: invalid color argument
2025-05-30 15:29:21,618 - ERROR - Error rendering process text: invalid color argument
2025-05-30 15:29:21,621 - ERROR - Error rendering process text: invalid color argument
2025-05-30 15:29:21,624 - ERROR - Error rendering process text: invalid color argument
2025-05-30 15:29:21,628 - ERROR - Error rendering process text: invalid color argument
2025-05-30 15:29:21,670 - ERROR - Error rendering process text: invalid color argument
2025-05-30 15:29:21,673 - ERROR - Error rendering process text: invalid color argument
2025-05-30 15:29:21,675 - ERROR - Error rendering process text: invalid color argument
2025-05-30 15:29:21,681 - ERROR - Error rendering process text: invalid color argument
2025-05-30 15:29:21,718 - ERROR - Error rendering process text: invalid color argument
2025-05-30 15:29:21,721 - ERROR - Error rendering process text: invalid color argument
2025-05-30 15:29:21,724 - ERROR - Error rendering process text: invalid color argument
2025-05-30 15:29:21,728 - ERROR - Error rendering process text: invalid color argument
2025-05-30 15:29:21,770 - ERROR - Error rendering process text: invalid color argument
2025-05-30 15:29:21,774 - ERROR - Error rendering process text: invalid color argument
2025-05-30 15:29:21,776 - ERROR - Error rendering process text: invalid color argument
2025-05-30 15:29:21,780 - ERROR - Error rendering process text: invalid color argument
2025-05-30 15:29:21,819 - ERROR - Error rendering process text: invalid color argument
2025-05-30 15:29:21,822 - ERROR - Error rendering process text: invalid color argument
2025-05-30 15:29:21,825 - ERROR - Error rendering process text: invalid color argument
2025-05-30 15:29:21,829 - ERROR - Error rendering process text: invalid color argument
2025-05-30 15:29:21,870 - ERROR - Error rendering process text: invalid color argument
2025-05-30 15:29:21,873 - ERROR - Error rendering process text: invalid color argument
2025-05-30 15:29:21,876 - ERROR - Error rendering process text: invalid color argument
2025-05-30 15:29:21,879 - ERROR - Error rendering process text: invalid color argument
2025-05-30 15:29:21,921 - ERROR - Error rendering process text: invalid color argument
2025-05-30 15:29:21,924 - ERROR - Error rendering process text: invalid color argument
2025-05-30 15:29:21,927 - ERROR - Error rendering process text: invalid color argument
2025-05-30 15:29:21,934 - ERROR - Error rendering process text: invalid color argument
2025-05-30 15:29:21,970 - ERROR - Error rendering process text: invalid color argument
2025-05-30 15:29:21,974 - ERROR - Error rendering process text: invalid color argument
2025-05-30 15:29:21,977 - ERROR - Error rendering process text: invalid color argument
2025-05-30 15:29:21,982 - ERROR - Error rendering process text: invalid color argument
2025-05-30 15:29:22,016 - ERROR - Error rendering process text: invalid color argument
2025-05-30 15:29:22,019 - ERROR - Error rendering process text: invalid color argument
2025-05-30 15:29:22,020 - ERROR - Error rendering process text: invalid color argument
2025-05-30 15:29:22,025 - ERROR - Error rendering process text: invalid color argument
2025-05-30 15:29:22,071 - ERROR - Error rendering process text: invalid color argument
2025-05-30 15:29:22,074 - ERROR - Error rendering process text: invalid color argument
2025-05-30 15:29:22,077 - ERROR - Error rendering process text: invalid color argument
2025-05-30 15:29:22,087 - ERROR - Error rendering process text: invalid color argument
2025-05-30 15:29:22,122 - ERROR - Error rendering process text: invalid color argument
2025-05-30 15:29:22,125 - ERROR - Error rendering process text: invalid color argument
2025-05-30 15:29:22,127 - ERROR - Error rendering process text: invalid color argument
2025-05-30 15:29:22,134 - ERROR - Error rendering process text: invalid color argument
2025-05-30 15:29:22,172 - ERROR - Error rendering process text: invalid color argument
2025-05-30 15:29:22,176 - ERROR - Error rendering process text: invalid color argument
2025-05-30 15:29:22,182 - ERROR - Error rendering process text: invalid color argument
2025-05-30 15:29:22,186 - ERROR - Error rendering process text: invalid color argument
2025-05-30 15:29:22,227 - ERROR - Error rendering process text: invalid color argument
2025-05-30 15:29:22,229 - ERROR - Error rendering process text: invalid color argument
2025-05-30 15:29:22,232 - ERROR - Error rendering process text: invalid color argument
2025-05-30 15:29:22,238 - ERROR - Error rendering process text: invalid color argument
2025-05-30 15:29:22,273 - ERROR - Error rendering process text: invalid color argument
2025-05-30 15:29:22,277 - ERROR - Error rendering process text: invalid color argument
2025-05-30 15:29:22,282 - ERROR - Error rendering process text: invalid color argument
2025-05-30 15:29:22,287 - ERROR - Error rendering process text: invalid color argument
2025-05-30 15:29:23,323 - ERROR - Error rendering process text: invalid color argument
2025-05-30 15:29:23,439 - ERROR - Error rendering process text: invalid color argument
2025-05-30 15:29:23,534 - ERROR - Error rendering process text: invalid color argument
2025-05-30 15:29:23,705 - ERROR - Error rendering process text: invalid color argument
2025-05-30 15:29:24,901 - ERROR - Error rendering process text: invalid color argument
2025-05-30 15:29:24,904 - ERROR - Error rendering process text: invalid color argument
2025-05-30 15:29:24,907 - ERROR - Error rendering process text: invalid color argument
2025-05-30 15:29:24,911 - ERROR - Error rendering process text: invalid color argument
2025-05-30 15:29:24,933 - ERROR - Error rendering process text: invalid color argument
2025-05-30 15:29:24,936 - ERROR - Error rendering process text: invalid color argument
2025-05-30 15:29:24,938 - ERROR - Error rendering process text: invalid color argument
2025-05-30 15:29:24,942 - ERROR - Error rendering process text: invalid color argument
2025-05-30 15:29:24,981 - ERROR - Error rendering process text: invalid color argument
2025-05-30 15:29:24,983 - ERROR - Error rendering process text: invalid color argument
2025-05-30 15:29:24,985 - ERROR - Error rendering process text: invalid color argument
2025-05-30 15:29:24,990 - ERROR - Error rendering process text: invalid color argument
2025-05-30 15:29:25,032 - ERROR - Error rendering process text: invalid color argument
2025-05-30 15:29:25,035 - ERROR - Error rendering process text: invalid color argument
2025-05-30 15:29:25,037 - ERROR - Error rendering process text: invalid color argument
2025-05-30 15:29:25,043 - ERROR - Error rendering process text: invalid color argument
2025-05-30 15:29:25,084 - ERROR - Error rendering process text: invalid color argument
2025-05-30 15:29:25,089 - ERROR - Error rendering process text: invalid color argument
2025-05-30 15:29:25,093 - ERROR - Error rendering process text: invalid color argument
2025-05-30 15:29:25,097 - ERROR - Error rendering process text: invalid color argument
2025-05-30 15:29:25,131 - ERROR - Error rendering process text: invalid color argument
2025-05-30 15:29:25,132 - ERROR - Error rendering process text: invalid color argument
2025-05-30 15:29:25,137 - ERROR - Error rendering process text: invalid color argument
2025-05-30 15:29:25,139 - ERROR - Error rendering process text: invalid color argument
2025-05-30 15:29:25,185 - ERROR - Error rendering process text: invalid color argument
2025-05-30 15:29:25,187 - ERROR - Error rendering process text: invalid color argument
2025-05-30 15:29:25,189 - ERROR - Error rendering process text: invalid color argument
2025-05-30 15:29:25,193 - ERROR - Error rendering process text: invalid color argument
2025-05-30 15:29:25,234 - ERROR - Error rendering process text: invalid color argument
2025-05-30 15:29:25,237 - ERROR - Error rendering process text: invalid color argument
2025-05-30 15:29:25,239 - ERROR - Error rendering process text: invalid color argument
2025-05-30 15:29:25,244 - ERROR - Error rendering process text: invalid color argument
2025-05-30 15:29:25,285 - ERROR - Error rendering process text: invalid color argument
2025-05-30 15:29:25,289 - ERROR - Error rendering process text: invalid color argument
2025-05-30 15:29:25,292 - ERROR - Error rendering process text: invalid color argument
2025-05-30 15:29:25,295 - ERROR - Error rendering process text: invalid color argument
2025-05-30 15:29:25,335 - ERROR - Error rendering process text: invalid color argument
2025-05-30 15:29:25,338 - ERROR - Error rendering process text: invalid color argument
2025-05-30 15:29:25,340 - ERROR - Error rendering process text: invalid color argument
2025-05-30 15:29:25,344 - ERROR - Error rendering process text: invalid color argument
2025-05-30 15:29:25,384 - ERROR - Error rendering process text: invalid color argument
2025-05-30 15:29:25,386 - ERROR - Error rendering process text: invalid color argument
2025-05-30 15:29:25,388 - ERROR - Error rendering process text: invalid color argument
2025-05-30 15:29:25,394 - ERROR - Error rendering process text: invalid color argument
2025-05-30 15:29:25,435 - ERROR - Error rendering process text: invalid color argument
2025-05-30 15:29:25,438 - ERROR - Error rendering process text: invalid color argument
2025-05-30 15:29:25,440 - ERROR - Error rendering process text: invalid color argument
2025-05-30 15:29:25,446 - ERROR - Error rendering process text: invalid color argument
2025-05-30 15:29:25,484 - ERROR - Error rendering process text: invalid color argument
2025-05-30 15:29:25,487 - ERROR - Error rendering process text: invalid color argument
2025-05-30 15:29:25,490 - ERROR - Error rendering process text: invalid color argument
2025-05-30 15:29:25,494 - ERROR - Error rendering process text: invalid color argument
2025-05-30 15:29:25,536 - ERROR - Error rendering process text: invalid color argument
2025-05-30 15:29:25,539 - ERROR - Error rendering process text: invalid color argument
2025-05-30 15:29:25,542 - ERROR - Error rendering process text: invalid color argument
2025-05-30 15:29:25,546 - ERROR - Error rendering process text: invalid color argument
2025-05-30 15:29:25,589 - ERROR - Error rendering process text: invalid color argument
2025-05-30 15:29:25,592 - ERROR - Error rendering process text: invalid color argument
2025-05-30 15:29:25,594 - ERROR - Error rendering process text: invalid color argument
2025-05-30 15:29:25,600 - ERROR - Error rendering process text: invalid color argument
2025-05-30 15:29:25,636 - ERROR - Error rendering process text: invalid color argument
2025-05-30 15:29:25,639 - ERROR - Error rendering process text: invalid color argument
2025-05-30 15:29:25,641 - ERROR - Error rendering process text: invalid color argument
2025-05-30 15:29:25,646 - ERROR - Error rendering process text: invalid color argument
2025-05-30 15:29:25,688 - ERROR - Error rendering process text: invalid color argument
2025-05-30 15:29:25,690 - ERROR - Error rendering process text: invalid color argument
2025-05-30 15:29:25,694 - ERROR - Error rendering process text: invalid color argument
2025-05-30 15:29:25,698 - ERROR - Error rendering process text: invalid color argument
2025-05-30 15:29:25,738 - ERROR - Error rendering process text: invalid color argument
2025-05-30 15:29:25,740 - ERROR - Error rendering process text: invalid color argument
2025-05-30 15:29:25,742 - ERROR - Error rendering process text: invalid color argument
2025-05-30 15:29:25,746 - ERROR - Error rendering process text: invalid color argument
2025-05-30 15:29:25,790 - ERROR - Error rendering process text: invalid color argument
2025-05-30 15:29:25,794 - ERROR - Error rendering process text: invalid color argument
2025-05-30 15:29:25,796 - ERROR - Error rendering process text: invalid color argument
2025-05-30 15:29:25,800 - ERROR - Error rendering process text: invalid color argument
2025-05-30 15:29:25,838 - ERROR - Error rendering process text: invalid color argument
2025-05-30 15:29:25,841 - ERROR - Error rendering process text: invalid color argument
2025-05-30 15:29:25,843 - ERROR - Error rendering process text: invalid color argument
2025-05-30 15:29:25,850 - ERROR - Error rendering process text: invalid color argument
2025-05-30 15:29:25,889 - ERROR - Error rendering process text: invalid color argument
2025-05-30 15:29:25,891 - ERROR - Error rendering process text: invalid color argument
2025-05-30 15:29:25,893 - ERROR - Error rendering process text: invalid color argument
2025-05-30 15:29:25,899 - ERROR - Error rendering process text: invalid color argument
2025-05-30 15:29:25,939 - ERROR - Error rendering process text: invalid color argument
2025-05-30 15:29:25,943 - ERROR - Error rendering process text: invalid color argument
2025-05-30 15:29:25,945 - ERROR - Error rendering process text: invalid color argument
2025-05-30 15:29:25,950 - ERROR - Error rendering process text: invalid color argument
2025-05-30 15:29:25,990 - ERROR - Error rendering process text: invalid color argument
2025-05-30 15:29:25,994 - ERROR - Error rendering process text: invalid color argument
2025-05-30 15:29:25,996 - ERROR - Error rendering process text: invalid color argument
2025-05-30 15:29:26,000 - ERROR - Error rendering process text: invalid color argument
2025-05-30 15:29:26,040 - ERROR - Error rendering process text: invalid color argument
2025-05-30 15:29:26,044 - ERROR - Error rendering process text: invalid color argument
2025-05-30 15:29:26,046 - ERROR - Error rendering process text: invalid color argument
2025-05-30 15:29:26,050 - ERROR - Error rendering process text: invalid color argument
2025-05-30 15:29:26,090 - ERROR - Error rendering process text: invalid color argument
2025-05-30 15:29:26,093 - ERROR - Error rendering process text: invalid color argument
2025-05-30 15:29:26,095 - ERROR - Error rendering process text: invalid color argument
2025-05-30 15:29:26,099 - ERROR - Error rendering process text: invalid color argument
2025-05-30 15:29:26,140 - ERROR - Error rendering process text: invalid color argument
2025-05-30 15:29:26,144 - ERROR - Error rendering process text: invalid color argument
2025-05-30 15:29:26,145 - ERROR - Error rendering process text: invalid color argument
2025-05-30 15:29:26,149 - ERROR - Error rendering process text: invalid color argument
2025-05-30 15:29:26,190 - ERROR - Error rendering process text: invalid color argument
2025-05-30 15:29:26,194 - ERROR - Error rendering process text: invalid color argument
2025-05-30 15:29:26,196 - ERROR - Error rendering process text: invalid color argument
2025-05-30 15:29:26,200 - ERROR - Error rendering process text: invalid color argument
2025-05-30 15:29:26,241 - ERROR - Error rendering process text: invalid color argument
2025-05-30 15:29:26,244 - ERROR - Error rendering process text: invalid color argument
2025-05-30 15:29:26,248 - ERROR - Error rendering process text: invalid color argument
2025-05-30 15:29:26,254 - ERROR - Error rendering process text: invalid color argument
2025-05-30 15:29:26,290 - ERROR - Error rendering process text: invalid color argument
2025-05-30 15:29:26,292 - ERROR - Error rendering process text: invalid color argument
2025-05-30 15:29:26,295 - ERROR - Error rendering process text: invalid color argument
2025-05-30 15:29:26,300 - ERROR - Error rendering process text: invalid color argument
2025-05-30 15:29:26,343 - ERROR - Error rendering process text: invalid color argument
2025-05-30 15:29:26,346 - ERROR - Error rendering process text: invalid color argument
2025-05-30 15:29:26,348 - ERROR - Error rendering process text: invalid color argument
2025-05-30 15:29:26,353 - ERROR - Error rendering process text: invalid color argument
2025-05-30 15:29:26,392 - ERROR - Error rendering process text: invalid color argument
2025-05-30 15:29:26,395 - ERROR - Error rendering process text: invalid color argument
2025-05-30 15:29:26,398 - ERROR - Error rendering process text: invalid color argument
2025-05-30 15:29:26,403 - ERROR - Error rendering process text: invalid color argument
2025-05-30 15:29:26,441 - ERROR - Error rendering process text: invalid color argument
2025-05-30 15:29:26,444 - ERROR - Error rendering process text: invalid color argument
2025-05-30 15:29:26,446 - ERROR - Error rendering process text: invalid color argument
2025-05-30 15:29:26,452 - ERROR - Error rendering process text: invalid color argument
2025-05-30 15:29:26,494 - ERROR - Error rendering process text: invalid color argument
2025-05-30 15:29:26,497 - ERROR - Error rendering process text: invalid color argument
2025-05-30 15:29:26,499 - ERROR - Error rendering process text: invalid color argument
2025-05-30 15:29:26,503 - ERROR - Error rendering process text: invalid color argument
2025-05-30 15:29:26,545 - ERROR - Error rendering process text: invalid color argument
2025-05-30 15:29:26,548 - ERROR - Error rendering process text: invalid color argument
2025-05-30 15:29:26,550 - ERROR - Error rendering process text: invalid color argument
2025-05-30 15:29:26,555 - ERROR - Error rendering process text: invalid color argument
2025-05-30 15:29:26,596 - ERROR - Error rendering process text: invalid color argument
2025-05-30 15:29:26,600 - ERROR - Error rendering process text: invalid color argument
2025-05-30 15:29:26,603 - ERROR - Error rendering process text: invalid color argument
2025-05-30 15:29:26,608 - ERROR - Error rendering process text: invalid color argument
2025-05-30 15:29:26,646 - ERROR - Error rendering process text: invalid color argument
2025-05-30 15:29:26,648 - ERROR - Error rendering process text: invalid color argument
2025-05-30 15:29:26,650 - ERROR - Error rendering process text: invalid color argument
2025-05-30 15:29:26,654 - ERROR - Error rendering process text: invalid color argument
2025-05-30 15:29:26,696 - ERROR - Error rendering process text: invalid color argument
2025-05-30 15:29:26,698 - ERROR - Error rendering process text: invalid color argument
2025-05-30 15:29:26,701 - ERROR - Error rendering process text: invalid color argument
2025-05-30 15:29:26,706 - ERROR - Error rendering process text: invalid color argument
2025-05-30 15:29:26,745 - ERROR - Error rendering process text: invalid color argument
2025-05-30 15:29:26,748 - ERROR - Error rendering process text: invalid color argument
2025-05-30 15:29:26,750 - ERROR - Error rendering process text: invalid color argument
2025-05-30 15:29:26,756 - ERROR - Error rendering process text: invalid color argument
2025-05-30 15:29:26,795 - ERROR - Error rendering process text: invalid color argument
2025-05-30 15:29:26,798 - ERROR - Error rendering process text: invalid color argument
2025-05-30 15:29:26,801 - ERROR - Error rendering process text: invalid color argument
2025-05-30 15:29:26,805 - ERROR - Error rendering process text: invalid color argument
2025-05-30 15:29:26,845 - ERROR - Error rendering process text: invalid color argument
2025-05-30 15:29:26,849 - ERROR - Error rendering process text: invalid color argument
2025-05-30 15:29:26,851 - ERROR - Error rendering process text: invalid color argument
2025-05-30 15:29:26,859 - ERROR - Error rendering process text: invalid color argument
2025-05-30 15:29:26,896 - ERROR - Error rendering process text: invalid color argument
2025-05-30 15:29:26,900 - ERROR - Error rendering process text: invalid color argument
2025-05-30 15:29:26,902 - ERROR - Error rendering process text: invalid color argument
2025-05-30 15:29:26,907 - ERROR - Error rendering process text: invalid color argument
2025-05-30 15:29:27,956 - ERROR - Error rendering process text: invalid color argument
2025-05-30 15:29:28,032 - ERROR - Error rendering process text: invalid color argument
2025-05-30 15:29:28,101 - ERROR - Error rendering process text: invalid color argument
2025-05-30 15:29:28,265 - ERROR - Error rendering process text: invalid color argument
2025-05-30 15:29:28,682 - ERROR - Error rendering process text: invalid color argument
2025-05-30 15:29:28,730 - ERROR - Error rendering process text: invalid color argument
2025-05-30 15:29:28,819 - ERROR - Error rendering process text: invalid color argument
2025-05-30 15:29:29,017 - ERROR - Error rendering process text: invalid color argument
2025-05-30 15:29:29,803 - ERROR - Error rendering process text: invalid color argument
2025-05-30 15:29:29,805 - ERROR - Error rendering process text: invalid color argument
2025-05-30 15:29:29,806 - ERROR - Error rendering process text: invalid color argument
2025-05-30 15:29:29,811 - ERROR - Error rendering process text: invalid color argument
2025-05-30 15:29:29,825 - ERROR - Error rendering process text: invalid color argument
2025-05-30 15:29:29,827 - ERROR - Error rendering process text: invalid color argument
2025-05-30 15:29:29,829 - ERROR - Error rendering process text: invalid color argument
2025-05-30 15:29:29,831 - ERROR - Error rendering process text: invalid color argument
2025-05-30 15:29:29,875 - ERROR - Error rendering process text: invalid color argument
2025-05-30 15:29:29,876 - ERROR - Error rendering process text: invalid color argument
2025-05-30 15:29:29,878 - ERROR - Error rendering process text: invalid color argument
2025-05-30 15:29:29,882 - ERROR - Error rendering process text: invalid color argument
2025-05-30 15:29:29,927 - ERROR - Error rendering process text: invalid color argument
2025-05-30 15:29:29,929 - ERROR - Error rendering process text: invalid color argument
2025-05-30 15:29:29,932 - ERROR - Error rendering process text: invalid color argument
2025-05-30 15:29:29,936 - ERROR - Error rendering process text: invalid color argument
2025-05-30 15:29:29,978 - ERROR - Error rendering process text: invalid color argument
2025-05-30 15:29:29,982 - ERROR - Error rendering process text: invalid color argument
2025-05-30 15:29:29,984 - ERROR - Error rendering process text: invalid color argument
2025-05-30 15:29:29,988 - ERROR - Error rendering process text: invalid color argument
2025-05-30 15:29:30,029 - ERROR - Error rendering process text: invalid color argument
2025-05-30 15:29:30,031 - ERROR - Error rendering process text: invalid color argument
2025-05-30 15:29:30,034 - ERROR - Error rendering process text: invalid color argument
2025-05-30 15:29:30,039 - ERROR - Error rendering process text: invalid color argument
2025-05-30 15:29:30,079 - ERROR - Error rendering process text: invalid color argument
2025-05-30 15:29:30,081 - ERROR - Error rendering process text: invalid color argument
2025-05-30 15:29:30,084 - ERROR - Error rendering process text: invalid color argument
2025-05-30 15:29:30,088 - ERROR - Error rendering process text: invalid color argument
2025-05-30 15:29:30,128 - ERROR - Error rendering process text: invalid color argument
2025-05-30 15:29:30,131 - ERROR - Error rendering process text: invalid color argument
2025-05-30 15:29:30,134 - ERROR - Error rendering process text: invalid color argument
2025-05-30 15:29:30,137 - ERROR - Error rendering process text: invalid color argument
2025-05-30 15:29:30,179 - ERROR - Error rendering process text: invalid color argument
2025-05-30 15:29:30,181 - ERROR - Error rendering process text: invalid color argument
2025-05-30 15:29:30,184 - ERROR - Error rendering process text: invalid color argument
2025-05-30 15:29:30,188 - ERROR - Error rendering process text: invalid color argument
2025-05-30 15:29:30,228 - ERROR - Error rendering process text: invalid color argument
2025-05-30 15:29:30,231 - ERROR - Error rendering process text: invalid color argument
2025-05-30 15:29:30,232 - ERROR - Error rendering process text: invalid color argument
2025-05-30 15:29:30,237 - ERROR - Error rendering process text: invalid color argument
2025-05-30 15:29:30,278 - ERROR - Error rendering process text: invalid color argument
2025-05-30 15:29:30,281 - ERROR - Error rendering process text: invalid color argument
2025-05-30 15:29:30,283 - ERROR - Error rendering process text: invalid color argument
2025-05-30 15:29:30,289 - ERROR - Error rendering process text: invalid color argument
2025-05-30 15:29:30,328 - ERROR - Error rendering process text: invalid color argument
2025-05-30 15:29:30,330 - ERROR - Error rendering process text: invalid color argument
2025-05-30 15:29:30,334 - ERROR - Error rendering process text: invalid color argument
2025-05-30 15:29:30,338 - ERROR - Error rendering process text: invalid color argument
2025-05-30 15:29:30,380 - ERROR - Error rendering process text: invalid color argument
2025-05-30 15:29:30,382 - ERROR - Error rendering process text: invalid color argument
2025-05-30 15:29:30,384 - ERROR - Error rendering process text: invalid color argument
2025-05-30 15:29:30,388 - ERROR - Error rendering process text: invalid color argument
2025-05-30 15:29:30,428 - ERROR - Error rendering process text: invalid color argument
2025-05-30 15:29:30,430 - ERROR - Error rendering process text: invalid color argument
2025-05-30 15:29:30,432 - ERROR - Error rendering process text: invalid color argument
2025-05-30 15:29:30,437 - ERROR - Error rendering process text: invalid color argument
2025-05-30 15:29:30,480 - ERROR - Error rendering process text: invalid color argument
2025-05-30 15:29:30,482 - ERROR - Error rendering process text: invalid color argument
2025-05-30 15:29:30,484 - ERROR - Error rendering process text: invalid color argument
2025-05-30 15:29:30,488 - ERROR - Error rendering process text: invalid color argument
2025-05-30 15:29:30,529 - ERROR - Error rendering process text: invalid color argument
2025-05-30 15:29:30,531 - ERROR - Error rendering process text: invalid color argument
2025-05-30 15:29:30,534 - ERROR - Error rendering process text: invalid color argument
2025-05-30 15:29:30,537 - ERROR - Error rendering process text: invalid color argument
2025-05-30 15:29:30,581 - ERROR - Error rendering process text: invalid color argument
2025-05-30 15:29:30,585 - ERROR - Error rendering process text: invalid color argument
2025-05-30 15:29:30,587 - ERROR - Error rendering process text: invalid color argument
2025-05-30 15:29:30,592 - ERROR - Error rendering process text: invalid color argument
2025-05-30 15:29:30,632 - ERROR - Error rendering process text: invalid color argument
2025-05-30 15:29:30,634 - ERROR - Error rendering process text: invalid color argument
2025-05-30 15:29:30,636 - ERROR - Error rendering process text: invalid color argument
2025-05-30 15:29:30,641 - ERROR - Error rendering process text: invalid color argument
2025-05-30 15:29:30,680 - ERROR - Error rendering process text: invalid color argument
2025-05-30 15:29:30,683 - ERROR - Error rendering process text: invalid color argument
2025-05-30 15:29:30,685 - ERROR - Error rendering process text: invalid color argument
2025-05-30 15:29:30,689 - ERROR - Error rendering process text: invalid color argument
2025-05-30 15:29:30,730 - ERROR - Error rendering process text: invalid color argument
2025-05-30 15:29:30,734 - ERROR - Error rendering process text: invalid color argument
2025-05-30 15:29:30,736 - ERROR - Error rendering process text: invalid color argument
2025-05-30 15:29:30,740 - ERROR - Error rendering process text: invalid color argument
2025-05-30 15:29:30,781 - ERROR - Error rendering process text: invalid color argument
2025-05-30 15:29:30,783 - ERROR - Error rendering process text: invalid color argument
2025-05-30 15:29:30,786 - ERROR - Error rendering process text: invalid color argument
2025-05-30 15:29:30,790 - ERROR - Error rendering process text: invalid color argument
2025-05-30 15:29:30,830 - ERROR - Error rendering process text: invalid color argument
2025-05-30 15:29:30,832 - ERROR - Error rendering process text: invalid color argument
2025-05-30 15:29:30,836 - ERROR - Error rendering process text: invalid color argument
2025-05-30 15:29:30,840 - ERROR - Error rendering process text: invalid color argument
2025-05-30 15:29:30,881 - ERROR - Error rendering process text: invalid color argument
2025-05-30 15:29:30,884 - ERROR - Error rendering process text: invalid color argument
2025-05-30 15:29:30,885 - ERROR - Error rendering process text: invalid color argument
2025-05-30 15:29:30,890 - ERROR - Error rendering process text: invalid color argument
2025-05-30 15:29:30,932 - ERROR - Error rendering process text: invalid color argument
2025-05-30 15:29:30,936 - ERROR - Error rendering process text: invalid color argument
2025-05-30 15:29:30,939 - ERROR - Error rendering process text: invalid color argument
2025-05-30 15:29:30,942 - ERROR - Error rendering process text: invalid color argument
2025-05-30 15:29:30,982 - ERROR - Error rendering process text: invalid color argument
2025-05-30 15:29:30,984 - ERROR - Error rendering process text: invalid color argument
2025-05-30 15:29:30,987 - ERROR - Error rendering process text: invalid color argument
2025-05-30 15:29:30,992 - ERROR - Error rendering process text: invalid color argument
2025-05-30 15:29:31,034 - ERROR - Error rendering process text: invalid color argument
2025-05-30 15:29:31,036 - ERROR - Error rendering process text: invalid color argument
2025-05-30 15:29:31,038 - ERROR - Error rendering process text: invalid color argument
2025-05-30 15:29:31,045 - ERROR - Error rendering process text: invalid color argument
2025-05-30 15:29:31,084 - ERROR - Error rendering process text: invalid color argument
2025-05-30 15:29:31,086 - ERROR - Error rendering process text: invalid color argument
2025-05-30 15:29:31,089 - ERROR - Error rendering process text: invalid color argument
2025-05-30 15:29:31,096 - ERROR - Error rendering process text: invalid color argument
2025-05-30 15:29:31,136 - ERROR - Error rendering process text: invalid color argument
2025-05-30 15:29:31,140 - ERROR - Error rendering process text: invalid color argument
2025-05-30 15:29:31,142 - ERROR - Error rendering process text: invalid color argument
2025-05-30 15:29:31,147 - ERROR - Error rendering process text: invalid color argument
2025-05-30 15:29:31,186 - ERROR - Error rendering process text: invalid color argument
2025-05-30 15:29:31,190 - ERROR - Error rendering process text: invalid color argument
2025-05-30 15:29:31,192 - ERROR - Error rendering process text: invalid color argument
2025-05-30 15:29:31,197 - ERROR - Error rendering process text: invalid color argument
2025-05-30 15:29:31,236 - ERROR - Error rendering process text: invalid color argument
2025-05-30 15:29:31,239 - ERROR - Error rendering process text: invalid color argument
2025-05-30 15:29:31,241 - ERROR - Error rendering process text: invalid color argument
2025-05-30 15:29:31,245 - ERROR - Error rendering process text: invalid color argument
2025-05-30 15:29:31,286 - ERROR - Error rendering process text: invalid color argument
2025-05-30 15:29:31,289 - ERROR - Error rendering process text: invalid color argument
2025-05-30 15:29:31,291 - ERROR - Error rendering process text: invalid color argument
2025-05-30 15:29:31,296 - ERROR - Error rendering process text: invalid color argument
2025-05-30 15:29:31,336 - ERROR - Error rendering process text: invalid color argument
2025-05-30 15:29:31,338 - ERROR - Error rendering process text: invalid color argument
2025-05-30 15:29:31,341 - ERROR - Error rendering process text: invalid color argument
2025-05-30 15:29:31,344 - ERROR - Error rendering process text: invalid color argument
2025-05-30 15:29:31,386 - ERROR - Error rendering process text: invalid color argument
2025-05-30 15:29:31,389 - ERROR - Error rendering process text: invalid color argument
2025-05-30 15:29:31,391 - ERROR - Error rendering process text: invalid color argument
2025-05-30 15:29:31,395 - ERROR - Error rendering process text: invalid color argument
2025-05-30 15:29:31,437 - ERROR - Error rendering process text: invalid color argument
2025-05-30 15:29:31,439 - ERROR - Error rendering process text: invalid color argument
2025-05-30 15:29:31,442 - ERROR - Error rendering process text: invalid color argument
2025-05-30 15:29:31,445 - ERROR - Error rendering process text: invalid color argument
2025-05-30 15:29:31,487 - ERROR - Error rendering process text: invalid color argument
2025-05-30 15:29:31,489 - ERROR - Error rendering process text: invalid color argument
2025-05-30 15:29:31,492 - ERROR - Error rendering process text: invalid color argument
2025-05-30 15:29:31,499 - ERROR - Error rendering process text: invalid color argument
2025-05-30 15:29:31,538 - ERROR - Error rendering process text: invalid color argument
2025-05-30 15:29:31,543 - ERROR - Error rendering process text: invalid color argument
2025-05-30 15:29:31,547 - ERROR - Error rendering process text: invalid color argument
2025-05-30 15:29:31,551 - ERROR - Error rendering process text: invalid color argument
2025-05-30 15:29:31,589 - ERROR - Error rendering process text: invalid color argument
2025-05-30 15:29:31,592 - ERROR - Error rendering process text: invalid color argument
2025-05-30 15:29:31,595 - ERROR - Error rendering process text: invalid color argument
2025-05-30 15:29:31,599 - ERROR - Error rendering process text: invalid color argument
2025-05-30 15:29:31,640 - ERROR - Error rendering process text: invalid color argument
2025-05-30 15:29:31,644 - ERROR - Error rendering process text: invalid color argument
2025-05-30 15:29:31,647 - ERROR - Error rendering process text: invalid color argument
2025-05-30 15:29:31,653 - ERROR - Error rendering process text: invalid color argument
2025-05-30 15:29:31,691 - ERROR - Error rendering process text: invalid color argument
2025-05-30 15:29:31,694 - ERROR - Error rendering process text: invalid color argument
2025-05-30 15:29:31,696 - ERROR - Error rendering process text: invalid color argument
2025-05-30 15:29:31,700 - ERROR - Error rendering process text: invalid color argument
2025-05-30 15:29:31,742 - ERROR - Error rendering process text: invalid color argument
2025-05-30 15:29:31,747 - ERROR - Error rendering process text: invalid color argument
2025-05-30 15:29:31,749 - ERROR - Error rendering process text: invalid color argument
2025-05-30 15:29:31,752 - ERROR - Error rendering process text: invalid color argument
2025-05-30 15:29:31,789 - ERROR - Error rendering process text: invalid color argument
2025-05-30 15:29:31,792 - ERROR - Error rendering process text: invalid color argument
2025-05-30 15:29:31,793 - ERROR - Error rendering process text: invalid color argument
2025-05-30 15:29:31,797 - ERROR - Error rendering process text: invalid color argument
2025-05-30 15:29:32,910 - ERROR - Error rendering process text: invalid color argument
2025-05-30 15:29:33,053 - ERROR - Error rendering process text: invalid color argument
2025-05-30 15:29:33,159 - ERROR - Error rendering process text: invalid color argument
2025-05-30 15:29:33,312 - ERROR - Error rendering process text: invalid color argument
2025-05-30 15:29:34,486 - ERROR - Error rendering process text: invalid color argument
2025-05-30 15:29:34,488 - ERROR - Error rendering process text: invalid color argument
2025-05-30 15:29:34,489 - ERROR - Error rendering process text: invalid color argument
2025-05-30 15:29:34,491 - ERROR - Error rendering process text: invalid color argument
2025-05-30 15:29:34,513 - ERROR - Error rendering process text: invalid color argument
2025-05-30 15:29:34,516 - ERROR - Error rendering process text: invalid color argument
2025-05-30 15:29:34,518 - ERROR - Error rendering process text: invalid color argument
2025-05-30 15:29:34,521 - ERROR - Error rendering process text: invalid color argument
2025-05-30 15:29:34,560 - ERROR - Error rendering process text: invalid color argument
2025-05-30 15:29:34,562 - ERROR - Error rendering process text: invalid color argument
2025-05-30 15:29:34,564 - ERROR - Error rendering process text: invalid color argument
2025-05-30 15:29:34,568 - ERROR - Error rendering process text: invalid color argument
2025-05-30 15:29:34,611 - ERROR - Error rendering process text: invalid color argument
2025-05-30 15:29:34,615 - ERROR - Error rendering process text: invalid color argument
2025-05-30 15:29:34,617 - ERROR - Error rendering process text: invalid color argument
2025-05-30 15:29:34,621 - ERROR - Error rendering process text: invalid color argument
2025-05-30 15:29:34,662 - ERROR - Error rendering process text: invalid color argument
2025-05-30 15:29:34,665 - ERROR - Error rendering process text: invalid color argument
2025-05-30 15:29:34,667 - ERROR - Error rendering process text: invalid color argument
2025-05-30 15:29:34,671 - ERROR - Error rendering process text: invalid color argument
2025-05-30 15:29:34,714 - ERROR - Error rendering process text: invalid color argument
2025-05-30 15:29:34,716 - ERROR - Error rendering process text: invalid color argument
2025-05-30 15:29:34,718 - ERROR - Error rendering process text: invalid color argument
2025-05-30 15:29:34,723 - ERROR - Error rendering process text: invalid color argument
2025-05-30 15:29:34,763 - ERROR - Error rendering process text: invalid color argument
2025-05-30 15:29:34,767 - ERROR - Error rendering process text: invalid color argument
2025-05-30 15:29:34,769 - ERROR - Error rendering process text: invalid color argument
2025-05-30 15:29:34,774 - ERROR - Error rendering process text: invalid color argument
2025-05-30 15:29:34,816 - ERROR - Error rendering process text: invalid color argument
2025-05-30 15:29:34,818 - ERROR - Error rendering process text: invalid color argument
2025-05-30 15:29:34,821 - ERROR - Error rendering process text: invalid color argument
2025-05-30 15:29:34,824 - ERROR - Error rendering process text: invalid color argument
2025-05-30 15:29:34,866 - ERROR - Error rendering process text: invalid color argument
2025-05-30 15:29:34,869 - ERROR - Error rendering process text: invalid color argument
2025-05-30 15:29:34,871 - ERROR - Error rendering process text: invalid color argument
2025-05-30 15:29:34,877 - ERROR - Error rendering process text: invalid color argument
2025-05-30 15:29:34,915 - ERROR - Error rendering process text: invalid color argument
2025-05-30 15:29:34,918 - ERROR - Error rendering process text: invalid color argument
2025-05-30 15:29:34,920 - ERROR - Error rendering process text: invalid color argument
2025-05-30 15:29:34,924 - ERROR - Error rendering process text: invalid color argument
2025-05-30 15:29:34,965 - ERROR - Error rendering process text: invalid color argument
2025-05-30 15:29:34,968 - ERROR - Error rendering process text: invalid color argument
2025-05-30 15:29:34,970 - ERROR - Error rendering process text: invalid color argument
2025-05-30 15:29:34,974 - ERROR - Error rendering process text: invalid color argument
2025-05-30 15:29:35,015 - ERROR - Error rendering process text: invalid color argument
2025-05-30 15:29:35,018 - ERROR - Error rendering process text: invalid color argument
2025-05-30 15:29:35,020 - ERROR - Error rendering process text: invalid color argument
2025-05-30 15:29:35,024 - ERROR - Error rendering process text: invalid color argument
2025-05-30 15:29:35,066 - ERROR - Error rendering process text: invalid color argument
2025-05-30 15:29:35,068 - ERROR - Error rendering process text: invalid color argument
2025-05-30 15:29:35,070 - ERROR - Error rendering process text: invalid color argument
2025-05-30 15:29:35,074 - ERROR - Error rendering process text: invalid color argument
2025-05-30 15:29:35,115 - ERROR - Error rendering process text: invalid color argument
2025-05-30 15:29:35,117 - ERROR - Error rendering process text: invalid color argument
2025-05-30 15:29:35,120 - ERROR - Error rendering process text: invalid color argument
2025-05-30 15:29:35,124 - ERROR - Error rendering process text: invalid color argument
2025-05-30 15:29:35,165 - ERROR - Error rendering process text: invalid color argument
2025-05-30 15:29:35,167 - ERROR - Error rendering process text: invalid color argument
2025-05-30 15:29:35,171 - ERROR - Error rendering process text: invalid color argument
2025-05-30 15:29:35,176 - ERROR - Error rendering process text: invalid color argument
2025-05-30 15:29:35,211 - ERROR - Error rendering process text: invalid color argument
2025-05-30 15:29:35,213 - ERROR - Error rendering process text: invalid color argument
2025-05-30 15:29:35,215 - ERROR - Error rendering process text: invalid color argument
2025-05-30 15:29:35,216 - ERROR - Error rendering process text: invalid color argument
2025-05-30 15:29:35,265 - ERROR - Error rendering process text: invalid color argument
2025-05-30 15:29:35,269 - ERROR - Error rendering process text: invalid color argument
2025-05-30 15:29:35,272 - ERROR - Error rendering process text: invalid color argument
2025-05-30 15:29:35,276 - ERROR - Error rendering process text: invalid color argument
2025-05-30 15:29:35,315 - ERROR - Error rendering process text: invalid color argument
2025-05-30 15:29:35,317 - ERROR - Error rendering process text: invalid color argument
2025-05-30 15:29:35,320 - ERROR - Error rendering process text: invalid color argument
2025-05-30 15:29:35,324 - ERROR - Error rendering process text: invalid color argument
2025-05-30 15:29:35,366 - ERROR - Error rendering process text: invalid color argument
2025-05-30 15:29:35,369 - ERROR - Error rendering process text: invalid color argument
2025-05-30 15:29:35,371 - ERROR - Error rendering process text: invalid color argument
2025-05-30 15:29:35,375 - ERROR - Error rendering process text: invalid color argument
2025-05-30 15:29:35,416 - ERROR - Error rendering process text: invalid color argument
2025-05-30 15:29:35,418 - ERROR - Error rendering process text: invalid color argument
2025-05-30 15:29:35,420 - ERROR - Error rendering process text: invalid color argument
2025-05-30 15:29:35,425 - ERROR - Error rendering process text: invalid color argument
2025-05-30 15:29:35,466 - ERROR - Error rendering process text: invalid color argument
2025-05-30 15:29:35,469 - ERROR - Error rendering process text: invalid color argument
2025-05-30 15:29:35,471 - ERROR - Error rendering process text: invalid color argument
2025-05-30 15:29:35,475 - ERROR - Error rendering process text: invalid color argument
2025-05-30 15:29:35,515 - ERROR - Error rendering process text: invalid color argument
2025-05-30 15:29:35,518 - ERROR - Error rendering process text: invalid color argument
2025-05-30 15:29:35,520 - ERROR - Error rendering process text: invalid color argument
2025-05-30 15:29:35,525 - ERROR - Error rendering process text: invalid color argument
2025-05-30 15:29:35,566 - ERROR - Error rendering process text: invalid color argument
2025-05-30 15:29:35,570 - ERROR - Error rendering process text: invalid color argument
2025-05-30 15:29:35,572 - ERROR - Error rendering process text: invalid color argument
2025-05-30 15:29:35,576 - ERROR - Error rendering process text: invalid color argument
2025-05-30 15:29:35,616 - ERROR - Error rendering process text: invalid color argument
2025-05-30 15:29:35,619 - ERROR - Error rendering process text: invalid color argument
2025-05-30 15:29:35,621 - ERROR - Error rendering process text: invalid color argument
2025-05-30 15:29:35,626 - ERROR - Error rendering process text: invalid color argument
2025-05-30 15:29:35,668 - ERROR - Error rendering process text: invalid color argument
2025-05-30 15:29:35,670 - ERROR - Error rendering process text: invalid color argument
2025-05-30 15:29:35,672 - ERROR - Error rendering process text: invalid color argument
2025-05-30 15:29:35,676 - ERROR - Error rendering process text: invalid color argument
2025-05-30 15:29:35,719 - ERROR - Error rendering process text: invalid color argument
2025-05-30 15:29:35,722 - ERROR - Error rendering process text: invalid color argument
2025-05-30 15:29:35,724 - ERROR - Error rendering process text: invalid color argument
2025-05-30 15:29:35,728 - ERROR - Error rendering process text: invalid color argument
2025-05-30 15:29:35,768 - ERROR - Error rendering process text: invalid color argument
2025-05-30 15:29:35,771 - ERROR - Error rendering process text: invalid color argument
2025-05-30 15:29:35,774 - ERROR - Error rendering process text: invalid color argument
2025-05-30 15:29:35,778 - ERROR - Error rendering process text: invalid color argument
2025-05-30 15:29:35,820 - ERROR - Error rendering process text: invalid color argument
2025-05-30 15:29:35,822 - ERROR - Error rendering process text: invalid color argument
2025-05-30 15:29:35,825 - ERROR - Error rendering process text: invalid color argument
2025-05-30 15:29:35,829 - ERROR - Error rendering process text: invalid color argument
2025-05-30 15:29:35,869 - ERROR - Error rendering process text: invalid color argument
2025-05-30 15:29:35,871 - ERROR - Error rendering process text: invalid color argument
2025-05-30 15:29:35,874 - ERROR - Error rendering process text: invalid color argument
2025-05-30 15:29:35,879 - ERROR - Error rendering process text: invalid color argument
2025-05-30 15:29:35,918 - ERROR - Error rendering process text: invalid color argument
2025-05-30 15:29:35,922 - ERROR - Error rendering process text: invalid color argument
2025-05-30 15:29:35,925 - ERROR - Error rendering process text: invalid color argument
2025-05-30 15:29:35,928 - ERROR - Error rendering process text: invalid color argument
2025-05-30 15:29:35,969 - ERROR - Error rendering process text: invalid color argument
2025-05-30 15:29:35,972 - ERROR - Error rendering process text: invalid color argument
2025-05-30 15:29:35,973 - ERROR - Error rendering process text: invalid color argument
2025-05-30 15:29:35,978 - ERROR - Error rendering process text: invalid color argument
2025-05-30 15:29:36,019 - ERROR - Error rendering process text: invalid color argument
2025-05-30 15:29:36,021 - ERROR - Error rendering process text: invalid color argument
2025-05-30 15:29:36,025 - ERROR - Error rendering process text: invalid color argument
2025-05-30 15:29:36,028 - ERROR - Error rendering process text: invalid color argument
2025-05-30 15:29:36,073 - ERROR - Error rendering process text: invalid color argument
2025-05-30 15:29:36,078 - ERROR - Error rendering process text: invalid color argument
2025-05-30 15:29:36,089 - ERROR - Error rendering process text: invalid color argument
2025-05-30 15:29:36,099 - ERROR - Error rendering process text: invalid color argument
2025-05-30 15:29:36,130 - ERROR - Error rendering process text: invalid color argument
2025-05-30 15:29:36,135 - ERROR - Error rendering process text: invalid color argument
2025-05-30 15:29:36,139 - ERROR - Error rendering process text: invalid color argument
2025-05-30 15:29:36,145 - ERROR - Error rendering process text: invalid color argument
2025-05-30 15:29:36,180 - ERROR - Error rendering process text: invalid color argument
2025-05-30 15:29:36,185 - ERROR - Error rendering process text: invalid color argument
2025-05-30 15:29:36,188 - ERROR - Error rendering process text: invalid color argument
2025-05-30 15:29:36,193 - ERROR - Error rendering process text: invalid color argument
2025-05-30 15:29:36,235 - ERROR - Error rendering process text: invalid color argument
2025-05-30 15:29:36,238 - ERROR - Error rendering process text: invalid color argument
2025-05-30 15:29:36,240 - ERROR - Error rendering process text: invalid color argument
2025-05-30 15:29:36,245 - ERROR - Error rendering process text: invalid color argument
2025-05-30 15:29:36,278 - ERROR - Error rendering process text: invalid color argument
2025-05-30 15:29:36,280 - ERROR - Error rendering process text: invalid color argument
2025-05-30 15:29:36,283 - ERROR - Error rendering process text: invalid color argument
2025-05-30 15:29:36,288 - ERROR - Error rendering process text: invalid color argument
2025-05-30 15:29:36,328 - ERROR - Error rendering process text: invalid color argument
2025-05-30 15:29:36,331 - ERROR - Error rendering process text: invalid color argument
2025-05-30 15:29:36,334 - ERROR - Error rendering process text: invalid color argument
2025-05-30 15:29:36,338 - ERROR - Error rendering process text: invalid color argument
2025-05-30 15:29:36,379 - ERROR - Error rendering process text: invalid color argument
2025-05-30 15:29:36,383 - ERROR - Error rendering process text: invalid color argument
2025-05-30 15:29:36,385 - ERROR - Error rendering process text: invalid color argument
2025-05-30 15:29:36,390 - ERROR - Error rendering process text: invalid color argument
2025-05-30 15:29:36,434 - ERROR - Error rendering process text: invalid color argument
2025-05-30 15:29:36,437 - ERROR - Error rendering process text: invalid color argument
2025-05-30 15:29:36,441 - ERROR - Error rendering process text: invalid color argument
2025-05-30 15:29:36,446 - ERROR - Error rendering process text: invalid color argument
2025-05-30 15:29:36,490 - ERROR - Error rendering process text: invalid color argument
2025-05-30 15:29:36,494 - ERROR - Error rendering process text: invalid color argument
2025-05-30 15:29:36,498 - ERROR - Error rendering process text: invalid color argument
2025-05-30 15:29:36,568 - ERROR - Error rendering process text: invalid color argument
2025-05-30 15:29:37,519 - ERROR - Error rendering process text: invalid color argument
2025-05-30 15:29:37,585 - ERROR - Error rendering process text: invalid color argument
2025-05-30 15:29:37,662 - ERROR - Error rendering process text: invalid color argument
2025-05-30 15:29:37,804 - ERROR - Error rendering process text: invalid color argument
2025-05-30 15:29:39,280 - ERROR - Error rendering process text: invalid color argument
2025-05-30 15:29:39,363 - ERROR - Error rendering process text: invalid color argument
2025-05-30 15:29:39,455 - ERROR - Error rendering process text: invalid color argument
2025-05-30 15:29:39,486 - ERROR - Error rendering process text: invalid color argument
2025-05-30 15:29:39,499 - ERROR - Error rendering process text: invalid color argument
2025-05-30 15:29:39,501 - ERROR - Error rendering process text: invalid color argument
2025-05-30 15:29:39,502 - ERROR - Error rendering process text: invalid color argument
2025-05-30 15:29:39,504 - ERROR - Error rendering process text: invalid color argument
2025-05-30 15:29:39,551 - ERROR - Error rendering process text: invalid color argument
2025-05-30 15:29:39,554 - ERROR - Error rendering process text: invalid color argument
2025-05-30 15:29:39,556 - ERROR - Error rendering process text: invalid color argument
2025-05-30 15:29:39,560 - ERROR - Error rendering process text: invalid color argument
2025-05-30 15:29:39,602 - ERROR - Error rendering process text: invalid color argument
2025-05-30 15:29:39,605 - ERROR - Error rendering process text: invalid color argument
2025-05-30 15:29:39,607 - ERROR - Error rendering process text: invalid color argument
2025-05-30 15:29:39,613 - ERROR - Error rendering process text: invalid color argument
2025-05-30 15:29:39,653 - ERROR - Error rendering process text: invalid color argument
2025-05-30 15:29:39,656 - ERROR - Error rendering process text: invalid color argument
2025-05-30 15:29:39,659 - ERROR - Error rendering process text: invalid color argument
2025-05-30 15:29:39,665 - ERROR - Error rendering process text: invalid color argument
2025-05-30 15:29:39,704 - ERROR - Error rendering process text: invalid color argument
2025-05-30 15:29:39,706 - ERROR - Error rendering process text: invalid color argument
2025-05-30 15:29:39,708 - ERROR - Error rendering process text: invalid color argument
2025-05-30 15:29:39,714 - ERROR - Error rendering process text: invalid color argument
2025-05-30 15:29:39,753 - ERROR - Error rendering process text: invalid color argument
2025-05-30 15:29:39,756 - ERROR - Error rendering process text: invalid color argument
2025-05-30 15:29:39,759 - ERROR - Error rendering process text: invalid color argument
2025-05-30 15:29:39,764 - ERROR - Error rendering process text: invalid color argument
2025-05-30 15:29:39,804 - ERROR - Error rendering process text: invalid color argument
2025-05-30 15:29:39,806 - ERROR - Error rendering process text: invalid color argument
2025-05-30 15:29:39,809 - ERROR - Error rendering process text: invalid color argument
2025-05-30 15:29:39,814 - ERROR - Error rendering process text: invalid color argument
2025-05-30 15:29:39,854 - ERROR - Error rendering process text: invalid color argument
2025-05-30 15:29:39,856 - ERROR - Error rendering process text: invalid color argument
2025-05-30 15:29:39,863 - ERROR - Error rendering process text: invalid color argument
2025-05-30 15:29:39,868 - ERROR - Error rendering process text: invalid color argument
2025-05-30 15:29:39,904 - ERROR - Error rendering process text: invalid color argument
2025-05-30 15:29:39,906 - ERROR - Error rendering process text: invalid color argument
2025-05-30 15:29:39,908 - ERROR - Error rendering process text: invalid color argument
2025-05-30 15:29:39,914 - ERROR - Error rendering process text: invalid color argument
2025-05-30 15:29:39,954 - ERROR - Error rendering process text: invalid color argument
2025-05-30 15:29:39,956 - ERROR - Error rendering process text: invalid color argument
2025-05-30 15:29:39,958 - ERROR - Error rendering process text: invalid color argument
2025-05-30 15:29:39,964 - ERROR - Error rendering process text: invalid color argument
2025-05-30 15:29:40,004 - ERROR - Error rendering process text: invalid color argument
2025-05-30 15:29:40,006 - ERROR - Error rendering process text: invalid color argument
2025-05-30 15:29:40,009 - ERROR - Error rendering process text: invalid color argument
2025-05-30 15:29:40,015 - ERROR - Error rendering process text: invalid color argument
2025-05-30 15:29:40,054 - ERROR - Error rendering process text: invalid color argument
2025-05-30 15:29:40,056 - ERROR - Error rendering process text: invalid color argument
2025-05-30 15:29:40,059 - ERROR - Error rendering process text: invalid color argument
2025-05-30 15:29:40,065 - ERROR - Error rendering process text: invalid color argument
2025-05-30 15:29:40,107 - ERROR - Error rendering process text: invalid color argument
2025-05-30 15:29:40,109 - ERROR - Error rendering process text: invalid color argument
2025-05-30 15:29:40,112 - ERROR - Error rendering process text: invalid color argument
2025-05-30 15:29:40,116 - ERROR - Error rendering process text: invalid color argument
2025-05-30 15:29:40,155 - ERROR - Error rendering process text: invalid color argument
2025-05-30 15:29:40,157 - ERROR - Error rendering process text: invalid color argument
2025-05-30 15:29:40,159 - ERROR - Error rendering process text: invalid color argument
2025-05-30 15:29:40,164 - ERROR - Error rendering process text: invalid color argument
2025-05-30 15:29:40,205 - ERROR - Error rendering process text: invalid color argument
2025-05-30 15:29:40,207 - ERROR - Error rendering process text: invalid color argument
2025-05-30 15:29:40,212 - ERROR - Error rendering process text: invalid color argument
2025-05-30 15:29:40,215 - ERROR - Error rendering process text: invalid color argument
2025-05-30 15:29:40,256 - ERROR - Error rendering process text: invalid color argument
2025-05-30 15:29:40,258 - ERROR - Error rendering process text: invalid color argument
2025-05-30 15:29:40,261 - ERROR - Error rendering process text: invalid color argument
2025-05-30 15:29:40,265 - ERROR - Error rendering process text: invalid color argument
2025-05-30 15:29:40,318 - ERROR - Error rendering process text: invalid color argument
2025-05-30 15:29:40,320 - ERROR - Error rendering process text: invalid color argument
2025-05-30 15:29:40,322 - ERROR - Error rendering process text: invalid color argument
2025-05-30 15:29:40,324 - ERROR - Error rendering process text: invalid color argument
2025-05-30 15:29:40,354 - ERROR - Error rendering process text: invalid color argument
2025-05-30 15:29:40,356 - ERROR - Error rendering process text: invalid color argument
2025-05-30 15:29:40,361 - ERROR - Error rendering process text: invalid color argument
2025-05-30 15:29:40,364 - ERROR - Error rendering process text: invalid color argument
2025-05-30 15:29:40,404 - ERROR - Error rendering process text: invalid color argument
2025-05-30 15:29:40,405 - ERROR - Error rendering process text: invalid color argument
2025-05-30 15:29:40,408 - ERROR - Error rendering process text: invalid color argument
2025-05-30 15:29:40,413 - ERROR - Error rendering process text: invalid color argument
2025-05-30 15:29:40,454 - ERROR - Error rendering process text: invalid color argument
2025-05-30 15:29:40,455 - ERROR - Error rendering process text: invalid color argument
2025-05-30 15:29:40,457 - ERROR - Error rendering process text: invalid color argument
2025-05-30 15:29:40,460 - ERROR - Error rendering process text: invalid color argument
2025-05-30 15:29:40,507 - ERROR - Error rendering process text: invalid color argument
2025-05-30 15:29:40,509 - ERROR - Error rendering process text: invalid color argument
2025-05-30 15:29:40,513 - ERROR - Error rendering process text: invalid color argument
2025-05-30 15:29:40,516 - ERROR - Error rendering process text: invalid color argument
2025-05-30 15:29:40,557 - ERROR - Error rendering process text: invalid color argument
2025-05-30 15:29:40,561 - ERROR - Error rendering process text: invalid color argument
2025-05-30 15:29:40,564 - ERROR - Error rendering process text: invalid color argument
2025-05-30 15:29:40,567 - ERROR - Error rendering process text: invalid color argument
2025-05-30 15:29:40,607 - ERROR - Error rendering process text: invalid color argument
2025-05-30 15:29:40,609 - ERROR - Error rendering process text: invalid color argument
2025-05-30 15:29:40,612 - ERROR - Error rendering process text: invalid color argument
2025-05-30 15:29:40,616 - ERROR - Error rendering process text: invalid color argument
2025-05-30 15:29:40,658 - ERROR - Error rendering process text: invalid color argument
2025-05-30 15:29:40,660 - ERROR - Error rendering process text: invalid color argument
2025-05-30 15:29:40,663 - ERROR - Error rendering process text: invalid color argument
2025-05-30 15:29:40,667 - ERROR - Error rendering process text: invalid color argument
2025-05-30 15:29:40,709 - ERROR - Error rendering process text: invalid color argument
2025-05-30 15:29:40,711 - ERROR - Error rendering process text: invalid color argument
2025-05-30 15:29:40,715 - ERROR - Error rendering process text: invalid color argument
2025-05-30 15:29:40,719 - ERROR - Error rendering process text: invalid color argument
2025-05-30 15:29:40,757 - ERROR - Error rendering process text: invalid color argument
2025-05-30 15:29:40,759 - ERROR - Error rendering process text: invalid color argument
2025-05-30 15:29:40,763 - ERROR - Error rendering process text: invalid color argument
2025-05-30 15:29:40,769 - ERROR - Error rendering process text: invalid color argument
2025-05-30 15:29:40,807 - ERROR - Error rendering process text: invalid color argument
2025-05-30 15:29:40,811 - ERROR - Error rendering process text: invalid color argument
2025-05-30 15:29:40,814 - ERROR - Error rendering process text: invalid color argument
2025-05-30 15:29:40,817 - ERROR - Error rendering process text: invalid color argument
2025-05-30 15:29:40,859 - ERROR - Error rendering process text: invalid color argument
2025-05-30 15:29:40,862 - ERROR - Error rendering process text: invalid color argument
2025-05-30 15:29:40,866 - ERROR - Error rendering process text: invalid color argument
2025-05-30 15:29:40,873 - ERROR - Error rendering process text: invalid color argument
2025-05-30 15:29:40,907 - ERROR - Error rendering process text: invalid color argument
2025-05-30 15:29:40,908 - ERROR - Error rendering process text: invalid color argument
2025-05-30 15:29:40,910 - ERROR - Error rendering process text: invalid color argument
2025-05-30 15:29:40,913 - ERROR - Error rendering process text: invalid color argument
2025-05-30 15:29:40,957 - ERROR - Error rendering process text: invalid color argument
2025-05-30 15:29:40,958 - ERROR - Error rendering process text: invalid color argument
2025-05-30 15:29:40,960 - ERROR - Error rendering process text: invalid color argument
2025-05-30 15:29:40,963 - ERROR - Error rendering process text: invalid color argument
2025-05-30 15:29:41,012 - ERROR - Error rendering process text: invalid color argument
2025-05-30 15:29:41,014 - ERROR - Error rendering process text: invalid color argument
2025-05-30 15:29:41,018 - ERROR - Error rendering process text: invalid color argument
2025-05-30 15:29:41,021 - ERROR - Error rendering process text: invalid color argument
2025-05-30 15:29:41,063 - ERROR - Error rendering process text: invalid color argument
2025-05-30 15:29:41,065 - ERROR - Error rendering process text: invalid color argument
2025-05-30 15:29:41,069 - ERROR - Error rendering process text: invalid color argument
2025-05-30 15:29:41,073 - ERROR - Error rendering process text: invalid color argument
2025-05-30 15:29:41,121 - ERROR - Error rendering process text: invalid color argument
2025-05-30 15:29:41,124 - ERROR - Error rendering process text: invalid color argument
2025-05-30 15:29:41,128 - ERROR - Error rendering process text: invalid color argument
2025-05-30 15:29:41,130 - ERROR - Error rendering process text: invalid color argument
2025-05-30 15:29:41,160 - ERROR - Error rendering process text: invalid color argument
2025-05-30 15:29:41,162 - ERROR - Error rendering process text: invalid color argument
2025-05-30 15:29:41,164 - ERROR - Error rendering process text: invalid color argument
2025-05-30 15:29:41,167 - ERROR - Error rendering process text: invalid color argument
2025-05-30 15:29:41,212 - ERROR - Error rendering process text: invalid color argument
2025-05-30 15:29:41,214 - ERROR - Error rendering process text: invalid color argument
2025-05-30 15:29:41,215 - ERROR - Error rendering process text: invalid color argument
2025-05-30 15:29:41,218 - ERROR - Error rendering process text: invalid color argument
2025-05-30 15:29:41,265 - ERROR - Error rendering process text: invalid color argument
2025-05-30 15:29:41,268 - ERROR - Error rendering process text: invalid color argument
2025-05-30 15:29:41,271 - ERROR - Error rendering process text: invalid color argument
2025-05-30 15:29:41,275 - ERROR - Error rendering process text: invalid color argument
2025-05-30 15:29:41,316 - ERROR - Error rendering process text: invalid color argument
2025-05-30 15:29:41,318 - ERROR - Error rendering process text: invalid color argument
2025-05-30 15:29:41,323 - ERROR - Error rendering process text: invalid color argument
2025-05-30 15:29:41,327 - ERROR - Error rendering process text: invalid color argument
2025-05-30 15:29:41,366 - ERROR - Error rendering process text: invalid color argument
2025-05-30 15:29:41,368 - ERROR - Error rendering process text: invalid color argument
2025-05-30 15:29:41,373 - ERROR - Error rendering process text: invalid color argument
2025-05-30 15:29:41,377 - ERROR - Error rendering process text: invalid color argument
2025-05-30 15:29:41,419 - ERROR - Error rendering process text: invalid color argument
2025-05-30 15:29:41,422 - ERROR - Error rendering process text: invalid color argument
2025-05-30 15:29:41,425 - ERROR - Error rendering process text: invalid color argument
2025-05-30 15:29:41,429 - ERROR - Error rendering process text: invalid color argument
2025-05-30 15:29:41,468 - ERROR - Error rendering process text: invalid color argument
2025-05-30 15:29:41,473 - ERROR - Error rendering process text: invalid color argument
2025-05-30 15:29:41,476 - ERROR - Error rendering process text: invalid color argument
2025-05-30 15:29:41,483 - ERROR - Error rendering process text: invalid color argument
2025-05-30 15:29:42,592 - ERROR - Error rendering process text: invalid color argument
2025-05-30 15:29:42,651 - ERROR - Error rendering process text: invalid color argument
2025-05-30 15:29:42,719 - ERROR - Error rendering process text: invalid color argument
2025-05-30 15:29:42,925 - ERROR - Error rendering process text: invalid color argument
2025-05-30 15:29:44,089 - ERROR - Error rendering process text: invalid color argument
2025-05-30 15:29:44,171 - ERROR - Error rendering process text: invalid color argument
2025-05-30 15:29:44,232 - ERROR - Error rendering process text: invalid color argument
2025-05-30 15:29:44,258 - ERROR - Error rendering process text: invalid color argument
2025-05-30 15:29:44,272 - INFO - New process node created - PID: 17024, Name: firefox.exe, Parent PID: 10652
2025-05-30 15:29:44,278 - ERROR - Error rendering process text: invalid color argument
2025-05-30 15:29:44,279 - ERROR - Error rendering process text: invalid color argument
2025-05-30 15:29:44,281 - ERROR - Error rendering process text: invalid color argument
2025-05-30 15:29:44,283 - ERROR - Error rendering process text: invalid color argument
2025-05-30 15:29:44,323 - ERROR - Error rendering process text: invalid color argument
2025-05-30 15:29:44,324 - ERROR - Error rendering process text: invalid color argument
2025-05-30 15:29:44,327 - ERROR - Error rendering process text: invalid color argument
2025-05-30 15:29:44,331 - ERROR - Error rendering process text: invalid color argument
2025-05-30 15:29:44,374 - ERROR - Error rendering process text: invalid color argument
2025-05-30 15:29:44,376 - ERROR - Error rendering process text: invalid color argument
2025-05-30 15:29:44,378 - ERROR - Error rendering process text: invalid color argument
2025-05-30 15:29:44,382 - ERROR - Error rendering process text: invalid color argument
2025-05-30 15:29:44,425 - ERROR - Error rendering process text: invalid color argument
2025-05-30 15:29:44,427 - ERROR - Error rendering process text: invalid color argument
2025-05-30 15:29:44,430 - ERROR - Error rendering process text: invalid color argument
2025-05-30 15:29:44,433 - ERROR - Error rendering process text: invalid color argument
2025-05-30 15:29:44,474 - ERROR - Error rendering process text: invalid color argument
2025-05-30 15:29:44,476 - ERROR - Error rendering process text: invalid color argument
2025-05-30 15:29:44,479 - ERROR - Error rendering process text: invalid color argument
2025-05-30 15:29:44,483 - ERROR - Error rendering process text: invalid color argument
2025-05-30 15:29:44,525 - ERROR - Error rendering process text: invalid color argument
2025-05-30 15:29:44,527 - ERROR - Error rendering process text: invalid color argument
2025-05-30 15:29:44,530 - ERROR - Error rendering process text: invalid color argument
2025-05-30 15:29:44,534 - ERROR - Error rendering process text: invalid color argument
2025-05-30 15:29:44,573 - ERROR - Error rendering process text: invalid color argument
2025-05-30 15:29:44,576 - ERROR - Error rendering process text: invalid color argument
2025-05-30 15:29:44,579 - ERROR - Error rendering process text: invalid color argument
2025-05-30 15:29:44,583 - ERROR - Error rendering process text: invalid color argument
2025-05-30 15:29:44,624 - ERROR - Error rendering process text: invalid color argument
2025-05-30 15:29:44,627 - ERROR - Error rendering process text: invalid color argument
2025-05-30 15:29:44,629 - ERROR - Error rendering process text: invalid color argument
2025-05-30 15:29:44,633 - ERROR - Error rendering process text: invalid color argument
2025-05-30 15:29:44,676 - ERROR - Error rendering process text: invalid color argument
2025-05-30 15:29:44,678 - ERROR - Error rendering process text: invalid color argument
2025-05-30 15:29:44,681 - ERROR - Error rendering process text: invalid color argument
2025-05-30 15:29:44,686 - ERROR - Error rendering process text: invalid color argument
2025-05-30 15:29:44,724 - ERROR - Error rendering process text: invalid color argument
2025-05-30 15:29:44,727 - ERROR - Error rendering process text: invalid color argument
2025-05-30 15:29:44,730 - ERROR - Error rendering process text: invalid color argument
2025-05-30 15:29:44,736 - ERROR - Error rendering process text: invalid color argument
2025-05-30 15:29:44,775 - ERROR - Error rendering process text: invalid color argument
2025-05-30 15:29:44,778 - ERROR - Error rendering process text: invalid color argument
2025-05-30 15:29:44,781 - ERROR - Error rendering process text: invalid color argument
2025-05-30 15:29:44,786 - ERROR - Error rendering process text: invalid color argument
2025-05-30 15:29:44,826 - ERROR - Error rendering process text: invalid color argument
2025-05-30 15:29:44,827 - ERROR - Error rendering process text: invalid color argument
2025-05-30 15:29:44,830 - ERROR - Error rendering process text: invalid color argument
2025-05-30 15:29:44,834 - ERROR - Error rendering process text: invalid color argument
2025-05-30 15:29:44,877 - ERROR - Error rendering process text: invalid color argument
2025-05-30 15:29:44,879 - ERROR - Error rendering process text: invalid color argument
2025-05-30 15:29:44,883 - ERROR - Error rendering process text: invalid color argument
2025-05-30 15:29:44,887 - ERROR - Error rendering process text: invalid color argument
2025-05-30 15:29:44,926 - ERROR - Error rendering process text: invalid color argument
2025-05-30 15:29:44,928 - ERROR - Error rendering process text: invalid color argument
2025-05-30 15:29:44,932 - ERROR - Error rendering process text: invalid color argument
2025-05-30 15:29:44,936 - ERROR - Error rendering process text: invalid color argument
2025-05-30 15:29:44,978 - ERROR - Error rendering process text: invalid color argument
2025-05-30 15:29:44,980 - ERROR - Error rendering process text: invalid color argument
2025-05-30 15:29:44,984 - ERROR - Error rendering process text: invalid color argument
2025-05-30 15:29:44,988 - ERROR - Error rendering process text: invalid color argument
2025-05-30 15:29:45,029 - ERROR - Error rendering process text: invalid color argument
2025-05-30 15:29:45,031 - ERROR - Error rendering process text: invalid color argument
2025-05-30 15:29:45,035 - ERROR - Error rendering process text: invalid color argument
2025-05-30 15:29:45,039 - ERROR - Error rendering process text: invalid color argument
2025-05-30 15:29:45,082 - ERROR - Error rendering process text: invalid color argument
2025-05-30 15:29:45,085 - ERROR - Error rendering process text: invalid color argument
2025-05-30 15:29:45,089 - ERROR - Error rendering process text: invalid color argument
2025-05-30 15:29:45,095 - ERROR - Error rendering process text: invalid color argument
2025-05-30 15:29:45,130 - ERROR - Error rendering process text: invalid color argument
2025-05-30 15:29:45,133 - ERROR - Error rendering process text: invalid color argument
2025-05-30 15:29:45,136 - ERROR - Error rendering process text: invalid color argument
2025-05-30 15:29:45,141 - ERROR - Error rendering process text: invalid color argument
2025-05-30 15:29:45,180 - ERROR - Error rendering process text: invalid color argument
2025-05-30 15:29:45,186 - ERROR - Error rendering process text: invalid color argument
2025-05-30 15:29:45,189 - ERROR - Error rendering process text: invalid color argument
2025-05-30 15:29:45,195 - ERROR - Error rendering process text: invalid color argument
2025-05-30 15:29:45,230 - ERROR - Error rendering process text: invalid color argument
2025-05-30 15:29:45,232 - ERROR - Error rendering process text: invalid color argument
2025-05-30 15:29:45,235 - ERROR - Error rendering process text: invalid color argument
2025-05-30 15:29:45,239 - ERROR - Error rendering process text: invalid color argument
2025-05-30 15:29:45,280 - ERROR - Error rendering process text: invalid color argument
2025-05-30 15:29:45,282 - ERROR - Error rendering process text: invalid color argument
2025-05-30 15:29:45,285 - ERROR - Error rendering process text: invalid color argument
2025-05-30 15:29:45,290 - ERROR - Error rendering process text: invalid color argument
2025-05-30 15:29:45,330 - ERROR - Error rendering process text: invalid color argument
2025-05-30 15:29:45,332 - ERROR - Error rendering process text: invalid color argument
2025-05-30 15:29:45,335 - ERROR - Error rendering process text: invalid color argument
2025-05-30 15:29:45,340 - ERROR - Error rendering process text: invalid color argument
2025-05-30 15:29:45,381 - ERROR - Error rendering process text: invalid color argument
2025-05-30 15:29:45,384 - ERROR - Error rendering process text: invalid color argument
2025-05-30 15:29:45,388 - ERROR - Error rendering process text: invalid color argument
2025-05-30 15:29:45,393 - ERROR - Error rendering process text: invalid color argument
2025-05-30 15:29:45,431 - ERROR - Error rendering process text: invalid color argument
2025-05-30 15:29:45,434 - ERROR - Error rendering process text: invalid color argument
2025-05-30 15:29:45,437 - ERROR - Error rendering process text: invalid color argument
2025-05-30 15:29:45,442 - ERROR - Error rendering process text: invalid color argument
2025-05-30 15:29:45,482 - ERROR - Error rendering process text: invalid color argument
2025-05-30 15:29:45,485 - ERROR - Error rendering process text: invalid color argument
2025-05-30 15:29:45,488 - ERROR - Error rendering process text: invalid color argument
2025-05-30 15:29:45,493 - ERROR - Error rendering process text: invalid color argument
2025-05-30 15:29:45,531 - ERROR - Error rendering process text: invalid color argument
2025-05-30 15:29:45,534 - ERROR - Error rendering process text: invalid color argument
2025-05-30 15:29:45,538 - ERROR - Error rendering process text: invalid color argument
2025-05-30 15:29:45,543 - ERROR - Error rendering process text: invalid color argument
2025-05-30 15:29:45,582 - ERROR - Error rendering process text: invalid color argument
2025-05-30 15:29:45,585 - ERROR - Error rendering process text: invalid color argument
2025-05-30 15:29:45,588 - ERROR - Error rendering process text: invalid color argument
2025-05-30 15:29:45,593 - ERROR - Error rendering process text: invalid color argument
2025-05-30 15:29:45,633 - ERROR - Error rendering process text: invalid color argument
2025-05-30 15:29:45,636 - ERROR - Error rendering process text: invalid color argument
2025-05-30 15:29:45,639 - ERROR - Error rendering process text: invalid color argument
2025-05-30 15:29:45,644 - ERROR - Error rendering process text: invalid color argument
2025-05-30 15:29:45,684 - ERROR - Error rendering process text: invalid color argument
2025-05-30 15:29:45,686 - ERROR - Error rendering process text: invalid color argument
2025-05-30 15:29:45,691 - ERROR - Error rendering process text: invalid color argument
2025-05-30 15:29:45,695 - ERROR - Error rendering process text: invalid color argument
2025-05-30 15:29:45,733 - ERROR - Error rendering process text: invalid color argument
2025-05-30 15:29:45,735 - ERROR - Error rendering process text: invalid color argument
2025-05-30 15:29:45,739 - ERROR - Error rendering process text: invalid color argument
2025-05-30 15:29:45,744 - ERROR - Error rendering process text: invalid color argument
2025-05-30 15:29:45,782 - ERROR - Error rendering process text: invalid color argument
2025-05-30 15:29:45,786 - ERROR - Error rendering process text: invalid color argument
2025-05-30 15:29:45,788 - ERROR - Error rendering process text: invalid color argument
2025-05-30 15:29:45,794 - ERROR - Error rendering process text: invalid color argument
2025-05-30 15:29:45,834 - ERROR - Error rendering process text: invalid color argument
2025-05-30 15:29:45,837 - ERROR - Error rendering process text: invalid color argument
2025-05-30 15:29:45,841 - ERROR - Error rendering process text: invalid color argument
2025-05-30 15:29:45,845 - ERROR - Error rendering process text: invalid color argument
2025-05-30 15:29:45,884 - ERROR - Error rendering process text: invalid color argument
2025-05-30 15:29:45,887 - ERROR - Error rendering process text: invalid color argument
2025-05-30 15:29:45,891 - ERROR - Error rendering process text: invalid color argument
2025-05-30 15:29:45,895 - ERROR - Error rendering process text: invalid color argument
2025-05-30 15:29:45,938 - ERROR - Error rendering process text: invalid color argument
2025-05-30 15:29:45,942 - ERROR - Error rendering process text: invalid color argument
2025-05-30 15:29:45,946 - ERROR - Error rendering process text: invalid color argument
2025-05-30 15:29:45,950 - ERROR - Error rendering process text: invalid color argument
2025-05-30 15:29:45,986 - ERROR - Error rendering process text: invalid color argument
2025-05-30 15:29:45,988 - ERROR - Error rendering process text: invalid color argument
2025-05-30 15:29:45,992 - ERROR - Error rendering process text: invalid color argument
2025-05-30 15:29:45,997 - ERROR - Error rendering process text: invalid color argument
2025-05-30 15:29:46,035 - ERROR - Error rendering process text: invalid color argument
2025-05-30 15:29:46,038 - ERROR - Error rendering process text: invalid color argument
2025-05-30 15:29:46,042 - ERROR - Error rendering process text: invalid color argument
2025-05-30 15:29:46,046 - ERROR - Error rendering process text: invalid color argument
2025-05-30 15:29:46,088 - ERROR - Error rendering process text: invalid color argument
2025-05-30 15:29:46,091 - ERROR - Error rendering process text: invalid color argument
2025-05-30 15:29:46,095 - ERROR - Error rendering process text: invalid color argument
2025-05-30 15:29:46,100 - ERROR - Error rendering process text: invalid color argument
2025-05-30 15:29:46,144 - ERROR - Error rendering process text: invalid color argument
2025-05-30 15:29:46,153 - ERROR - Error rendering process text: invalid color argument
2025-05-30 15:29:46,159 - ERROR - Error rendering process text: invalid color argument
2025-05-30 15:29:46,167 - ERROR - Error rendering process text: invalid color argument
2025-05-30 15:29:46,188 - ERROR - Error rendering process text: invalid color argument
2025-05-30 15:29:46,190 - ERROR - Error rendering process text: invalid color argument
2025-05-30 15:29:46,194 - ERROR - Error rendering process text: invalid color argument
2025-05-30 15:29:46,199 - ERROR - Error rendering process text: invalid color argument
2025-05-30 15:29:46,239 - ERROR - Error rendering process text: invalid color argument
2025-05-30 15:29:46,243 - ERROR - Error rendering process text: invalid color argument
2025-05-30 15:29:46,245 - ERROR - Error rendering process text: invalid color argument
2025-05-30 15:29:46,248 - ERROR - Error rendering process text: invalid color argument
2025-05-30 15:29:47,449 - ERROR - Error rendering process text: invalid color argument
2025-05-30 15:29:47,501 - ERROR - Error rendering process text: invalid color argument
2025-05-30 15:29:47,559 - ERROR - Error rendering process text: invalid color argument
2025-05-30 15:29:47,717 - ERROR - Error rendering process text: invalid color argument
2025-05-30 15:29:48,663 - ERROR - Error rendering process text: invalid color argument
2025-05-30 15:29:48,739 - ERROR - Error rendering process text: invalid color argument
2025-05-30 15:29:48,825 - ERROR - Error rendering process text: invalid color argument
2025-05-30 15:29:48,961 - ERROR - Error rendering process text: invalid color argument
2025-05-30 15:29:49,044 - ERROR - Error rendering process text: invalid color argument
2025-05-30 15:29:49,045 - ERROR - Error rendering process text: invalid color argument
2025-05-30 15:29:49,047 - ERROR - Error rendering process text: invalid color argument
2025-05-30 15:29:49,048 - ERROR - Error rendering process text: invalid color argument
2025-05-30 15:29:49,087 - ERROR - Error rendering process text: invalid color argument
2025-05-30 15:29:49,089 - ERROR - Error rendering process text: invalid color argument
2025-05-30 15:29:49,092 - ERROR - Error rendering process text: invalid color argument
2025-05-30 15:29:49,096 - ERROR - Error rendering process text: invalid color argument
2025-05-30 15:29:49,138 - ERROR - Error rendering process text: invalid color argument
2025-05-30 15:29:49,140 - ERROR - Error rendering process text: invalid color argument
2025-05-30 15:29:49,144 - ERROR - Error rendering process text: invalid color argument
2025-05-30 15:29:49,147 - ERROR - Error rendering process text: invalid color argument
2025-05-30 15:29:49,188 - ERROR - Error rendering process text: invalid color argument
2025-05-30 15:29:49,190 - ERROR - Error rendering process text: invalid color argument
2025-05-30 15:29:49,192 - ERROR - Error rendering process text: invalid color argument
2025-05-30 15:29:49,198 - ERROR - Error rendering process text: invalid color argument
2025-05-30 15:29:49,239 - ERROR - Error rendering process text: invalid color argument
2025-05-30 15:29:49,242 - ERROR - Error rendering process text: invalid color argument
2025-05-30 15:29:49,245 - ERROR - Error rendering process text: invalid color argument
2025-05-30 15:29:49,249 - ERROR - Error rendering process text: invalid color argument
2025-05-30 15:29:49,290 - ERROR - Error rendering process text: invalid color argument
2025-05-30 15:29:49,291 - ERROR - Error rendering process text: invalid color argument
2025-05-30 15:29:49,295 - ERROR - Error rendering process text: invalid color argument
2025-05-30 15:29:49,299 - ERROR - Error rendering process text: invalid color argument
2025-05-30 15:29:49,341 - ERROR - Error rendering process text: invalid color argument
2025-05-30 15:29:49,345 - ERROR - Error rendering process text: invalid color argument
2025-05-30 15:29:49,346 - ERROR - Error rendering process text: invalid color argument
2025-05-30 15:29:49,350 - ERROR - Error rendering process text: invalid color argument
2025-05-30 15:29:49,391 - ERROR - Error rendering process text: invalid color argument
2025-05-30 15:29:49,394 - ERROR - Error rendering process text: invalid color argument
2025-05-30 15:29:49,396 - ERROR - Error rendering process text: invalid color argument
2025-05-30 15:29:49,400 - ERROR - Error rendering process text: invalid color argument
2025-05-30 15:29:49,441 - ERROR - Error rendering process text: invalid color argument
2025-05-30 15:29:49,444 - ERROR - Error rendering process text: invalid color argument
2025-05-30 15:29:49,446 - ERROR - Error rendering process text: invalid color argument
2025-05-30 15:29:49,450 - ERROR - Error rendering process text: invalid color argument
2025-05-30 15:29:49,493 - ERROR - Error rendering process text: invalid color argument
2025-05-30 15:29:49,496 - ERROR - Error rendering process text: invalid color argument
2025-05-30 15:29:49,499 - ERROR - Error rendering process text: invalid color argument
2025-05-30 15:29:49,503 - ERROR - Error rendering process text: invalid color argument
2025-05-30 15:29:49,542 - ERROR - Error rendering process text: invalid color argument
2025-05-30 15:29:49,544 - ERROR - Error rendering process text: invalid color argument
2025-05-30 15:29:49,547 - ERROR - Error rendering process text: invalid color argument
2025-05-30 15:29:49,552 - ERROR - Error rendering process text: invalid color argument
2025-05-30 15:29:49,593 - ERROR - Error rendering process text: invalid color argument
2025-05-30 15:29:49,594 - ERROR - Error rendering process text: invalid color argument
2025-05-30 15:29:49,597 - ERROR - Error rendering process text: invalid color argument
2025-05-30 15:29:49,601 - ERROR - Error rendering process text: invalid color argument
2025-05-30 15:29:49,641 - ERROR - Error rendering process text: invalid color argument
2025-05-30 15:29:49,646 - ERROR - Error rendering process text: invalid color argument
2025-05-30 15:29:49,649 - ERROR - Error rendering process text: invalid color argument
2025-05-30 15:29:49,653 - ERROR - Error rendering process text: invalid color argument
2025-05-30 15:29:49,693 - ERROR - Error rendering process text: invalid color argument
2025-05-30 15:29:49,696 - ERROR - Error rendering process text: invalid color argument
2025-05-30 15:29:49,699 - ERROR - Error rendering process text: invalid color argument
2025-05-30 15:29:49,702 - ERROR - Error rendering process text: invalid color argument
2025-05-30 15:29:49,744 - ERROR - Error rendering process text: invalid color argument
2025-05-30 15:29:49,746 - ERROR - Error rendering process text: invalid color argument
2025-05-30 15:29:49,749 - ERROR - Error rendering process text: invalid color argument
2025-05-30 15:29:49,753 - ERROR - Error rendering process text: invalid color argument
2025-05-30 15:29:49,793 - ERROR - Error rendering process text: invalid color argument
2025-05-30 15:29:49,797 - ERROR - Error rendering process text: invalid color argument
2025-05-30 15:29:49,799 - ERROR - Error rendering process text: invalid color argument
2025-05-30 15:29:49,804 - ERROR - Error rendering process text: invalid color argument
2025-05-30 15:29:49,844 - ERROR - Error rendering process text: invalid color argument
2025-05-30 15:29:49,846 - ERROR - Error rendering process text: invalid color argument
2025-05-30 15:29:49,850 - ERROR - Error rendering process text: invalid color argument
2025-05-30 15:29:49,855 - ERROR - Error rendering process text: invalid color argument
2025-05-30 15:29:49,908 - ERROR - Error rendering process text: invalid color argument
2025-05-30 15:29:49,912 - ERROR - Error rendering process text: invalid color argument
2025-05-30 15:29:49,914 - ERROR - Error rendering process text: invalid color argument
2025-05-30 15:29:49,918 - ERROR - Error rendering process text: invalid color argument
2025-05-30 15:29:49,951 - ERROR - Error rendering process text: invalid color argument
2025-05-30 15:29:49,954 - ERROR - Error rendering process text: invalid color argument
2025-05-30 15:29:49,956 - ERROR - Error rendering process text: invalid color argument
2025-05-30 15:29:49,960 - ERROR - Error rendering process text: invalid color argument
2025-05-30 15:29:50,001 - ERROR - Error rendering process text: invalid color argument
2025-05-30 15:29:50,004 - ERROR - Error rendering process text: invalid color argument
2025-05-30 15:29:50,007 - ERROR - Error rendering process text: invalid color argument
2025-05-30 15:29:50,011 - ERROR - Error rendering process text: invalid color argument
2025-05-30 15:29:50,053 - ERROR - Error rendering process text: invalid color argument
2025-05-30 15:29:50,056 - ERROR - Error rendering process text: invalid color argument
2025-05-30 15:29:50,058 - ERROR - Error rendering process text: invalid color argument
2025-05-30 15:29:50,062 - ERROR - Error rendering process text: invalid color argument
2025-05-30 15:29:50,103 - ERROR - Error rendering process text: invalid color argument
2025-05-30 15:29:50,105 - ERROR - Error rendering process text: invalid color argument
2025-05-30 15:29:50,110 - ERROR - Error rendering process text: invalid color argument
2025-05-30 15:29:50,115 - ERROR - Error rendering process text: invalid color argument
2025-05-30 15:29:50,154 - ERROR - Error rendering process text: invalid color argument
2025-05-30 15:29:50,156 - ERROR - Error rendering process text: invalid color argument
2025-05-30 15:29:50,159 - ERROR - Error rendering process text: invalid color argument
2025-05-30 15:29:50,162 - ERROR - Error rendering process text: invalid color argument
2025-05-30 15:29:50,203 - ERROR - Error rendering process text: invalid color argument
2025-05-30 15:29:50,206 - ERROR - Error rendering process text: invalid color argument
2025-05-30 15:29:50,209 - ERROR - Error rendering process text: invalid color argument
2025-05-30 15:29:50,213 - ERROR - Error rendering process text: invalid color argument
2025-05-30 15:29:50,256 - ERROR - Error rendering process text: invalid color argument
2025-05-30 15:29:50,258 - ERROR - Error rendering process text: invalid color argument
2025-05-30 15:29:50,261 - ERROR - Error rendering process text: invalid color argument
2025-05-30 15:29:50,265 - ERROR - Error rendering process text: invalid color argument
2025-05-30 15:29:50,304 - ERROR - Error rendering process text: invalid color argument
2025-05-30 15:29:50,307 - ERROR - Error rendering process text: invalid color argument
2025-05-30 15:29:50,310 - ERROR - Error rendering process text: invalid color argument
2025-05-30 15:29:50,314 - ERROR - Error rendering process text: invalid color argument
2025-05-30 15:29:50,355 - ERROR - Error rendering process text: invalid color argument
2025-05-30 15:29:50,357 - ERROR - Error rendering process text: invalid color argument
2025-05-30 15:29:50,360 - ERROR - Error rendering process text: invalid color argument
2025-05-30 15:29:50,365 - ERROR - Error rendering process text: invalid color argument
2025-05-30 15:29:50,406 - ERROR - Error rendering process text: invalid color argument
2025-05-30 15:29:50,407 - ERROR - Error rendering process text: invalid color argument
2025-05-30 15:29:50,410 - ERROR - Error rendering process text: invalid color argument
2025-05-30 15:29:50,415 - ERROR - Error rendering process text: invalid color argument
2025-05-30 15:29:50,455 - ERROR - Error rendering process text: invalid color argument
2025-05-30 15:29:50,457 - ERROR - Error rendering process text: invalid color argument
2025-05-30 15:29:50,459 - ERROR - Error rendering process text: invalid color argument
2025-05-30 15:29:50,463 - ERROR - Error rendering process text: invalid color argument
2025-05-30 15:29:50,507 - ERROR - Error rendering process text: invalid color argument
2025-05-30 15:29:50,511 - ERROR - Error rendering process text: invalid color argument
2025-05-30 15:29:50,515 - ERROR - Error rendering process text: invalid color argument
2025-05-30 15:29:50,521 - ERROR - Error rendering process text: invalid color argument
2025-05-30 15:29:50,556 - ERROR - Error rendering process text: invalid color argument
2025-05-30 15:29:50,558 - ERROR - Error rendering process text: invalid color argument
2025-05-30 15:29:50,561 - ERROR - Error rendering process text: invalid color argument
2025-05-30 15:29:50,565 - ERROR - Error rendering process text: invalid color argument
2025-05-30 15:29:50,607 - ERROR - Error rendering process text: invalid color argument
2025-05-30 15:29:50,609 - ERROR - Error rendering process text: invalid color argument
2025-05-30 15:29:50,612 - ERROR - Error rendering process text: invalid color argument
2025-05-30 15:29:50,616 - ERROR - Error rendering process text: invalid color argument
2025-05-30 15:29:50,659 - ERROR - Error rendering process text: invalid color argument
2025-05-30 15:29:50,662 - ERROR - Error rendering process text: invalid color argument
2025-05-30 15:29:50,666 - ERROR - Error rendering process text: invalid color argument
2025-05-30 15:29:50,671 - ERROR - Error rendering process text: invalid color argument
2025-05-30 15:29:50,712 - ERROR - Error rendering process text: invalid color argument
2025-05-30 15:29:50,716 - ERROR - Error rendering process text: invalid color argument
2025-05-30 15:29:50,719 - ERROR - Error rendering process text: invalid color argument
2025-05-30 15:29:50,724 - ERROR - Error rendering process text: invalid color argument
2025-05-30 15:29:50,761 - ERROR - Error rendering process text: invalid color argument
2025-05-30 15:29:50,764 - ERROR - Error rendering process text: invalid color argument
2025-05-30 15:29:50,767 - ERROR - Error rendering process text: invalid color argument
2025-05-30 15:29:50,772 - ERROR - Error rendering process text: invalid color argument
2025-05-30 15:29:50,810 - ERROR - Error rendering process text: invalid color argument
2025-05-30 15:29:50,814 - ERROR - Error rendering process text: invalid color argument
2025-05-30 15:29:50,817 - ERROR - Error rendering process text: invalid color argument
2025-05-30 15:29:50,821 - ERROR - Error rendering process text: invalid color argument
2025-05-30 15:29:50,861 - ERROR - Error rendering process text: invalid color argument
2025-05-30 15:29:50,865 - ERROR - Error rendering process text: invalid color argument
2025-05-30 15:29:50,868 - ERROR - Error rendering process text: invalid color argument
2025-05-30 15:29:50,872 - ERROR - Error rendering process text: invalid color argument
2025-05-30 15:29:50,910 - ERROR - Error rendering process text: invalid color argument
2025-05-30 15:29:50,913 - ERROR - Error rendering process text: invalid color argument
2025-05-30 15:29:50,916 - ERROR - Error rendering process text: invalid color argument
2025-05-30 15:29:50,920 - ERROR - Error rendering process text: invalid color argument
2025-05-30 15:29:50,961 - ERROR - Error rendering process text: invalid color argument
2025-05-30 15:29:50,964 - ERROR - Error rendering process text: invalid color argument
2025-05-30 15:29:50,967 - ERROR - Error rendering process text: invalid color argument
2025-05-30 15:29:50,973 - ERROR - Error rendering process text: invalid color argument
2025-05-30 15:29:51,011 - ERROR - Error rendering process text: invalid color argument
2025-05-30 15:29:51,014 - ERROR - Error rendering process text: invalid color argument
2025-05-30 15:29:51,017 - ERROR - Error rendering process text: invalid color argument
2025-05-30 15:29:51,021 - ERROR - Error rendering process text: invalid color argument
2025-05-30 15:29:52,086 - ERROR - Error rendering process text: invalid color argument
2025-05-30 15:29:52,162 - ERROR - Error rendering process text: invalid color argument
2025-05-30 15:29:52,242 - ERROR - Error rendering process text: invalid color argument
2025-05-30 15:29:52,405 - ERROR - Error rendering process text: invalid color argument
2025-05-30 15:29:53,419 - ERROR - Error rendering process text: invalid color argument
2025-05-30 15:29:53,490 - ERROR - Error rendering process text: invalid color argument
2025-05-30 15:29:53,563 - ERROR - Error rendering process text: invalid color argument
2025-05-30 15:29:53,689 - ERROR - Error rendering process text: invalid color argument
2025-05-30 15:29:53,751 - ERROR - Error rendering process text: invalid color argument
2025-05-30 15:29:53,752 - ERROR - Error rendering process text: invalid color argument
2025-05-30 15:29:53,754 - ERROR - Error rendering process text: invalid color argument
2025-05-30 15:29:53,755 - ERROR - Error rendering process text: invalid color argument
2025-05-30 15:29:53,759 - ERROR - Error rendering process text: invalid color argument
2025-05-30 15:29:53,803 - ERROR - Error rendering process text: invalid color argument
2025-05-30 15:29:53,804 - ERROR - Error rendering process text: invalid color argument
2025-05-30 15:29:53,809 - ERROR - Error rendering process text: invalid color argument
2025-05-30 15:29:53,811 - ERROR - Error rendering process text: invalid color argument
2025-05-30 15:29:53,814 - ERROR - Error rendering process text: invalid color argument
2025-05-30 15:29:53,855 - ERROR - Error rendering process text: invalid color argument
2025-05-30 15:29:53,857 - ERROR - Error rendering process text: invalid color argument
2025-05-30 15:29:53,860 - ERROR - Error rendering process text: invalid color argument
2025-05-30 15:29:53,862 - ERROR - Error rendering process text: invalid color argument
2025-05-30 15:29:53,866 - ERROR - Error rendering process text: invalid color argument
2025-05-30 15:29:53,905 - ERROR - Error rendering process text: invalid color argument
2025-05-30 15:29:53,906 - ERROR - Error rendering process text: invalid color argument
2025-05-30 15:29:53,910 - ERROR - Error rendering process text: invalid color argument
2025-05-30 15:29:53,912 - ERROR - Error rendering process text: invalid color argument
2025-05-30 15:29:53,917 - ERROR - Error rendering process text: invalid color argument
2025-05-30 15:29:53,956 - ERROR - Error rendering process text: invalid color argument
2025-05-30 15:29:53,957 - ERROR - Error rendering process text: invalid color argument
2025-05-30 15:29:53,960 - ERROR - Error rendering process text: invalid color argument
2025-05-30 15:29:53,964 - ERROR - Error rendering process text: invalid color argument
2025-05-30 15:29:53,968 - ERROR - Error rendering process text: invalid color argument
2025-05-30 15:29:54,006 - ERROR - Error rendering process text: invalid color argument
2025-05-30 15:29:54,009 - ERROR - Error rendering process text: invalid color argument
2025-05-30 15:29:54,012 - ERROR - Error rendering process text: invalid color argument
2025-05-30 15:29:54,015 - ERROR - Error rendering process text: invalid color argument
2025-05-30 15:29:54,019 - ERROR - Error rendering process text: invalid color argument
2025-05-30 15:29:54,053 - ERROR - Error rendering process text: invalid color argument
2025-05-30 15:29:54,054 - ERROR - Error rendering process text: invalid color argument
2025-05-30 15:29:54,056 - ERROR - Error rendering process text: invalid color argument
2025-05-30 15:29:54,059 - ERROR - Error rendering process text: invalid color argument
2025-05-30 15:29:54,062 - ERROR - Error rendering process text: invalid color argument
2025-05-30 15:29:54,103 - ERROR - Error rendering process text: invalid color argument
2025-05-30 15:29:54,104 - ERROR - Error rendering process text: invalid color argument
2025-05-30 15:29:54,106 - ERROR - Error rendering process text: invalid color argument
2025-05-30 15:29:54,109 - ERROR - Error rendering process text: invalid color argument
2025-05-30 15:29:54,111 - ERROR - Error rendering process text: invalid color argument
2025-05-30 15:29:54,157 - ERROR - Error rendering process text: invalid color argument
2025-05-30 15:29:54,157 - ERROR - Error rendering process text: invalid color argument
2025-05-30 15:29:54,161 - ERROR - Error rendering process text: invalid color argument
2025-05-30 15:29:54,164 - ERROR - Error rendering process text: invalid color argument
2025-05-30 15:29:54,167 - ERROR - Error rendering process text: invalid color argument
2025-05-30 15:29:54,206 - ERROR - Error rendering process text: invalid color argument
2025-05-30 15:29:54,208 - ERROR - Error rendering process text: invalid color argument
2025-05-30 15:29:54,211 - ERROR - Error rendering process text: invalid color argument
2025-05-30 15:29:54,213 - ERROR - Error rendering process text: invalid color argument
2025-05-30 15:29:54,217 - ERROR - Error rendering process text: invalid color argument
2025-05-30 15:29:54,256 - ERROR - Error rendering process text: invalid color argument
2025-05-30 15:29:54,257 - ERROR - Error rendering process text: invalid color argument
2025-05-30 15:29:54,259 - ERROR - Error rendering process text: invalid color argument
2025-05-30 15:29:54,263 - ERROR - Error rendering process text: invalid color argument
2025-05-30 15:29:54,267 - ERROR - Error rendering process text: invalid color argument
2025-05-30 15:29:54,306 - ERROR - Error rendering process text: invalid color argument
2025-05-30 15:29:54,307 - ERROR - Error rendering process text: invalid color argument
2025-05-30 15:29:54,310 - ERROR - Error rendering process text: invalid color argument
2025-05-30 15:29:54,315 - ERROR - Error rendering process text: invalid color argument
2025-05-30 15:29:54,318 - ERROR - Error rendering process text: invalid color argument
2025-05-30 15:29:54,356 - ERROR - Error rendering process text: invalid color argument
2025-05-30 15:29:54,359 - ERROR - Error rendering process text: invalid color argument
2025-05-30 15:29:54,362 - ERROR - Error rendering process text: invalid color argument
2025-05-30 15:29:54,364 - ERROR - Error rendering process text: invalid color argument
2025-05-30 15:29:54,368 - ERROR - Error rendering process text: invalid color argument
2025-05-30 15:29:54,407 - ERROR - Error rendering process text: invalid color argument
2025-05-30 15:29:54,409 - ERROR - Error rendering process text: invalid color argument
2025-05-30 15:29:54,412 - ERROR - Error rendering process text: invalid color argument
2025-05-30 15:29:54,414 - ERROR - Error rendering process text: invalid color argument
2025-05-30 15:29:54,420 - ERROR - Error rendering process text: invalid color argument
2025-05-30 15:29:54,458 - ERROR - Error rendering process text: invalid color argument
2025-05-30 15:29:54,459 - ERROR - Error rendering process text: invalid color argument
2025-05-30 15:29:54,462 - ERROR - Error rendering process text: invalid color argument
2025-05-30 15:29:54,465 - ERROR - Error rendering process text: invalid color argument
2025-05-30 15:29:54,470 - ERROR - Error rendering process text: invalid color argument
2025-05-30 15:29:54,508 - ERROR - Error rendering process text: invalid color argument
2025-05-30 15:29:54,510 - ERROR - Error rendering process text: invalid color argument
2025-05-30 15:29:54,513 - ERROR - Error rendering process text: invalid color argument
2025-05-30 15:29:54,516 - ERROR - Error rendering process text: invalid color argument
2025-05-30 15:29:54,520 - ERROR - Error rendering process text: invalid color argument
2025-05-30 15:29:54,558 - ERROR - Error rendering process text: invalid color argument
2025-05-30 15:29:54,559 - ERROR - Error rendering process text: invalid color argument
2025-05-30 15:29:54,562 - ERROR - Error rendering process text: invalid color argument
2025-05-30 15:29:54,564 - ERROR - Error rendering process text: invalid color argument
2025-05-30 15:29:54,570 - ERROR - Error rendering process text: invalid color argument
2025-05-30 15:29:54,608 - ERROR - Error rendering process text: invalid color argument
2025-05-30 15:29:54,608 - ERROR - Error rendering process text: invalid color argument
2025-05-30 15:29:54,612 - ERROR - Error rendering process text: invalid color argument
2025-05-30 15:29:54,614 - ERROR - Error rendering process text: invalid color argument
2025-05-30 15:29:54,619 - ERROR - Error rendering process text: invalid color argument
2025-05-30 15:29:54,658 - ERROR - Error rendering process text: invalid color argument
2025-05-30 15:29:54,659 - ERROR - Error rendering process text: invalid color argument
2025-05-30 15:29:54,662 - ERROR - Error rendering process text: invalid color argument
2025-05-30 15:29:54,665 - ERROR - Error rendering process text: invalid color argument
2025-05-30 15:29:54,669 - ERROR - Error rendering process text: invalid color argument
2025-05-30 15:29:54,708 - ERROR - Error rendering process text: invalid color argument
2025-05-30 15:29:54,709 - ERROR - Error rendering process text: invalid color argument
2025-05-30 15:29:54,713 - ERROR - Error rendering process text: invalid color argument
2025-05-30 15:29:54,716 - ERROR - Error rendering process text: invalid color argument
2025-05-30 15:29:54,720 - ERROR - Error rendering process text: invalid color argument
2025-05-30 15:29:54,758 - ERROR - Error rendering process text: invalid color argument
2025-05-30 15:29:54,760 - ERROR - Error rendering process text: invalid color argument
2025-05-30 15:29:54,763 - ERROR - Error rendering process text: invalid color argument
2025-05-30 15:29:54,767 - ERROR - Error rendering process text: invalid color argument
2025-05-30 15:29:54,770 - ERROR - Error rendering process text: invalid color argument
2025-05-30 15:29:54,809 - ERROR - Error rendering process text: invalid color argument
2025-05-30 15:29:54,810 - ERROR - Error rendering process text: invalid color argument
2025-05-30 15:29:54,814 - ERROR - Error rendering process text: invalid color argument
2025-05-30 15:29:54,816 - ERROR - Error rendering process text: invalid color argument
2025-05-30 15:29:54,821 - ERROR - Error rendering process text: invalid color argument
2025-05-30 15:29:54,860 - ERROR - Error rendering process text: invalid color argument
2025-05-30 15:29:54,862 - ERROR - Error rendering process text: invalid color argument
2025-05-30 15:29:54,865 - ERROR - Error rendering process text: invalid color argument
2025-05-30 15:29:54,870 - ERROR - Error rendering process text: invalid color argument
2025-05-30 15:29:54,873 - ERROR - Error rendering process text: invalid color argument
2025-05-30 15:29:54,911 - ERROR - Error rendering process text: invalid color argument
2025-05-30 15:29:54,913 - ERROR - Error rendering process text: invalid color argument
2025-05-30 15:29:54,916 - ERROR - Error rendering process text: invalid color argument
2025-05-30 15:29:54,919 - ERROR - Error rendering process text: invalid color argument
2025-05-30 15:29:54,924 - ERROR - Error rendering process text: invalid color argument
2025-05-30 15:29:54,970 - ERROR - Error rendering process text: invalid color argument
2025-05-30 15:29:54,972 - ERROR - Error rendering process text: invalid color argument
2025-05-30 15:29:54,978 - ERROR - Error rendering process text: invalid color argument
2025-05-30 15:29:54,984 - ERROR - Error rendering process text: invalid color argument
2025-05-30 15:29:54,989 - ERROR - Error rendering process text: invalid color argument
2025-05-30 15:29:55,021 - ERROR - Error rendering process text: invalid color argument
2025-05-30 15:29:55,024 - ERROR - Error rendering process text: invalid color argument
2025-05-30 15:29:55,026 - ERROR - Error rendering process text: invalid color argument
2025-05-30 15:29:55,030 - ERROR - Error rendering process text: invalid color argument
2025-05-30 15:29:55,032 - ERROR - Error rendering process text: invalid color argument
2025-05-30 15:29:55,065 - ERROR - Error rendering process text: invalid color argument
2025-05-30 15:29:55,066 - ERROR - Error rendering process text: invalid color argument
2025-05-30 15:29:55,068 - ERROR - Error rendering process text: invalid color argument
2025-05-30 15:29:55,068 - ERROR - Error rendering process text: invalid color argument
2025-05-30 15:29:55,073 - ERROR - Error rendering process text: invalid color argument
2025-05-30 15:29:55,120 - ERROR - Error rendering process text: invalid color argument
2025-05-30 15:29:55,122 - ERROR - Error rendering process text: invalid color argument
2025-05-30 15:29:55,125 - ERROR - Error rendering process text: invalid color argument
2025-05-30 15:29:55,128 - ERROR - Error rendering process text: invalid color argument
2025-05-30 15:29:55,132 - ERROR - Error rendering process text: invalid color argument
2025-05-30 15:29:55,170 - ERROR - Error rendering process text: invalid color argument
2025-05-30 15:29:55,172 - ERROR - Error rendering process text: invalid color argument
2025-05-30 15:29:55,175 - ERROR - Error rendering process text: invalid color argument
2025-05-30 15:29:55,177 - ERROR - Error rendering process text: invalid color argument
2025-05-30 15:29:55,182 - ERROR - Error rendering process text: invalid color argument
2025-05-30 15:29:55,221 - ERROR - Error rendering process text: invalid color argument
2025-05-30 15:29:55,223 - ERROR - Error rendering process text: invalid color argument
2025-05-30 15:29:55,226 - ERROR - Error rendering process text: invalid color argument
2025-05-30 15:29:55,228 - ERROR - Error rendering process text: invalid color argument
2025-05-30 15:29:55,233 - ERROR - Error rendering process text: invalid color argument
2025-05-30 15:29:55,271 - ERROR - Error rendering process text: invalid color argument
2025-05-30 15:29:55,272 - ERROR - Error rendering process text: invalid color argument
2025-05-30 15:29:55,276 - ERROR - Error rendering process text: invalid color argument
2025-05-30 15:29:55,278 - ERROR - Error rendering process text: invalid color argument
2025-05-30 15:29:55,282 - ERROR - Error rendering process text: invalid color argument
2025-05-30 15:29:55,321 - ERROR - Error rendering process text: invalid color argument
2025-05-30 15:29:55,323 - ERROR - Error rendering process text: invalid color argument
2025-05-30 15:29:55,326 - ERROR - Error rendering process text: invalid color argument
2025-05-30 15:29:55,328 - ERROR - Error rendering process text: invalid color argument
2025-05-30 15:29:55,333 - ERROR - Error rendering process text: invalid color argument
2025-05-30 15:29:55,370 - ERROR - Error rendering process text: invalid color argument
2025-05-30 15:29:55,372 - ERROR - Error rendering process text: invalid color argument
2025-05-30 15:29:55,376 - ERROR - Error rendering process text: invalid color argument
2025-05-30 15:29:55,378 - ERROR - Error rendering process text: invalid color argument
2025-05-30 15:29:55,382 - ERROR - Error rendering process text: invalid color argument
2025-05-30 15:29:55,421 - ERROR - Error rendering process text: invalid color argument
2025-05-30 15:29:55,422 - ERROR - Error rendering process text: invalid color argument
2025-05-30 15:29:55,426 - ERROR - Error rendering process text: invalid color argument
2025-05-30 15:29:55,428 - ERROR - Error rendering process text: invalid color argument
2025-05-30 15:29:55,433 - ERROR - Error rendering process text: invalid color argument
2025-05-30 15:29:55,474 - ERROR - Error rendering process text: invalid color argument
2025-05-30 15:29:55,478 - ERROR - Error rendering process text: invalid color argument
2025-05-30 15:29:55,482 - ERROR - Error rendering process text: invalid color argument
2025-05-30 15:29:55,487 - ERROR - Error rendering process text: invalid color argument
2025-05-30 15:29:55,492 - ERROR - Error rendering process text: invalid color argument
2025-05-30 15:29:55,519 - ERROR - Error rendering process text: invalid color argument
2025-05-30 15:29:55,520 - ERROR - Error rendering process text: invalid color argument
2025-05-30 15:29:55,522 - ERROR - Error rendering process text: invalid color argument
2025-05-30 15:29:55,525 - ERROR - Error rendering process text: invalid color argument
2025-05-30 15:29:55,529 - ERROR - Error rendering process text: invalid color argument
2025-05-30 15:29:55,567 - ERROR - Error rendering process text: invalid color argument
2025-05-30 15:29:55,569 - ERROR - Error rendering process text: invalid color argument
2025-05-30 15:29:55,572 - ERROR - Error rendering process text: invalid color argument
2025-05-30 15:29:55,574 - ERROR - Error rendering process text: invalid color argument
2025-05-30 15:29:55,578 - ERROR - Error rendering process text: invalid color argument
2025-05-30 15:29:55,616 - ERROR - Error rendering process text: invalid color argument
2025-05-30 15:29:55,617 - ERROR - Error rendering process text: invalid color argument
2025-05-30 15:29:55,619 - ERROR - Error rendering process text: invalid color argument
2025-05-30 15:29:55,622 - ERROR - Error rendering process text: invalid color argument
2025-05-30 15:29:55,624 - ERROR - Error rendering process text: invalid color argument
2025-05-30 15:29:55,670 - ERROR - Error rendering process text: invalid color argument
2025-05-30 15:29:55,670 - ERROR - Error rendering process text: invalid color argument
2025-05-30 15:29:55,673 - ERROR - Error rendering process text: invalid color argument
2025-05-30 15:29:55,675 - ERROR - Error rendering process text: invalid color argument
2025-05-30 15:29:55,678 - ERROR - Error rendering process text: invalid color argument
2025-05-30 15:29:55,723 - ERROR - Error rendering process text: invalid color argument
2025-05-30 15:29:55,724 - ERROR - Error rendering process text: invalid color argument
2025-05-30 15:29:55,727 - ERROR - Error rendering process text: invalid color argument
2025-05-30 15:29:55,730 - ERROR - Error rendering process text: invalid color argument
2025-05-30 15:29:55,734 - ERROR - Error rendering process text: invalid color argument
2025-05-30 15:29:56,599 - ERROR - Error rendering process text: invalid color argument
2025-05-30 15:29:56,647 - ERROR - Error rendering process text: invalid color argument
2025-05-30 15:29:56,726 - ERROR - Error rendering process text: invalid color argument
2025-05-30 15:29:56,814 - ERROR - Error rendering process text: invalid color argument
2025-05-30 15:29:56,942 - ERROR - Error rendering process text: invalid color argument
2025-05-30 15:29:57,596 - ERROR - Error rendering process text: invalid color argument
2025-05-30 15:29:57,664 - ERROR - Error rendering process text: invalid color argument
2025-05-30 15:29:57,731 - ERROR - Error rendering process text: invalid color argument
2025-05-30 15:29:57,806 - ERROR - Error rendering process text: invalid color argument
2025-05-30 15:29:57,936 - ERROR - Error rendering process text: invalid color argument
2025-05-30 15:29:58,453 - ERROR - Error rendering process text: invalid color argument
2025-05-30 15:29:58,454 - ERROR - Error rendering process text: invalid color argument
2025-05-30 15:29:58,458 - ERROR - Error rendering process text: invalid color argument
2025-05-30 15:29:58,459 - ERROR - Error rendering process text: invalid color argument
2025-05-30 15:29:58,460 - ERROR - Error rendering process text: invalid color argument
2025-05-30 15:29:58,473 - ERROR - Error rendering process text: invalid color argument
2025-05-30 15:29:58,474 - ERROR - Error rendering process text: invalid color argument
2025-05-30 15:29:58,475 - ERROR - Error rendering process text: invalid color argument
2025-05-30 15:29:58,476 - ERROR - Error rendering process text: invalid color argument
2025-05-30 15:29:58,478 - ERROR - Error rendering process text: invalid color argument
2025-05-30 15:29:58,524 - ERROR - Error rendering process text: invalid color argument
2025-05-30 15:29:58,526 - ERROR - Error rendering process text: invalid color argument
2025-05-30 15:29:58,528 - ERROR - Error rendering process text: invalid color argument
2025-05-30 15:29:58,531 - ERROR - Error rendering process text: invalid color argument
2025-05-30 15:29:58,534 - ERROR - Error rendering process text: invalid color argument
2025-05-30 15:29:58,576 - ERROR - Error rendering process text: invalid color argument
2025-05-30 15:29:58,577 - ERROR - Error rendering process text: invalid color argument
2025-05-30 15:29:58,580 - ERROR - Error rendering process text: invalid color argument
2025-05-30 15:29:58,583 - ERROR - Error rendering process text: invalid color argument
2025-05-30 15:29:58,586 - ERROR - Error rendering process text: invalid color argument
2025-05-30 15:29:58,626 - ERROR - Error rendering process text: invalid color argument
2025-05-30 15:29:58,627 - ERROR - Error rendering process text: invalid color argument
2025-05-30 15:29:58,630 - ERROR - Error rendering process text: invalid color argument
2025-05-30 15:29:58,633 - ERROR - Error rendering process text: invalid color argument
2025-05-30 15:29:58,636 - ERROR - Error rendering process text: invalid color argument
2025-05-30 15:29:58,676 - ERROR - Error rendering process text: invalid color argument
2025-05-30 15:29:58,678 - ERROR - Error rendering process text: invalid color argument
2025-05-30 15:29:58,680 - ERROR - Error rendering process text: invalid color argument
2025-05-30 15:29:58,683 - ERROR - Error rendering process text: invalid color argument
2025-05-30 15:29:58,686 - ERROR - Error rendering process text: invalid color argument
2025-05-30 15:29:58,725 - ERROR - Error rendering process text: invalid color argument
2025-05-30 15:29:58,727 - ERROR - Error rendering process text: invalid color argument
2025-05-30 15:29:58,729 - ERROR - Error rendering process text: invalid color argument
2025-05-30 15:29:58,732 - ERROR - Error rendering process text: invalid color argument
2025-05-30 15:29:58,735 - ERROR - Error rendering process text: invalid color argument
2025-05-30 15:29:58,775 - ERROR - Error rendering process text: invalid color argument
2025-05-30 15:29:58,777 - ERROR - Error rendering process text: invalid color argument
2025-05-30 15:29:58,779 - ERROR - Error rendering process text: invalid color argument
2025-05-30 15:29:58,782 - ERROR - Error rendering process text: invalid color argument
2025-05-30 15:29:58,786 - ERROR - Error rendering process text: invalid color argument
2025-05-30 15:29:58,826 - ERROR - Error rendering process text: invalid color argument
2025-05-30 15:29:58,828 - ERROR - Error rendering process text: invalid color argument
2025-05-30 15:29:58,832 - ERROR - Error rendering process text: invalid color argument
2025-05-30 15:29:58,835 - ERROR - Error rendering process text: invalid color argument
2025-05-30 15:29:58,839 - ERROR - Error rendering process text: invalid color argument
2025-05-30 15:29:58,877 - ERROR - Error rendering process text: invalid color argument
2025-05-30 15:29:58,878 - ERROR - Error rendering process text: invalid color argument
2025-05-30 15:29:58,883 - ERROR - Error rendering process text: invalid color argument
2025-05-30 15:29:58,886 - ERROR - Error rendering process text: invalid color argument
2025-05-30 15:29:58,890 - ERROR - Error rendering process text: invalid color argument
2025-05-30 15:29:58,928 - ERROR - Error rendering process text: invalid color argument
2025-05-30 15:29:58,930 - ERROR - Error rendering process text: invalid color argument
2025-05-30 15:29:58,932 - ERROR - Error rendering process text: invalid color argument
2025-05-30 15:29:58,935 - ERROR - Error rendering process text: invalid color argument
2025-05-30 15:29:58,939 - ERROR - Error rendering process text: invalid color argument
2025-05-30 15:29:58,978 - ERROR - Error rendering process text: invalid color argument
2025-05-30 15:29:58,980 - ERROR - Error rendering process text: invalid color argument
2025-05-30 15:29:58,984 - ERROR - Error rendering process text: invalid color argument
2025-05-30 15:29:58,986 - ERROR - Error rendering process text: invalid color argument
2025-05-30 15:29:58,991 - ERROR - Error rendering process text: invalid color argument
2025-05-30 15:29:59,026 - ERROR - Error rendering process text: invalid color argument
2025-05-30 15:29:59,028 - ERROR - Error rendering process text: invalid color argument
2025-05-30 15:29:59,031 - ERROR - Error rendering process text: invalid color argument
2025-05-30 15:29:59,033 - ERROR - Error rendering process text: invalid color argument
2025-05-30 15:29:59,036 - ERROR - Error rendering process text: invalid color argument
2025-05-30 15:29:59,075 - ERROR - Error rendering process text: invalid color argument
2025-05-30 15:29:59,077 - ERROR - Error rendering process text: invalid color argument
2025-05-30 15:29:59,079 - ERROR - Error rendering process text: invalid color argument
2025-05-30 15:29:59,082 - ERROR - Error rendering process text: invalid color argument
2025-05-30 15:29:59,086 - ERROR - Error rendering process text: invalid color argument
2025-05-30 15:29:59,124 - ERROR - Error rendering process text: invalid color argument
2025-05-30 15:29:59,125 - ERROR - Error rendering process text: invalid color argument
2025-05-30 15:29:59,126 - ERROR - Error rendering process text: invalid color argument
2025-05-30 15:29:59,129 - ERROR - Error rendering process text: invalid color argument
2025-05-30 15:29:59,131 - ERROR - Error rendering process text: invalid color argument
2025-05-30 15:29:59,177 - ERROR - Error rendering process text: invalid color argument
2025-05-30 15:29:59,178 - ERROR - Error rendering process text: invalid color argument
2025-05-30 15:29:59,181 - ERROR - Error rendering process text: invalid color argument
2025-05-30 15:29:59,185 - ERROR - Error rendering process text: invalid color argument
2025-05-30 15:29:59,189 - ERROR - Error rendering process text: invalid color argument
2025-05-30 15:29:59,228 - ERROR - Error rendering process text: invalid color argument
2025-05-30 15:29:59,229 - ERROR - Error rendering process text: invalid color argument
2025-05-30 15:29:59,231 - ERROR - Error rendering process text: invalid color argument
2025-05-30 15:29:59,235 - ERROR - Error rendering process text: invalid color argument
2025-05-30 15:29:59,239 - ERROR - Error rendering process text: invalid color argument
2025-05-30 15:29:59,277 - ERROR - Error rendering process text: invalid color argument
2025-05-30 15:29:59,279 - ERROR - Error rendering process text: invalid color argument
2025-05-30 15:29:59,281 - ERROR - Error rendering process text: invalid color argument
2025-05-30 15:29:59,285 - ERROR - Error rendering process text: invalid color argument
2025-05-30 15:29:59,289 - ERROR - Error rendering process text: invalid color argument
2025-05-30 15:29:59,325 - ERROR - Error rendering process text: invalid color argument
2025-05-30 15:29:59,326 - ERROR - Error rendering process text: invalid color argument
2025-05-30 15:29:59,329 - ERROR - Error rendering process text: invalid color argument
2025-05-30 15:29:59,331 - ERROR - Error rendering process text: invalid color argument
2025-05-30 15:29:59,332 - ERROR - Error rendering process text: invalid color argument
2025-05-30 15:29:59,376 - ERROR - Error rendering process text: invalid color argument
2025-05-30 15:29:59,377 - ERROR - Error rendering process text: invalid color argument
2025-05-30 15:29:59,379 - ERROR - Error rendering process text: invalid color argument
2025-05-30 15:29:59,381 - ERROR - Error rendering process text: invalid color argument
2025-05-30 15:29:59,383 - ERROR - Error rendering process text: invalid color argument
2025-05-30 15:29:59,430 - ERROR - Error rendering process text: invalid color argument
2025-05-30 15:29:59,430 - ERROR - Error rendering process text: invalid color argument
2025-05-30 15:29:59,435 - ERROR - Error rendering process text: invalid color argument
2025-05-30 15:29:59,438 - ERROR - Error rendering process text: invalid color argument
2025-05-30 15:29:59,442 - ERROR - Error rendering process text: invalid color argument
2025-05-30 15:29:59,481 - ERROR - Error rendering process text: invalid color argument
2025-05-30 15:29:59,484 - ERROR - Error rendering process text: invalid color argument
2025-05-30 15:29:59,487 - ERROR - Error rendering process text: invalid color argument
2025-05-30 15:29:59,489 - ERROR - Error rendering process text: invalid color argument
2025-05-30 15:29:59,494 - ERROR - Error rendering process text: invalid color argument
2025-05-30 15:29:59,533 - ERROR - Error rendering process text: invalid color argument
2025-05-30 15:29:59,535 - ERROR - Error rendering process text: invalid color argument
2025-05-30 15:29:59,539 - ERROR - Error rendering process text: invalid color argument
2025-05-30 15:29:59,541 - ERROR - Error rendering process text: invalid color argument
2025-05-30 15:29:59,545 - ERROR - Error rendering process text: invalid color argument
2025-05-30 15:29:59,583 - ERROR - Error rendering process text: invalid color argument
2025-05-30 15:29:59,584 - ERROR - Error rendering process text: invalid color argument
2025-05-30 15:29:59,588 - ERROR - Error rendering process text: invalid color argument
2025-05-30 15:29:59,591 - ERROR - Error rendering process text: invalid color argument
2025-05-30 15:29:59,595 - ERROR - Error rendering process text: invalid color argument
2025-05-30 15:29:59,633 - ERROR - Error rendering process text: invalid color argument
2025-05-30 15:29:59,634 - ERROR - Error rendering process text: invalid color argument
2025-05-30 15:29:59,638 - ERROR - Error rendering process text: invalid color argument
2025-05-30 15:29:59,641 - ERROR - Error rendering process text: invalid color argument
2025-05-30 15:29:59,645 - ERROR - Error rendering process text: invalid color argument
2025-05-30 15:29:59,683 - ERROR - Error rendering process text: invalid color argument
2025-05-30 15:29:59,685 - ERROR - Error rendering process text: invalid color argument
2025-05-30 15:29:59,689 - ERROR - Error rendering process text: invalid color argument
2025-05-30 15:29:59,692 - ERROR - Error rendering process text: invalid color argument
2025-05-30 15:29:59,695 - ERROR - Error rendering process text: invalid color argument
2025-05-30 15:29:59,734 - ERROR - Error rendering process text: invalid color argument
2025-05-30 15:29:59,735 - ERROR - Error rendering process text: invalid color argument
2025-05-30 15:29:59,740 - ERROR - Error rendering process text: invalid color argument
2025-05-30 15:29:59,743 - ERROR - Error rendering process text: invalid color argument
2025-05-30 15:29:59,747 - ERROR - Error rendering process text: invalid color argument
2025-05-30 15:29:59,784 - ERROR - Error rendering process text: invalid color argument
2025-05-30 15:29:59,786 - ERROR - Error rendering process text: invalid color argument
2025-05-30 15:29:59,790 - ERROR - Error rendering process text: invalid color argument
2025-05-30 15:29:59,793 - ERROR - Error rendering process text: invalid color argument
2025-05-30 15:29:59,797 - ERROR - Error rendering process text: invalid color argument
2025-05-30 15:29:59,835 - ERROR - Error rendering process text: invalid color argument
2025-05-30 15:29:59,837 - ERROR - Error rendering process text: invalid color argument
2025-05-30 15:29:59,841 - ERROR - Error rendering process text: invalid color argument
2025-05-30 15:29:59,844 - ERROR - Error rendering process text: invalid color argument
2025-05-30 15:29:59,848 - ERROR - Error rendering process text: invalid color argument
2025-05-30 15:29:59,886 - ERROR - Error rendering process text: invalid color argument
2025-05-30 15:29:59,887 - ERROR - Error rendering process text: invalid color argument
2025-05-30 15:29:59,891 - ERROR - Error rendering process text: invalid color argument
2025-05-30 15:29:59,894 - ERROR - Error rendering process text: invalid color argument
2025-05-30 15:29:59,898 - ERROR - Error rendering process text: invalid color argument
2025-05-30 15:29:59,935 - ERROR - Error rendering process text: invalid color argument
2025-05-30 15:29:59,937 - ERROR - Error rendering process text: invalid color argument
2025-05-30 15:29:59,940 - ERROR - Error rendering process text: invalid color argument
2025-05-30 15:29:59,944 - ERROR - Error rendering process text: invalid color argument
2025-05-30 15:29:59,948 - ERROR - Error rendering process text: invalid color argument
2025-05-30 15:29:59,992 - ERROR - Error rendering process text: invalid color argument
2025-05-30 15:29:59,994 - ERROR - Error rendering process text: invalid color argument
2025-05-30 15:29:59,998 - ERROR - Error rendering process text: invalid color argument
2025-05-30 15:30:00,001 - ERROR - Error rendering process text: invalid color argument
2025-05-30 15:30:00,007 - ERROR - Error rendering process text: invalid color argument
2025-05-30 15:30:00,045 - ERROR - Error rendering process text: invalid color argument
2025-05-30 15:30:00,047 - ERROR - Error rendering process text: invalid color argument
2025-05-30 15:30:00,053 - ERROR - Error rendering process text: invalid color argument
2025-05-30 15:30:00,057 - ERROR - Error rendering process text: invalid color argument
2025-05-30 15:30:00,060 - ERROR - Error rendering process text: invalid color argument
2025-05-30 15:30:00,088 - ERROR - Error rendering process text: invalid color argument
2025-05-30 15:30:00,092 - ERROR - Error rendering process text: invalid color argument
2025-05-30 15:30:00,095 - ERROR - Error rendering process text: invalid color argument
2025-05-30 15:30:00,098 - ERROR - Error rendering process text: invalid color argument
2025-05-30 15:30:00,102 - ERROR - Error rendering process text: invalid color argument
2025-05-30 15:30:00,141 - ERROR - Error rendering process text: invalid color argument
2025-05-30 15:30:00,143 - ERROR - Error rendering process text: invalid color argument
2025-05-30 15:30:00,147 - ERROR - Error rendering process text: invalid color argument
2025-05-30 15:30:00,150 - ERROR - Error rendering process text: invalid color argument
2025-05-30 15:30:00,156 - ERROR - Error rendering process text: invalid color argument
2025-05-30 15:30:00,192 - ERROR - Error rendering process text: invalid color argument
2025-05-30 15:30:00,194 - ERROR - Error rendering process text: invalid color argument
2025-05-30 15:30:00,199 - ERROR - Error rendering process text: invalid color argument
2025-05-30 15:30:00,202 - ERROR - Error rendering process text: invalid color argument
2025-05-30 15:30:00,208 - ERROR - Error rendering process text: invalid color argument
2025-05-30 15:30:00,245 - ERROR - Error rendering process text: invalid color argument
2025-05-30 15:30:00,248 - ERROR - Error rendering process text: invalid color argument
2025-05-30 15:30:00,252 - ERROR - Error rendering process text: invalid color argument
2025-05-30 15:30:00,255 - ERROR - Error rendering process text: invalid color argument
2025-05-30 15:30:00,261 - ERROR - Error rendering process text: invalid color argument
2025-05-30 15:30:00,294 - ERROR - Error rendering process text: invalid color argument
2025-05-30 15:30:00,296 - ERROR - Error rendering process text: invalid color argument
2025-05-30 15:30:00,300 - ERROR - Error rendering process text: invalid color argument
2025-05-30 15:30:00,303 - ERROR - Error rendering process text: invalid color argument
2025-05-30 15:30:00,308 - ERROR - Error rendering process text: invalid color argument
2025-05-30 15:30:00,343 - ERROR - Error rendering process text: invalid color argument
2025-05-30 15:30:00,345 - ERROR - Error rendering process text: invalid color argument
2025-05-30 15:30:00,349 - ERROR - Error rendering process text: invalid color argument
2025-05-30 15:30:00,351 - ERROR - Error rendering process text: invalid color argument
2025-05-30 15:30:00,356 - ERROR - Error rendering process text: invalid color argument
2025-05-30 15:30:00,392 - ERROR - Error rendering process text: invalid color argument
2025-05-30 15:30:00,394 - ERROR - Error rendering process text: invalid color argument
2025-05-30 15:30:00,398 - ERROR - Error rendering process text: invalid color argument
2025-05-30 15:30:00,401 - ERROR - Error rendering process text: invalid color argument
2025-05-30 15:30:00,406 - ERROR - Error rendering process text: invalid color argument
2025-05-30 15:30:00,442 - ERROR - Error rendering process text: invalid color argument
2025-05-30 15:30:00,444 - ERROR - Error rendering process text: invalid color argument
2025-05-30 15:30:00,451 - ERROR - Error rendering process text: invalid color argument
2025-05-30 15:30:00,456 - ERROR - Error rendering process text: invalid color argument
2025-05-30 15:30:00,462 - ERROR - Error rendering process text: invalid color argument
2025-05-30 15:30:01,448 - ERROR - Error rendering process text: invalid color argument
2025-05-30 15:30:01,504 - ERROR - Error rendering process text: invalid color argument
2025-05-30 15:30:01,569 - ERROR - Error rendering process text: invalid color argument
2025-05-30 15:30:01,655 - ERROR - Error rendering process text: invalid color argument
2025-05-30 15:30:01,760 - ERROR - Error rendering process text: invalid color argument
2025-05-30 15:30:03,027 - ERROR - Error rendering process text: invalid color argument
2025-05-30 15:30:03,082 - ERROR - Error rendering process text: invalid color argument
2025-05-30 15:30:03,164 - ERROR - Error rendering process text: invalid color argument
2025-05-30 15:30:03,232 - ERROR - Error rendering process text: invalid color argument
2025-05-30 15:30:03,356 - ERROR - Error rendering process text: invalid color argument
2025-05-30 15:30:03,396 - ERROR - Error rendering process text: invalid color argument
2025-05-30 15:30:03,396 - ERROR - Error rendering process text: invalid color argument
2025-05-30 15:30:03,397 - ERROR - Error rendering process text: invalid color argument
2025-05-30 15:30:03,398 - ERROR - Error rendering process text: invalid color argument
2025-05-30 15:30:03,400 - ERROR - Error rendering process text: invalid color argument
2025-05-30 15:30:03,443 - ERROR - Error rendering process text: invalid color argument
2025-05-30 15:30:03,444 - ERROR - Error rendering process text: invalid color argument
2025-05-30 15:30:03,446 - ERROR - Error rendering process text: invalid color argument
2025-05-30 15:30:03,447 - ERROR - Error rendering process text: invalid color argument
2025-05-30 15:30:03,451 - ERROR - Error rendering process text: invalid color argument
2025-05-30 15:30:03,497 - ERROR - Error rendering process text: invalid color argument
2025-05-30 15:30:03,499 - ERROR - Error rendering process text: invalid color argument
2025-05-30 15:30:03,503 - ERROR - Error rendering process text: invalid color argument
2025-05-30 15:30:03,505 - ERROR - Error rendering process text: invalid color argument
2025-05-30 15:30:03,509 - ERROR - Error rendering process text: invalid color argument
2025-05-30 15:30:03,548 - ERROR - Error rendering process text: invalid color argument
2025-05-30 15:30:03,550 - ERROR - Error rendering process text: invalid color argument
2025-05-30 15:30:03,553 - ERROR - Error rendering process text: invalid color argument
2025-05-30 15:30:03,556 - ERROR - Error rendering process text: invalid color argument
2025-05-30 15:30:03,561 - ERROR - Error rendering process text: invalid color argument
2025-05-30 15:30:03,599 - ERROR - Error rendering process text: invalid color argument
2025-05-30 15:30:03,600 - ERROR - Error rendering process text: invalid color argument
2025-05-30 15:30:03,603 - ERROR - Error rendering process text: invalid color argument
2025-05-30 15:30:03,606 - ERROR - Error rendering process text: invalid color argument
2025-05-30 15:30:03,610 - ERROR - Error rendering process text: invalid color argument
2025-05-30 15:30:03,649 - ERROR - Error rendering process text: invalid color argument
2025-05-30 15:30:03,650 - ERROR - Error rendering process text: invalid color argument
2025-05-30 15:30:03,654 - ERROR - Error rendering process text: invalid color argument
2025-05-30 15:30:03,657 - ERROR - Error rendering process text: invalid color argument
2025-05-30 15:30:03,661 - ERROR - Error rendering process text: invalid color argument
2025-05-30 15:30:03,700 - ERROR - Error rendering process text: invalid color argument
2025-05-30 15:30:03,700 - ERROR - Error rendering process text: invalid color argument
2025-05-30 15:30:03,704 - ERROR - Error rendering process text: invalid color argument
2025-05-30 15:30:03,707 - ERROR - Error rendering process text: invalid color argument
2025-05-30 15:30:03,711 - ERROR - Error rendering process text: invalid color argument
2025-05-30 15:30:03,749 - ERROR - Error rendering process text: invalid color argument
2025-05-30 15:30:03,751 - ERROR - Error rendering process text: invalid color argument
2025-05-30 15:30:03,754 - ERROR - Error rendering process text: invalid color argument
2025-05-30 15:30:03,757 - ERROR - Error rendering process text: invalid color argument
2025-05-30 15:30:03,760 - ERROR - Error rendering process text: invalid color argument
2025-05-30 15:30:03,800 - ERROR - Error rendering process text: invalid color argument
2025-05-30 15:30:03,802 - ERROR - Error rendering process text: invalid color argument
2025-05-30 15:30:03,805 - ERROR - Error rendering process text: invalid color argument
2025-05-30 15:30:03,809 - ERROR - Error rendering process text: invalid color argument
2025-05-30 15:30:03,812 - ERROR - Error rendering process text: invalid color argument
2025-05-30 15:30:03,848 - ERROR - Error rendering process text: invalid color argument
2025-05-30 15:30:03,850 - ERROR - Error rendering process text: invalid color argument
2025-05-30 15:30:03,854 - ERROR - Error rendering process text: invalid color argument
2025-05-30 15:30:03,856 - ERROR - Error rendering process text: invalid color argument
2025-05-30 15:30:03,860 - ERROR - Error rendering process text: invalid color argument
2025-05-30 15:30:03,898 - ERROR - Error rendering process text: invalid color argument
2025-05-30 15:30:03,900 - ERROR - Error rendering process text: invalid color argument
2025-05-30 15:30:03,903 - ERROR - Error rendering process text: invalid color argument
2025-05-30 15:30:03,906 - ERROR - Error rendering process text: invalid color argument
2025-05-30 15:30:03,909 - ERROR - Error rendering process text: invalid color argument
2025-05-30 15:30:03,951 - ERROR - Error rendering process text: invalid color argument
2025-05-30 15:30:03,954 - ERROR - Error rendering process text: invalid color argument
2025-05-30 15:30:03,957 - ERROR - Error rendering process text: invalid color argument
2025-05-30 15:30:03,960 - ERROR - Error rendering process text: invalid color argument
2025-05-30 15:30:03,964 - ERROR - Error rendering process text: invalid color argument
2025-05-30 15:30:04,002 - ERROR - Error rendering process text: invalid color argument
2025-05-30 15:30:04,003 - ERROR - Error rendering process text: invalid color argument
2025-05-30 15:30:04,006 - ERROR - Error rendering process text: invalid color argument
2025-05-30 15:30:04,009 - ERROR - Error rendering process text: invalid color argument
2025-05-30 15:30:04,014 - ERROR - Error rendering process text: invalid color argument
2025-05-30 15:30:04,054 - ERROR - Error rendering process text: invalid color argument
2025-05-30 15:30:04,055 - ERROR - Error rendering process text: invalid color argument
2025-05-30 15:30:04,058 - ERROR - Error rendering process text: invalid color argument
2025-05-30 15:30:04,061 - ERROR - Error rendering process text: invalid color argument
2025-05-30 15:30:04,065 - ERROR - Error rendering process text: invalid color argument
2025-05-30 15:30:04,101 - ERROR - Error rendering process text: invalid color argument
2025-05-30 15:30:04,103 - ERROR - Error rendering process text: invalid color argument
2025-05-30 15:30:04,107 - ERROR - Error rendering process text: invalid color argument
2025-05-30 15:30:04,110 - ERROR - Error rendering process text: invalid color argument
2025-05-30 15:30:04,114 - ERROR - Error rendering process text: invalid color argument
2025-05-30 15:30:04,152 - ERROR - Error rendering process text: invalid color argument
2025-05-30 15:30:04,154 - ERROR - Error rendering process text: invalid color argument
2025-05-30 15:30:04,157 - ERROR - Error rendering process text: invalid color argument
2025-05-30 15:30:04,159 - ERROR - Error rendering process text: invalid color argument
2025-05-30 15:30:04,164 - ERROR - Error rendering process text: invalid color argument
2025-05-30 15:30:04,203 - ERROR - Error rendering process text: invalid color argument
2025-05-30 15:30:04,204 - ERROR - Error rendering process text: invalid color argument
2025-05-30 15:30:04,207 - ERROR - Error rendering process text: invalid color argument
2025-05-30 15:30:04,211 - ERROR - Error rendering process text: invalid color argument
2025-05-30 15:30:04,215 - ERROR - Error rendering process text: invalid color argument
2025-05-30 15:30:04,253 - ERROR - Error rendering process text: invalid color argument
2025-05-30 15:30:04,254 - ERROR - Error rendering process text: invalid color argument
2025-05-30 15:30:04,258 - ERROR - Error rendering process text: invalid color argument
2025-05-30 15:30:04,260 - ERROR - Error rendering process text: invalid color argument
2025-05-30 15:30:04,266 - ERROR - Error rendering process text: invalid color argument
2025-05-30 15:30:04,304 - ERROR - Error rendering process text: invalid color argument
2025-05-30 15:30:04,305 - ERROR - Error rendering process text: invalid color argument
2025-05-30 15:30:04,308 - ERROR - Error rendering process text: invalid color argument
2025-05-30 15:30:04,312 - ERROR - Error rendering process text: invalid color argument
2025-05-30 15:30:04,316 - ERROR - Error rendering process text: invalid color argument
2025-05-30 15:30:04,353 - ERROR - Error rendering process text: invalid color argument
2025-05-30 15:30:04,355 - ERROR - Error rendering process text: invalid color argument
2025-05-30 15:30:04,358 - ERROR - Error rendering process text: invalid color argument
2025-05-30 15:30:04,362 - ERROR - Error rendering process text: invalid color argument
2025-05-30 15:30:04,366 - ERROR - Error rendering process text: invalid color argument
2025-05-30 15:30:04,402 - ERROR - Error rendering process text: invalid color argument
2025-05-30 15:30:04,404 - ERROR - Error rendering process text: invalid color argument
2025-05-30 15:30:04,408 - ERROR - Error rendering process text: invalid color argument
2025-05-30 15:30:04,413 - ERROR - Error rendering process text: invalid color argument
2025-05-30 15:30:04,416 - ERROR - Error rendering process text: invalid color argument
2025-05-30 15:30:04,453 - ERROR - Error rendering process text: invalid color argument
2025-05-30 15:30:04,454 - ERROR - Error rendering process text: invalid color argument
2025-05-30 15:30:04,457 - ERROR - Error rendering process text: invalid color argument
2025-05-30 15:30:04,460 - ERROR - Error rendering process text: invalid color argument
2025-05-30 15:30:04,464 - ERROR - Error rendering process text: invalid color argument
2025-05-30 15:30:04,504 - ERROR - Error rendering process text: invalid color argument
2025-05-30 15:30:04,506 - ERROR - Error rendering process text: invalid color argument
2025-05-30 15:30:04,511 - ERROR - Error rendering process text: invalid color argument
2025-05-30 15:30:04,514 - ERROR - Error rendering process text: invalid color argument
2025-05-30 15:30:04,520 - ERROR - Error rendering process text: invalid color argument
2025-05-30 15:30:04,555 - ERROR - Error rendering process text: invalid color argument
2025-05-30 15:30:04,556 - ERROR - Error rendering process text: invalid color argument
2025-05-30 15:30:04,560 - ERROR - Error rendering process text: invalid color argument
2025-05-30 15:30:04,564 - ERROR - Error rendering process text: invalid color argument
2025-05-30 15:30:04,570 - ERROR - Error rendering process text: invalid color argument
2025-05-30 15:30:04,605 - ERROR - Error rendering process text: invalid color argument
2025-05-30 15:30:04,606 - ERROR - Error rendering process text: invalid color argument
2025-05-30 15:30:04,611 - ERROR - Error rendering process text: invalid color argument
2025-05-30 15:30:04,614 - ERROR - Error rendering process text: invalid color argument
2025-05-30 15:30:04,618 - ERROR - Error rendering process text: invalid color argument
2025-05-30 15:30:04,655 - ERROR - Error rendering process text: invalid color argument
2025-05-30 15:30:04,657 - ERROR - Error rendering process text: invalid color argument
2025-05-30 15:30:04,661 - ERROR - Error rendering process text: invalid color argument
2025-05-30 15:30:04,664 - ERROR - Error rendering process text: invalid color argument
2025-05-30 15:30:04,668 - ERROR - Error rendering process text: invalid color argument
2025-05-30 15:30:04,706 - ERROR - Error rendering process text: invalid color argument
2025-05-30 15:30:04,708 - ERROR - Error rendering process text: invalid color argument
2025-05-30 15:30:04,711 - ERROR - Error rendering process text: invalid color argument
2025-05-30 15:30:04,715 - ERROR - Error rendering process text: invalid color argument
2025-05-30 15:30:04,719 - ERROR - Error rendering process text: invalid color argument
2025-05-30 15:30:04,759 - ERROR - Error rendering process text: invalid color argument
2025-05-30 15:30:04,761 - ERROR - Error rendering process text: invalid color argument
2025-05-30 15:30:04,765 - ERROR - Error rendering process text: invalid color argument
2025-05-30 15:30:04,768 - ERROR - Error rendering process text: invalid color argument
2025-05-30 15:30:04,772 - ERROR - Error rendering process text: invalid color argument
2025-05-30 15:30:04,808 - ERROR - Error rendering process text: invalid color argument
2025-05-30 15:30:04,810 - ERROR - Error rendering process text: invalid color argument
2025-05-30 15:30:04,814 - ERROR - Error rendering process text: invalid color argument
2025-05-30 15:30:04,817 - ERROR - Error rendering process text: invalid color argument
2025-05-30 15:30:04,821 - ERROR - Error rendering process text: invalid color argument
2025-05-30 15:30:04,857 - ERROR - Error rendering process text: invalid color argument
2025-05-30 15:30:04,859 - ERROR - Error rendering process text: invalid color argument
2025-05-30 15:30:04,864 - ERROR - Error rendering process text: invalid color argument
2025-05-30 15:30:04,867 - ERROR - Error rendering process text: invalid color argument
2025-05-30 15:30:04,871 - ERROR - Error rendering process text: invalid color argument
2025-05-30 15:30:04,909 - ERROR - Error rendering process text: invalid color argument
2025-05-30 15:30:04,910 - ERROR - Error rendering process text: invalid color argument
2025-05-30 15:30:04,915 - ERROR - Error rendering process text: invalid color argument
2025-05-30 15:30:04,919 - ERROR - Error rendering process text: invalid color argument
2025-05-30 15:30:04,923 - ERROR - Error rendering process text: invalid color argument
2025-05-30 15:30:04,959 - ERROR - Error rendering process text: invalid color argument
2025-05-30 15:30:04,961 - ERROR - Error rendering process text: invalid color argument
2025-05-30 15:30:04,965 - ERROR - Error rendering process text: invalid color argument
2025-05-30 15:30:04,969 - ERROR - Error rendering process text: invalid color argument
2025-05-30 15:30:04,973 - ERROR - Error rendering process text: invalid color argument
2025-05-30 15:30:05,010 - ERROR - Error rendering process text: invalid color argument
2025-05-30 15:30:05,012 - ERROR - Error rendering process text: invalid color argument
2025-05-30 15:30:05,018 - ERROR - Error rendering process text: invalid color argument
2025-05-30 15:30:05,022 - ERROR - Error rendering process text: invalid color argument
2025-05-30 15:30:05,028 - ERROR - Error rendering process text: invalid color argument
2025-05-30 15:30:05,061 - ERROR - Error rendering process text: invalid color argument
2025-05-30 15:30:05,064 - ERROR - Error rendering process text: invalid color argument
2025-05-30 15:30:05,067 - ERROR - Error rendering process text: invalid color argument
2025-05-30 15:30:05,070 - ERROR - Error rendering process text: invalid color argument
2025-05-30 15:30:05,074 - ERROR - Error rendering process text: invalid color argument
2025-05-30 15:30:05,113 - ERROR - Error rendering process text: invalid color argument
2025-05-30 15:30:05,115 - ERROR - Error rendering process text: invalid color argument
2025-05-30 15:30:05,119 - ERROR - Error rendering process text: invalid color argument
2025-05-30 15:30:05,121 - ERROR - Error rendering process text: invalid color argument
2025-05-30 15:30:05,126 - ERROR - Error rendering process text: invalid color argument
2025-05-30 15:30:05,162 - ERROR - Error rendering process text: invalid color argument
2025-05-30 15:30:05,164 - ERROR - Error rendering process text: invalid color argument
2025-05-30 15:30:05,168 - ERROR - Error rendering process text: invalid color argument
2025-05-30 15:30:05,171 - ERROR - Error rendering process text: invalid color argument
2025-05-30 15:30:05,176 - ERROR - Error rendering process text: invalid color argument
2025-05-30 15:30:05,214 - ERROR - Error rendering process text: invalid color argument
2025-05-30 15:30:05,215 - ERROR - Error rendering process text: invalid color argument
2025-05-30 15:30:05,219 - ERROR - Error rendering process text: invalid color argument
2025-05-30 15:30:05,222 - ERROR - Error rendering process text: invalid color argument
2025-05-30 15:30:05,226 - ERROR - Error rendering process text: invalid color argument
2025-05-30 15:30:05,264 - ERROR - Error rendering process text: invalid color argument
2025-05-30 15:30:05,266 - ERROR - Error rendering process text: invalid color argument
2025-05-30 15:30:05,269 - ERROR - Error rendering process text: invalid color argument
2025-05-30 15:30:05,272 - ERROR - Error rendering process text: invalid color argument
2025-05-30 15:30:05,277 - ERROR - Error rendering process text: invalid color argument
2025-05-30 15:30:05,315 - ERROR - Error rendering process text: invalid color argument
2025-05-30 15:30:05,317 - ERROR - Error rendering process text: invalid color argument
2025-05-30 15:30:05,321 - ERROR - Error rendering process text: invalid color argument
2025-05-30 15:30:05,324 - ERROR - Error rendering process text: invalid color argument
2025-05-30 15:30:05,330 - ERROR - Error rendering process text: invalid color argument
2025-05-30 15:30:05,361 - ERROR - Error rendering process text: invalid color argument
2025-05-30 15:30:05,363 - ERROR - Error rendering process text: invalid color argument
2025-05-30 15:30:05,366 - ERROR - Error rendering process text: invalid color argument
2025-05-30 15:30:05,368 - ERROR - Error rendering process text: invalid color argument
2025-05-30 15:30:05,370 - ERROR - Error rendering process text: invalid color argument
2025-05-30 15:30:06,348 - ERROR - Error rendering process text: invalid color argument
2025-05-30 15:30:06,393 - ERROR - Error rendering process text: invalid color argument
2025-05-30 15:30:06,449 - ERROR - Error rendering process text: invalid color argument
2025-05-30 15:30:06,524 - ERROR - Error rendering process text: invalid color argument
2025-05-30 15:30:06,624 - ERROR - Error rendering process text: invalid color argument
2025-05-30 15:30:07,438 - ERROR - Error rendering process text: invalid color argument
2025-05-30 15:30:07,489 - ERROR - Error rendering process text: invalid color argument
2025-05-30 15:30:07,555 - ERROR - Error rendering process text: invalid color argument
2025-05-30 15:30:07,636 - ERROR - Error rendering process text: invalid color argument
2025-05-30 15:30:07,767 - ERROR - Error rendering process text: invalid color argument
2025-05-30 15:30:08,228 - ERROR - Error rendering process text: invalid color argument
2025-05-30 15:30:08,229 - ERROR - Error rendering process text: invalid color argument
2025-05-30 15:30:08,231 - ERROR - Error rendering process text: invalid color argument
2025-05-30 15:30:08,234 - ERROR - Error rendering process text: invalid color argument
2025-05-30 15:30:08,236 - ERROR - Error rendering process text: invalid color argument
2025-05-30 15:30:08,250 - ERROR - Error rendering process text: invalid color argument
2025-05-30 15:30:08,251 - ERROR - Error rendering process text: invalid color argument
2025-05-30 15:30:08,252 - ERROR - Error rendering process text: invalid color argument
2025-05-30 15:30:08,255 - ERROR - Error rendering process text: invalid color argument
2025-05-30 15:30:08,256 - ERROR - Error rendering process text: invalid color argument
2025-05-30 15:30:08,257 - ERROR - Error rendering process text: invalid color argument
2025-05-30 15:30:08,298 - ERROR - Error rendering process text: invalid color argument
2025-05-30 15:30:08,300 - ERROR - Error rendering process text: invalid color argument
2025-05-30 15:30:08,300 - ERROR - Error rendering process text: invalid color argument
2025-05-30 15:30:08,302 - ERROR - Error rendering process text: invalid color argument
2025-05-30 15:30:08,305 - ERROR - Error rendering process text: invalid color argument
2025-05-30 15:30:08,307 - ERROR - Error rendering process text: invalid color argument
2025-05-30 15:30:08,360 - ERROR - Error rendering process text: invalid color argument
2025-05-30 15:30:08,362 - ERROR - Error rendering process text: invalid color argument
2025-05-30 15:30:08,369 - ERROR - Error rendering process text: invalid color argument
2025-05-30 15:30:08,375 - ERROR - Error rendering process text: invalid color argument
2025-05-30 15:30:08,377 - ERROR - Error rendering process text: invalid color argument
2025-05-30 15:30:08,385 - ERROR - Error rendering process text: invalid color argument
2025-05-30 15:30:08,436 - ERROR - Error rendering process text: invalid color argument
2025-05-30 15:30:08,439 - ERROR - Error rendering process text: invalid color argument
2025-05-30 15:30:08,449 - ERROR - Error rendering process text: invalid color argument
2025-05-30 15:30:08,457 - ERROR - Error rendering process text: invalid color argument
2025-05-30 15:30:08,459 - ERROR - Error rendering process text: invalid color argument
2025-05-30 15:30:08,464 - ERROR - Error rendering process text: invalid color argument
2025-05-30 15:30:08,494 - ERROR - Error rendering process text: invalid color argument
2025-05-30 15:30:08,496 - ERROR - Error rendering process text: invalid color argument
2025-05-30 15:30:08,502 - ERROR - Error rendering process text: invalid color argument
2025-05-30 15:30:08,505 - ERROR - Error rendering process text: invalid color argument
2025-05-30 15:30:08,507 - ERROR - Error rendering process text: invalid color argument
2025-05-30 15:30:08,512 - ERROR - Error rendering process text: invalid color argument
2025-05-30 15:30:08,543 - ERROR - Error rendering process text: invalid color argument
2025-05-30 15:30:08,545 - ERROR - Error rendering process text: invalid color argument
2025-05-30 15:30:08,549 - ERROR - Error rendering process text: invalid color argument
2025-05-30 15:30:08,553 - ERROR - Error rendering process text: invalid color argument
2025-05-30 15:30:08,556 - ERROR - Error rendering process text: invalid color argument
2025-05-30 15:30:08,562 - ERROR - Error rendering process text: invalid color argument
2025-05-30 15:30:08,590 - ERROR - Error rendering process text: invalid color argument
2025-05-30 15:30:08,591 - ERROR - Error rendering process text: invalid color argument
2025-05-30 15:30:08,593 - ERROR - Error rendering process text: invalid color argument
2025-05-30 15:30:08,598 - ERROR - Error rendering process text: invalid color argument
2025-05-30 15:30:08,600 - ERROR - Error rendering process text: invalid color argument
2025-05-30 15:30:08,602 - ERROR - Error rendering process text: invalid color argument
2025-05-30 15:30:08,638 - ERROR - Error rendering process text: invalid color argument
2025-05-30 15:30:08,639 - ERROR - Error rendering process text: invalid color argument
2025-05-30 15:30:08,641 - ERROR - Error rendering process text: invalid color argument
2025-05-30 15:30:08,643 - ERROR - Error rendering process text: invalid color argument
2025-05-30 15:30:08,645 - ERROR - Error rendering process text: invalid color argument
2025-05-30 15:30:08,647 - ERROR - Error rendering process text: invalid color argument
2025-05-30 15:30:08,688 - ERROR - Error rendering process text: invalid color argument
2025-05-30 15:30:08,689 - ERROR - Error rendering process text: invalid color argument
2025-05-30 15:30:08,691 - ERROR - Error rendering process text: invalid color argument
2025-05-30 15:30:08,693 - ERROR - Error rendering process text: invalid color argument
2025-05-30 15:30:08,695 - ERROR - Error rendering process text: invalid color argument
2025-05-30 15:30:08,699 - ERROR - Error rendering process text: invalid color argument
2025-05-30 15:30:08,748 - ERROR - Error rendering process text: invalid color argument
2025-05-30 15:30:08,751 - ERROR - Error rendering process text: invalid color argument
2025-05-30 15:30:08,755 - ERROR - Error rendering process text: invalid color argument
2025-05-30 15:30:08,759 - ERROR - Error rendering process text: invalid color argument
2025-05-30 15:30:08,762 - ERROR - Error rendering process text: invalid color argument
2025-05-30 15:30:08,769 - ERROR - Error rendering process text: invalid color argument
2025-05-30 15:30:08,800 - ERROR - Error rendering process text: invalid color argument
2025-05-30 15:30:08,801 - ERROR - Error rendering process text: invalid color argument
2025-05-30 15:30:08,805 - ERROR - Error rendering process text: invalid color argument
2025-05-30 15:30:08,810 - ERROR - Error rendering process text: invalid color argument
2025-05-30 15:30:08,813 - ERROR - Error rendering process text: invalid color argument
2025-05-30 15:30:08,818 - ERROR - Error rendering process text: invalid color argument
2025-05-30 15:30:08,850 - ERROR - Error rendering process text: invalid color argument
2025-05-30 15:30:08,851 - ERROR - Error rendering process text: invalid color argument
2025-05-30 15:30:08,855 - ERROR - Error rendering process text: invalid color argument
2025-05-30 15:30:08,858 - ERROR - Error rendering process text: invalid color argument
2025-05-30 15:30:08,861 - ERROR - Error rendering process text: invalid color argument
2025-05-30 15:30:08,867 - ERROR - Error rendering process text: invalid color argument
2025-05-30 15:30:08,908 - ERROR - Error rendering process text: invalid color argument
2025-05-30 15:30:08,912 - ERROR - Error rendering process text: invalid color argument
2025-05-30 15:30:08,916 - ERROR - Error rendering process text: invalid color argument
2025-05-30 15:30:08,919 - ERROR - Error rendering process text: invalid color argument
2025-05-30 15:30:08,921 - ERROR - Error rendering process text: invalid color argument
2025-05-30 15:30:08,925 - ERROR - Error rendering process text: invalid color argument
2025-05-30 15:30:08,963 - ERROR - Error rendering process text: invalid color argument
2025-05-30 15:30:08,966 - ERROR - Error rendering process text: invalid color argument
2025-05-30 15:30:08,972 - ERROR - Error rendering process text: invalid color argument
2025-05-30 15:30:08,975 - ERROR - Error rendering process text: invalid color argument
2025-05-30 15:30:08,977 - ERROR - Error rendering process text: invalid color argument
2025-05-30 15:30:08,987 - ERROR - Error rendering process text: invalid color argument
2025-05-30 15:30:09,032 - ERROR - Error rendering process text: invalid color argument
2025-05-30 15:30:09,072 - ERROR - Error rendering process text: invalid color argument
2025-05-30 15:30:09,083 - ERROR - Error rendering process text: invalid color argument
2025-05-30 15:30:09,111 - ERROR - Error rendering process text: invalid color argument
2025-05-30 15:30:09,117 - ERROR - Error rendering process text: invalid color argument
2025-05-30 15:30:09,152 - ERROR - Error rendering process text: invalid color argument
2025-05-30 15:30:09,201 - ERROR - Error rendering process text: invalid color argument
2025-05-30 15:30:09,210 - ERROR - Error rendering process text: invalid color argument
2025-05-30 15:30:09,227 - ERROR - Error rendering process text: invalid color argument
2025-05-30 15:30:09,239 - ERROR - Error rendering process text: invalid color argument
2025-05-30 15:30:09,241 - ERROR - Error rendering process text: invalid color argument
2025-05-30 15:30:09,259 - ERROR - Error rendering process text: invalid color argument
2025-05-30 15:30:09,294 - ERROR - Error rendering process text: invalid color argument
2025-05-30 15:30:09,297 - ERROR - Error rendering process text: invalid color argument
2025-05-30 15:30:09,302 - ERROR - Error rendering process text: invalid color argument
2025-05-30 15:30:09,304 - ERROR - Error rendering process text: invalid color argument
2025-05-30 15:30:09,306 - ERROR - Error rendering process text: invalid color argument
2025-05-30 15:30:09,309 - ERROR - Error rendering process text: invalid color argument
2025-05-30 15:30:09,346 - ERROR - Error rendering process text: invalid color argument
2025-05-30 15:30:09,359 - ERROR - Error rendering process text: invalid color argument
2025-05-30 15:30:09,361 - ERROR - Error rendering process text: invalid color argument
2025-05-30 15:30:09,365 - ERROR - Error rendering process text: invalid color argument
2025-05-30 15:30:09,366 - ERROR - Error rendering process text: invalid color argument
2025-05-30 15:30:09,369 - ERROR - Error rendering process text: invalid color argument
2025-05-30 15:30:09,393 - ERROR - Error rendering process text: invalid color argument
2025-05-30 15:30:09,394 - ERROR - Error rendering process text: invalid color argument
2025-05-30 15:30:09,395 - ERROR - Error rendering process text: invalid color argument
2025-05-30 15:30:09,400 - ERROR - Error rendering process text: invalid color argument
2025-05-30 15:30:09,401 - ERROR - Error rendering process text: invalid color argument
2025-05-30 15:30:09,403 - ERROR - Error rendering process text: invalid color argument
2025-05-30 15:30:09,446 - ERROR - Error rendering process text: invalid color argument
2025-05-30 15:30:09,446 - ERROR - Error rendering process text: invalid color argument
2025-05-30 15:30:09,451 - ERROR - Error rendering process text: invalid color argument
2025-05-30 15:30:09,453 - ERROR - Error rendering process text: invalid color argument
2025-05-30 15:30:09,454 - ERROR - Error rendering process text: invalid color argument
2025-05-30 15:30:09,467 - ERROR - Error rendering process text: invalid color argument
2025-05-30 15:30:09,498 - ERROR - Error rendering process text: invalid color argument
2025-05-30 15:30:09,500 - ERROR - Error rendering process text: invalid color argument
2025-05-30 15:30:09,502 - ERROR - Error rendering process text: invalid color argument
2025-05-30 15:30:09,505 - ERROR - Error rendering process text: invalid color argument
2025-05-30 15:30:09,507 - ERROR - Error rendering process text: invalid color argument
2025-05-30 15:30:09,508 - ERROR - Error rendering process text: invalid color argument
2025-05-30 15:30:09,550 - ERROR - Error rendering process text: invalid color argument
2025-05-30 15:30:09,551 - ERROR - Error rendering process text: invalid color argument
2025-05-30 15:30:09,554 - ERROR - Error rendering process text: invalid color argument
2025-05-30 15:30:09,558 - ERROR - Error rendering process text: invalid color argument
2025-05-30 15:30:09,560 - ERROR - Error rendering process text: invalid color argument
2025-05-30 15:30:09,563 - ERROR - Error rendering process text: invalid color argument
2025-05-30 15:30:09,601 - ERROR - Error rendering process text: invalid color argument
2025-05-30 15:30:09,602 - ERROR - Error rendering process text: invalid color argument
2025-05-30 15:30:09,604 - ERROR - Error rendering process text: invalid color argument
2025-05-30 15:30:09,608 - ERROR - Error rendering process text: invalid color argument
2025-05-30 15:30:09,609 - ERROR - Error rendering process text: invalid color argument
2025-05-30 15:30:09,611 - ERROR - Error rendering process text: invalid color argument
2025-05-30 15:30:09,650 - ERROR - Error rendering process text: invalid color argument
2025-05-30 15:30:09,651 - ERROR - Error rendering process text: invalid color argument
2025-05-30 15:30:09,654 - ERROR - Error rendering process text: invalid color argument
2025-05-30 15:30:09,657 - ERROR - Error rendering process text: invalid color argument
2025-05-30 15:30:09,659 - ERROR - Error rendering process text: invalid color argument
2025-05-30 15:30:09,662 - ERROR - Error rendering process text: invalid color argument
2025-05-30 15:30:09,699 - ERROR - Error rendering process text: invalid color argument
2025-05-30 15:30:09,700 - ERROR - Error rendering process text: invalid color argument
2025-05-30 15:30:09,702 - ERROR - Error rendering process text: invalid color argument
2025-05-30 15:30:09,706 - ERROR - Error rendering process text: invalid color argument
2025-05-30 15:30:09,707 - ERROR - Error rendering process text: invalid color argument
2025-05-30 15:30:09,711 - ERROR - Error rendering process text: invalid color argument
2025-05-30 15:30:09,749 - ERROR - Error rendering process text: invalid color argument
2025-05-30 15:30:09,751 - ERROR - Error rendering process text: invalid color argument
2025-05-30 15:30:09,753 - ERROR - Error rendering process text: invalid color argument
2025-05-30 15:30:09,757 - ERROR - Error rendering process text: invalid color argument
2025-05-30 15:30:09,757 - ERROR - Error rendering process text: invalid color argument
2025-05-30 15:30:09,759 - ERROR - Error rendering process text: invalid color argument
2025-05-30 15:30:09,806 - ERROR - Error rendering process text: invalid color argument
2025-05-30 15:30:09,808 - ERROR - Error rendering process text: invalid color argument
2025-05-30 15:30:09,809 - ERROR - Error rendering process text: invalid color argument
2025-05-30 15:30:09,813 - ERROR - Error rendering process text: invalid color argument
2025-05-30 15:30:09,815 - ERROR - Error rendering process text: invalid color argument
2025-05-30 15:30:09,818 - ERROR - Error rendering process text: invalid color argument
2025-05-30 15:30:09,856 - ERROR - Error rendering process text: invalid color argument
2025-05-30 15:30:09,857 - ERROR - Error rendering process text: invalid color argument
2025-05-30 15:30:09,859 - ERROR - Error rendering process text: invalid color argument
2025-05-30 15:30:09,862 - ERROR - Error rendering process text: invalid color argument
2025-05-30 15:30:09,863 - ERROR - Error rendering process text: invalid color argument
2025-05-30 15:30:09,868 - ERROR - Error rendering process text: invalid color argument
2025-05-30 15:30:09,903 - ERROR - Error rendering process text: invalid color argument
2025-05-30 15:30:09,904 - ERROR - Error rendering process text: invalid color argument
2025-05-30 15:30:09,906 - ERROR - Error rendering process text: invalid color argument
2025-05-30 15:30:09,910 - ERROR - Error rendering process text: invalid color argument
2025-05-30 15:30:09,911 - ERROR - Error rendering process text: invalid color argument
2025-05-30 15:30:09,913 - ERROR - Error rendering process text: invalid color argument
2025-05-30 15:30:09,954 - ERROR - Error rendering process text: invalid color argument
2025-05-30 15:30:09,956 - ERROR - Error rendering process text: invalid color argument
2025-05-30 15:30:09,958 - ERROR - Error rendering process text: invalid color argument
2025-05-30 15:30:09,962 - ERROR - Error rendering process text: invalid color argument
2025-05-30 15:30:09,963 - ERROR - Error rendering process text: invalid color argument
2025-05-30 15:30:09,967 - ERROR - Error rendering process text: invalid color argument
2025-05-30 15:30:10,004 - ERROR - Error rendering process text: invalid color argument
2025-05-30 15:30:10,005 - ERROR - Error rendering process text: invalid color argument
2025-05-30 15:30:10,007 - ERROR - Error rendering process text: invalid color argument
2025-05-30 15:30:10,011 - ERROR - Error rendering process text: invalid color argument
2025-05-30 15:30:10,012 - ERROR - Error rendering process text: invalid color argument
2025-05-30 15:30:10,014 - ERROR - Error rendering process text: invalid color argument
2025-05-30 15:30:10,051 - ERROR - Error rendering process text: invalid color argument
2025-05-30 15:30:10,053 - ERROR - Error rendering process text: invalid color argument
2025-05-30 15:30:10,058 - ERROR - Error rendering process text: invalid color argument
2025-05-30 15:30:10,059 - ERROR - Error rendering process text: invalid color argument
2025-05-30 15:30:10,061 - ERROR - Error rendering process text: invalid color argument
2025-05-30 15:30:10,063 - ERROR - Error rendering process text: invalid color argument
2025-05-30 15:30:10,102 - ERROR - Error rendering process text: invalid color argument
2025-05-30 15:30:10,103 - ERROR - Error rendering process text: invalid color argument
2025-05-30 15:30:10,108 - ERROR - Error rendering process text: invalid color argument
2025-05-30 15:30:10,110 - ERROR - Error rendering process text: invalid color argument
2025-05-30 15:30:10,111 - ERROR - Error rendering process text: invalid color argument
2025-05-30 15:30:10,114 - ERROR - Error rendering process text: invalid color argument
2025-05-30 15:30:10,153 - ERROR - Error rendering process text: invalid color argument
2025-05-30 15:30:10,154 - ERROR - Error rendering process text: invalid color argument
2025-05-30 15:30:10,156 - ERROR - Error rendering process text: invalid color argument
2025-05-30 15:30:10,160 - ERROR - Error rendering process text: invalid color argument
2025-05-30 15:30:10,161 - ERROR - Error rendering process text: invalid color argument
2025-05-30 15:30:10,164 - ERROR - Error rendering process text: invalid color argument
2025-05-30 15:30:10,204 - ERROR - Error rendering process text: invalid color argument
2025-05-30 15:30:10,204 - ERROR - Error rendering process text: invalid color argument
2025-05-30 15:30:10,207 - ERROR - Error rendering process text: invalid color argument
2025-05-30 15:30:10,211 - ERROR - Error rendering process text: invalid color argument
2025-05-30 15:30:10,212 - ERROR - Error rendering process text: invalid color argument
2025-05-30 15:30:10,215 - ERROR - Error rendering process text: invalid color argument
2025-05-30 15:30:10,254 - ERROR - Error rendering process text: invalid color argument
2025-05-30 15:30:10,255 - ERROR - Error rendering process text: invalid color argument
2025-05-30 15:30:10,257 - ERROR - Error rendering process text: invalid color argument
2025-05-30 15:30:10,258 - ERROR - Error rendering process text: invalid color argument
2025-05-30 15:30:10,261 - ERROR - Error rendering process text: invalid color argument
2025-05-30 15:30:10,263 - ERROR - Error rendering process text: invalid color argument
2025-05-30 15:30:10,304 - ERROR - Error rendering process text: invalid color argument
2025-05-30 15:30:10,312 - ERROR - Error rendering process text: invalid color argument
2025-05-30 15:30:10,389 - ERROR - Error rendering process text: invalid color argument
2025-05-30 15:30:10,452 - ERROR - Error rendering process text: invalid color argument
2025-05-30 15:30:10,488 - ERROR - Error rendering process text: invalid color argument
2025-05-30 15:30:10,568 - ERROR - Error rendering process text: invalid color argument
2025-05-30 15:30:10,719 - INFO - Received quit signal
2025-05-30 15:30:11,780 - ERROR - Error rendering process text: invalid color argument
2025-05-30 15:30:11,834 - ERROR - Error rendering process text: invalid color argument
2025-05-30 15:30:11,919 - ERROR - Error rendering process text: invalid color argument
2025-05-30 15:30:12,057 - ERROR - Error rendering process text: invalid color argument
2025-05-30 15:30:12,159 - ERROR - Error rendering process text: invalid color argument
2025-05-30 15:30:12,290 - ERROR - Error rendering process text: invalid color argument
